timestamp,open,high,low,close,volume
2020-01-02 06:00:00+00:00,203.69,204.71,199.98,200.27,4672.0
2020-01-02 10:00:00+00:00,200.3,201.77,199.61,200.49,4118.0
2020-01-02 14:00:00+00:00,200.51,203.14,200.51,201.58,3383.0
2020-01-02 18:00:00+00:00,201.57,203.52,200.61,201.95,3611.0
2020-01-02 22:00:00+00:00,201.96,202.58,195.14,195.38,7780.0
2020-01-03 02:00:00+00:00,195.55,196.27,192.39,194.96,4439.0
2020-01-03 06:00:00+00:00,195.0,195.43,191.41,195.05,4880.0
2020-01-03 10:00:00+00:00,195.04,207.62,195.04,205.55,9499.0
2020-01-03 14:00:00+00:00,205.57,214.92,205.25,213.35,8114.0
2020-01-03 18:00:00+00:00,213.41,219.02,212.03,216.24,6577.0
2020-01-03 22:00:00+00:00,216.26,225.68,215.52,220.67,8263.0
2020-01-04 02:00:00+00:00,220.83,221.62,218.73,221.02,856.0
2020-01-06 02:00:00+00:00,222.39,223.45,221.55,222.71,3165.0
2020-01-06 06:00:00+00:00,222.65,239.56,221.95,237.29,28518.0
2020-01-06 10:00:00+00:00,237.3,238.02,235.31,235.36,4416.0
2020-01-06 14:00:00+00:00,235.35,238.01,234.11,235.31,12772.0
2020-01-06 18:00:00+00:00,235.29,238.61,231.73,234.04,15210.0
2020-01-06 22:00:00+00:00,234.02,236.38,232.54,235.62,8380.0
2020-01-07 02:00:00+00:00,235.6,245.72,235.3,244.43,9838.0
2020-01-07 06:00:00+00:00,244.52,247.02,241.31,242.48,22779.0
2020-01-07 10:00:00+00:00,242.58,242.9,239.7,241.27,8600.0
2020-01-07 14:00:00+00:00,241.34,243.72,239.96,240.89,17081.0
2020-01-07 18:00:00+00:00,241.03,241.79,232.24,233.4,21908.0
2020-01-07 22:00:00+00:00,233.42,245.67,232.03,242.07,31437.0
2020-01-08 02:00:00+00:00,242.02,245.94,240.89,242.67,17313.0
2020-01-08 06:00:00+00:00,242.59,257.63,240.08,243.18,37638.0
2020-01-08 10:00:00+00:00,243.23,247.11,242.33,243.46,20420.0
2020-01-08 14:00:00+00:00,243.48,245.71,242.36,243.48,14733.0
2020-01-08 18:00:00+00:00,243.49,245.15,234.51,238.82,23837.0
2020-01-08 22:00:00+00:00,238.83,240.45,229.35,234.11,32669.0
2020-01-09 02:00:00+00:00,234.13,242.04,232.89,239.92,18550.0
2020-01-09 06:00:00+00:00,239.88,243.85,237.09,238.14,21376.0
2020-01-09 10:00:00+00:00,238.08,239.79,237.0,238.21,13205.0
2020-01-09 14:00:00+00:00,238.04,239.16,233.39,235.86,21070.0
2020-01-09 18:00:00+00:00,235.76,237.26,234.52,235.63,11352.0
2020-01-09 22:00:00+00:00,235.69,236.69,231.01,235.23,22039.0
2020-01-10 02:00:00+00:00,235.32,239.93,233.67,237.79,18043.0
2020-01-10 06:00:00+00:00,237.8,240.32,235.4,236.72,11036.0
2020-01-10 10:00:00+00:00,236.7,236.7,233.42,235.97,13627.0
2020-01-10 14:00:00+00:00,235.95,244.63,230.76,242.58,24837.0
2020-01-10 18:00:00+00:00,242.57,263.14,241.5,261.09,42193.0
2020-01-10 22:00:00+00:00,261.21,268.04,254.86,257.2,30884.0
2020-01-11 02:00:00+00:00,257.18,260.15,256.3,257.49,3181.0
2020-01-13 02:00:00+00:00,265.75,271.46,265.66,270.82,3672.0
2020-01-13 06:00:00+00:00,270.76,272.91,261.57,262.62,13530.0
2020-01-13 10:00:00+00:00,262.75,264.16,260.3,263.47,5944.0
2020-01-13 14:00:00+00:00,263.44,268.5,261.92,263.75,10586.0
2020-01-13 18:00:00+00:00,263.95,264.76,260.98,262.4,4465.0
2020-01-13 22:00:00+00:00,262.41,267.79,261.62,265.39,1888.0
2020-01-14 02:00:00+00:00,265.35,268.84,265.01,267.11,979.0
2020-01-14 06:00:00+00:00,267.13,287.12,267.13,285.04,6340.0
2020-01-14 10:00:00+00:00,285.09,288.05,280.04,282.26,3429.0
2020-01-14 14:00:00+00:00,282.24,288.7,281.67,285.35,3095.0
2020-01-14 18:00:00+00:00,285.34,367.97,283.96,340.5,20045.0
2020-01-14 22:00:00+00:00,339.92,341.41,312.64,330.33,17189.0
2020-01-15 02:00:00+00:00,330.28,367.45,321.08,349.01,11341.0
2020-01-15 06:00:00+00:00,348.94,361.95,333.08,339.19,14658.0
2020-01-15 10:00:00+00:00,339.17,341.53,312.71,325.53,11914.0
2020-01-15 14:00:00+00:00,325.51,347.48,323.34,333.57,8795.0
2020-01-15 18:00:00+00:00,333.64,351.89,325.17,325.17,9981.0
2020-01-15 22:00:00+00:00,325.15,337.13,318.75,329.8,9122.0
2020-01-16 02:00:00+00:00,329.74,344.45,329.05,339.49,6377.0
2020-01-16 06:00:00+00:00,339.61,341.95,309.34,316.78,12461.0
2020-01-16 10:00:00+00:00,316.6,325.28,313.98,318.58,5858.0
2020-01-16 14:00:00+00:00,318.64,327.32,312.86,327.1,8993.0
2020-01-16 18:00:00+00:00,327.08,332.47,314.79,323.37,10882.0
2020-01-16 22:00:00+00:00,323.39,331.08,316.37,325.69,12417.0
2020-01-17 02:00:00+00:00,325.75,332.69,324.01,326.54,4877.0
2020-01-17 06:00:00+00:00,326.53,343.01,319.19,336.4,10537.0
2020-01-17 10:00:00+00:00,336.48,352.16,333.19,344.76,15426.0
2020-01-17 14:00:00+00:00,344.74,349.99,340.86,344.45,9131.0
2020-01-17 18:00:00+00:00,344.47,345.6,332.65,345.17,5228.0
2020-01-17 22:00:00+00:00,345.1,383.06,342.51,366.26,9840.0
2020-01-18 02:00:00+00:00,366.51,375.14,363.72,366.63,2340.0
2020-01-20 02:00:00+00:00,333.62,340.83,332.68,339.26,2516.0
2020-01-20 06:00:00+00:00,339.45,342.6,330.15,333.62,5980.0
2020-01-20 10:00:00+00:00,333.81,335.68,329.32,332.01,3318.0
2020-01-20 14:00:00+00:00,332.06,333.3,326.05,327.35,3948.0
2020-01-20 18:00:00+00:00,327.37,346.76,322.15,345.43,14275.0
2020-01-20 22:00:00+00:00,345.45,348.47,340.82,344.62,8244.0
2020-01-21 02:00:00+00:00,344.64,351.54,341.96,342.66,3579.0
2020-01-21 06:00:00+00:00,342.65,347.24,338.38,345.39,6279.0
2020-01-21 10:00:00+00:00,345.55,347.24,340.34,340.96,4648.0
2020-01-21 14:00:00+00:00,340.94,346.24,339.1,343.96,5392.0
2020-01-21 18:00:00+00:00,343.89,345.68,339.9,340.57,4418.0
2020-01-21 22:00:00+00:00,340.55,342.29,331.96,333.66,6663.0
2020-01-22 02:00:00+00:00,333.68,344.97,333.57,342.89,6616.0
2020-01-22 06:00:00+00:00,342.87,344.37,338.38,339.78,4260.0
2020-01-22 10:00:00+00:00,339.79,353.66,339.59,349.18,6956.0
2020-01-22 14:00:00+00:00,349.16,349.41,343.21,345.32,6704.0
2020-01-22 18:00:00+00:00,345.25,346.34,339.65,341.84,5137.0
2020-01-22 22:00:00+00:00,341.82,347.72,340.16,344.21,5106.0
2020-01-23 02:00:00+00:00,344.22,349.09,342.46,348.19,2017.0
2020-01-23 06:00:00+00:00,348.15,349.66,335.77,339.79,6977.0
2020-01-23 10:00:00+00:00,339.81,340.82,334.01,339.13,7297.0
2020-01-23 14:00:00+00:00,339.11,341.12,333.82,335.35,8022.0
2020-01-23 18:00:00+00:00,335.34,338.2,332.47,335.34,7930.0
2020-01-23 22:00:00+00:00,335.51,336.75,315.36,318.74,9885.0
2020-01-24 02:00:00+00:00,318.72,325.22,317.04,324.35,3099.0
2020-01-24 06:00:00+00:00,324.34,327.14,304.9,310.49,8104.0
2020-01-24 10:00:00+00:00,310.45,314.26,305.34,308.89,6234.0
2020-01-24 14:00:00+00:00,308.91,320.69,296.5,319.07,9598.0
2020-01-24 18:00:00+00:00,319.09,325.51,315.11,322.61,12545.0
2020-01-24 22:00:00+00:00,322.63,324.3,313.4,319.98,5745.0
2020-01-25 02:00:00+00:00,320.02,322.18,317.15,319.71,1126.0
2020-01-27 02:00:00+00:00,342.88,348.0,342.48,347.25,941.0
2020-01-27 06:00:00+00:00,347.37,362.86,347.01,357.5,7602.0
2020-01-27 10:00:00+00:00,357.43,364.67,351.28,360.74,5531.0
2020-01-27 14:00:00+00:00,360.84,373.26,354.39,368.22,6212.0
2020-01-27 18:00:00+00:00,368.31,376.87,364.86,371.86,8468.0
2020-01-27 22:00:00+00:00,371.92,375.48,366.3,369.44,6756.0
2020-01-28 02:00:00+00:00,369.52,373.04,357.34,362.17,3767.0
2020-01-28 06:00:00+00:00,362.24,374.54,362.24,368.62,6308.0
2020-01-28 10:00:00+00:00,368.58,370.06,360.94,365.11,5584.0
2020-01-28 14:00:00+00:00,365.18,372.2,361.66,368.46,6619.0
2020-01-28 18:00:00+00:00,368.44,384.66,362.46,366.35,11774.0
2020-01-28 22:00:00+00:00,366.34,369.83,359.8,363.89,6578.0
2020-01-29 02:00:00+00:00,363.91,381.21,363.91,378.65,5228.0
2020-01-29 06:00:00+00:00,378.62,390.04,378.62,384.33,10205.0
2020-01-29 10:00:00+00:00,384.31,395.97,382.39,392.76,8203.0
2020-01-29 14:00:00+00:00,392.78,394.8,377.06,382.76,11243.0
2020-01-29 18:00:00+00:00,383.23,388.71,377.75,378.43,9098.0
2020-01-29 22:00:00+00:00,378.6,387.94,375.07,385.53,6018.0
2020-01-30 02:00:00+00:00,385.54,388.28,379.24,379.82,3809.0
2020-01-30 06:00:00+00:00,379.56,381.7,370.2,381.3,7618.0
2020-01-30 10:00:00+00:00,381.28,391.85,381.03,389.86,6132.0
2020-01-30 14:00:00+00:00,389.84,390.88,380.63,383.65,5900.0
2020-01-30 18:00:00+00:00,383.66,388.49,381.11,385.4,7631.0
2020-01-30 22:00:00+00:00,385.41,398.56,377.83,393.93,11822.0
2020-01-31 02:00:00+00:00,394.01,396.38,389.44,392.8,4068.0
2020-01-31 06:00:00+00:00,392.78,394.75,384.57,385.95,5508.0
2020-01-31 10:00:00+00:00,385.97,387.86,379.62,382.74,6798.0
2020-01-31 14:00:00+00:00,382.72,387.26,380.17,380.47,4721.0
2020-01-31 18:00:00+00:00,380.49,380.53,363.42,375.41,10348.0
2020-01-31 22:00:00+00:00,375.43,377.23,364.86,369.08,5436.0
2020-02-01 02:00:00+00:00,369.06,373.31,369.01,372.84,1071.0
2020-02-03 02:00:00+00:00,379.62,382.03,376.65,376.84,1912.0
2020-02-03 06:00:00+00:00,376.82,392.81,373.58,381.78,10841.0
2020-02-03 10:00:00+00:00,381.93,384.25,380.09,382.1,3597.0
2020-02-03 14:00:00+00:00,382.12,384.0,377.06,382.47,5445.0
2020-02-03 18:00:00+00:00,382.49,383.55,378.23,379.15,5957.0
2020-02-03 22:00:00+00:00,379.26,385.43,378.4,383.34,5838.0
2020-02-04 02:00:00+00:00,383.32,385.31,379.61,383.61,2313.0
2020-02-04 06:00:00+00:00,383.59,389.17,381.67,381.87,5613.0
2020-02-04 10:00:00+00:00,381.65,384.41,379.9,383.13,3802.0
2020-02-04 14:00:00+00:00,383.11,383.41,374.28,379.62,7052.0
2020-02-04 18:00:00+00:00,379.64,380.89,372.07,378.62,8342.0
2020-02-04 22:00:00+00:00,378.65,380.67,376.82,377.46,3659.0
2020-02-05 02:00:00+00:00,377.47,381.68,375.41,379.73,1648.0
2020-02-05 06:00:00+00:00,379.61,381.42,377.67,380.81,3122.0
2020-02-05 10:00:00+00:00,380.77,386.58,379.63,384.76,2868.0
2020-02-05 14:00:00+00:00,384.62,427.29,383.14,423.8,10174.0
2020-02-05 18:00:00+00:00,423.69,436.99,418.15,435.31,20503.0
2020-02-05 22:00:00+00:00,435.52,439.06,428.42,431.15,23501.0
2020-02-06 02:00:00+00:00,431.2,445.32,429.99,445.08,11844.0
2020-02-06 06:00:00+00:00,445.06,448.19,432.26,440.96,17828.0
2020-02-06 10:00:00+00:00,440.97,443.36,437.09,438.29,8940.0
2020-02-06 14:00:00+00:00,438.28,441.81,433.78,440.69,9417.0
2020-02-06 18:00:00+00:00,440.67,448.43,416.58,442.95,24263.0
2020-02-06 22:00:00+00:00,443.02,446.11,434.08,436.87,13843.0
2020-02-07 02:00:00+00:00,436.73,445.18,435.28,445.05,10787.0
2020-02-07 06:00:00+00:00,445.07,459.1,438.44,440.49,22339.0
2020-02-07 10:00:00+00:00,440.51,444.11,436.86,440.17,14626.0
2020-02-07 14:00:00+00:00,440.15,445.54,433.58,436.62,16971.0
2020-02-07 18:00:00+00:00,436.56,442.41,431.44,435.16,17695.0
2020-02-07 22:00:00+00:00,435.12,441.92,432.65,436.14,15928.0
2020-02-08 02:00:00+00:00,436.1,437.65,434.54,435.04,6284.0
2020-02-10 02:00:00+00:00,447.77,453.16,447.67,450.36,5758.0
2020-02-10 06:00:00+00:00,450.38,452.73,442.09,445.57,18667.0
2020-02-10 10:00:00+00:00,445.55,449.25,434.93,446.64,22709.0
2020-02-10 14:00:00+00:00,446.66,447.5,437.12,440.5,17712.0
2020-02-10 18:00:00+00:00,440.52,462.78,437.73,454.38,23613.0
2020-02-10 22:00:00+00:00,454.34,456.6,448.57,450.37,17428.0
2020-02-11 02:00:00+00:00,450.39,455.85,449.89,453.22,20605.0
2020-02-11 06:00:00+00:00,453.25,453.88,441.99,442.98,17021.0
2020-02-11 10:00:00+00:00,443.0,448.05,440.37,442.81,15942.0
2020-02-11 14:00:00+00:00,442.76,453.47,442.21,451.47,17275.0
2020-02-11 18:00:00+00:00,451.68,464.84,450.53,463.72,23045.0
2020-02-11 22:00:00+00:00,463.75,470.38,458.56,465.15,22520.0
2020-02-12 02:00:00+00:00,465.16,468.47,462.07,464.04,19868.0
2020-02-12 06:00:00+00:00,464.07,476.47,464.01,470.36,10334.0
2020-02-12 10:00:00+00:00,470.38,483.0,470.12,477.57,16264.0
2020-02-12 14:00:00+00:00,477.55,478.99,464.81,474.37,21898.0
2020-02-12 18:00:00+00:00,474.3,477.69,465.89,469.73,25776.0
2020-02-12 22:00:00+00:00,469.78,478.6,468.4,476.61,19084.0
2020-02-13 02:00:00+00:00,476.63,482.83,473.15,474.86,16230.0
2020-02-13 06:00:00+00:00,474.88,479.79,471.69,473.24,23731.0
2020-02-13 10:00:00+00:00,473.22,486.14,472.67,474.3,15982.0
2020-02-13 14:00:00+00:00,474.44,476.79,458.38,466.09,19583.0
2020-02-13 18:00:00+00:00,466.07,480.74,463.9,472.44,26160.0
2020-02-13 22:00:00+00:00,472.5,474.23,464.21,471.52,19111.0
2020-02-14 02:00:00+00:00,471.64,477.26,464.84,477.03,21730.0
2020-02-14 06:00:00+00:00,477.01,479.55,471.04,477.69,15171.0
2020-02-14 10:00:00+00:00,477.67,477.72,465.9,467.76,14384.0
2020-02-14 14:00:00+00:00,467.74,498.05,466.84,488.28,22998.0
2020-02-14 18:00:00+00:00,488.47,494.1,484.82,492.88,21555.0
2020-02-14 22:00:00+00:00,492.83,497.0,490.49,492.28,13792.0
2020-02-15 02:00:00+00:00,492.4,494.51,492.3,493.67,1801.0
2020-02-17 02:00:00+00:00,409.43,418.59,407.44,412.15,11081.0
2020-02-17 06:00:00+00:00,412.19,417.35,392.75,395.54,27619.0
2020-02-17 10:00:00+00:00,395.53,395.53,367.34,384.47,43658.0
2020-02-17 14:00:00+00:00,384.46,394.22,369.37,386.99,41714.0
2020-02-17 18:00:00+00:00,387.02,410.53,373.89,406.21,44993.0
2020-02-17 22:00:00+00:00,406.24,413.41,397.32,406.62,26262.0
2020-02-18 02:00:00+00:00,406.69,413.12,400.09,413.12,20099.0
2020-02-18 06:00:00+00:00,413.14,414.77,400.76,409.6,25898.0
2020-02-18 10:00:00+00:00,409.62,417.12,406.91,411.4,17194.0
2020-02-18 14:00:00+00:00,411.33,411.38,397.3,403.98,20152.0
2020-02-18 18:00:00+00:00,404.0,410.19,385.69,408.67,28707.0
2020-02-18 22:00:00+00:00,408.65,422.26,404.69,421.05,29146.0
2020-02-19 02:00:00+00:00,421.07,428.27,414.9,421.26,27820.0
2020-02-19 06:00:00+00:00,421.29,424.91,414.96,419.01,19494.0
2020-02-19 10:00:00+00:00,418.9,421.52,411.16,413.16,22589.0
2020-02-19 14:00:00+00:00,413.13,421.54,407.9,421.19,20457.0
2020-02-19 18:00:00+00:00,421.28,422.18,410.49,413.05,16372.0
2020-02-19 22:00:00+00:00,412.9,420.5,408.75,409.3,22271.0
2020-02-20 02:00:00+00:00,409.28,411.87,369.19,378.63,38549.0
2020-02-20 06:00:00+00:00,378.53,387.83,376.3,382.99,27066.0
2020-02-20 10:00:00+00:00,382.96,385.7,377.52,380.16,13288.0
2020-02-20 14:00:00+00:00,379.99,382.83,370.06,373.14,25839.0
2020-02-20 18:00:00+00:00,373.19,382.23,364.87,370.99,23627.0
2020-02-20 22:00:00+00:00,370.97,376.44,352.26,364.22,25369.0
2020-02-21 02:00:00+00:00,364.24,374.49,363.99,371.44,11862.0
2020-02-21 06:00:00+00:00,371.41,382.45,367.49,381.97,14016.0
2020-02-21 10:00:00+00:00,381.91,383.66,374.03,378.72,8625.0
2020-02-21 14:00:00+00:00,378.71,381.52,371.19,377.57,13840.0
2020-02-21 18:00:00+00:00,377.55,382.25,374.22,378.6,10964.0
2020-02-21 22:00:00+00:00,378.59,388.85,376.06,381.69,11363.0
2020-02-22 02:00:00+00:00,381.67,382.6,372.87,380.04,6442.0
2020-02-24 02:00:00+00:00,397.18,405.75,396.96,402.47,6600.0
2020-02-24 06:00:00+00:00,402.44,409.7,384.84,390.51,27795.0
2020-02-24 10:00:00+00:00,390.35,390.99,382.49,390.68,14406.0
2020-02-24 14:00:00+00:00,390.66,395.68,384.59,393.91,16320.0
2020-02-24 18:00:00+00:00,393.82,394.98,372.61,378.53,22076.0
2020-02-24 22:00:00+00:00,378.51,381.56,363.4,371.57,19464.0
2020-02-25 02:00:00+00:00,371.3,379.89,368.41,378.05,16479.0
2020-02-25 06:00:00+00:00,377.97,379.58,368.34,371.32,18482.0
2020-02-25 10:00:00+00:00,371.19,372.53,362.93,366.23,10981.0
2020-02-25 14:00:00+00:00,366.21,374.13,363.58,373.15,15135.0
2020-02-25 18:00:00+00:00,373.16,377.13,351.5,355.99,22932.0
2020-02-25 22:00:00+00:00,356.01,361.8,345.49,348.49,19321.0
2020-02-26 02:00:00+00:00,348.53,357.61,345.75,352.71,19293.0
2020-02-26 06:00:00+00:00,352.69,361.97,330.53,336.93,21534.0
2020-02-26 10:00:00+00:00,336.73,338.82,323.34,325.36,11794.0
2020-02-26 14:00:00+00:00,325.34,328.25,311.6,318.39,19889.0
2020-02-26 18:00:00+00:00,318.45,332.59,312.62,316.89,30980.0
2020-02-26 22:00:00+00:00,316.91,324.77,300.56,319.75,30222.0
2020-02-27 02:00:00+00:00,319.73,325.14,314.62,316.49,25350.0
2020-02-27 06:00:00+00:00,316.62,331.21,306.82,322.54,30030.0
2020-02-27 10:00:00+00:00,322.59,329.67,320.34,325.85,13369.0
2020-02-27 14:00:00+00:00,326.04,328.77,320.86,323.12,11844.0
2020-02-27 18:00:00+00:00,323.14,329.96,320.84,326.01,14322.0
2020-02-27 22:00:00+00:00,326.27,335.51,325.84,331.43,9504.0
2020-02-28 02:00:00+00:00,331.49,331.67,321.18,324.42,18233.0
2020-02-28 06:00:00+00:00,324.44,329.36,322.86,324.13,9457.0
2020-02-28 10:00:00+00:00,323.92,326.2,311.33,313.99,10242.0
2020-02-28 14:00:00+00:00,314.01,317.52,305.06,309.56,19774.0
2020-02-28 18:00:00+00:00,309.58,317.1,298.51,315.72,23281.0
2020-02-28 22:00:00+00:00,315.75,316.76,303.54,305.72,17186.0
2020-02-29 02:00:00+00:00,305.6,313.71,305.36,310.9,3225.0
2020-03-02 02:00:00+00:00,312.37,316.87,311.05,311.66,4680.0
2020-03-02 06:00:00+00:00,311.68,318.52,310.36,314.76,11735.0
2020-03-02 10:00:00+00:00,314.78,320.54,314.44,317.33,8409.0
2020-03-02 14:00:00+00:00,317.14,324.03,316.88,322.82,9987.0
2020-03-02 18:00:00+00:00,322.84,329.01,320.4,328.94,10075.0
2020-03-02 22:00:00+00:00,328.96,342.44,328.51,339.67,14809.0
2020-03-03 02:00:00+00:00,339.69,343.18,333.93,339.85,8778.0
2020-03-03 06:00:00+00:00,339.93,340.02,331.42,337.48,8614.0
2020-03-03 10:00:00+00:00,337.46,337.6,327.3,327.97,8001.0
2020-03-03 14:00:00+00:00,327.95,336.98,326.77,335.39,12639.0
2020-03-03 18:00:00+00:00,335.43,337.72,323.26,326.65,16840.0
2020-03-03 22:00:00+00:00,326.42,333.03,321.18,331.99,16928.0
2020-03-04 02:00:00+00:00,332.01,332.87,327.22,329.63,18427.0
2020-03-04 06:00:00+00:00,329.66,331.58,325.83,328.7,10254.0
2020-03-04 10:00:00+00:00,328.72,332.4,326.46,329.24,6976.0
2020-03-04 14:00:00+00:00,329.43,329.99,320.4,323.31,4789.0
2020-03-04 18:00:00+00:00,323.14,325.97,313.21,313.69,8347.0
2020-03-04 22:00:00+00:00,313.67,318.13,310.52,317.51,4232.0
2020-03-05 02:00:00+00:00,317.49,320.86,315.03,319.79,9994.0
2020-03-05 06:00:00+00:00,320.0,329.31,319.78,325.99,10331.0
2020-03-05 10:00:00+00:00,326.14,336.22,325.66,333.08,9532.0
2020-03-05 14:00:00+00:00,333.11,343.83,332.21,340.9,10708.0
2020-03-05 18:00:00+00:00,341.07,343.07,334.2,341.18,8909.0
2020-03-05 22:00:00+00:00,341.22,343.97,338.67,342.08,7896.0
2020-03-06 02:00:00+00:00,342.1,342.22,332.17,337.56,10226.0
2020-03-06 06:00:00+00:00,337.54,339.01,332.68,336.15,13309.0
2020-03-06 10:00:00+00:00,336.17,352.78,335.21,348.37,13274.0
2020-03-06 14:00:00+00:00,348.39,353.04,345.21,350.3,9238.0
2020-03-06 18:00:00+00:00,350.33,350.39,341.03,341.21,10418.0
2020-03-06 22:00:00+00:00,341.29,347.72,341.29,346.44,5040.0
2020-03-07 02:00:00+00:00,346.42,347.64,345.71,346.96,667.0
2020-03-09 01:00:00+00:00,275.79,281.47,268.52,273.12,4862.0
2020-03-09 05:00:00+00:00,273.19,280.11,260.42,266.95,13544.0
2020-03-09 09:00:00+00:00,266.68,279.61,258.89,274.59,14491.0
2020-03-09 13:00:00+00:00,274.6,280.43,267.02,270.26,8393.0
2020-03-09 17:00:00+00:00,270.31,277.1,252.44,262.23,16187.0
2020-03-09 21:00:00+00:00,262.25,271.8,255.55,266.88,14614.0
2020-03-10 01:00:00+00:00,266.9,274.97,263.49,273.23,9491.0
2020-03-10 05:00:00+00:00,272.99,275.09,268.13,271.58,7501.0
2020-03-10 09:00:00+00:00,271.74,272.8,264.38,266.21,6308.0
2020-03-10 13:00:00+00:00,266.35,277.28,265.13,274.51,9195.0
2020-03-10 17:00:00+00:00,274.6,278.32,263.61,264.24,11812.0
2020-03-10 21:00:00+00:00,264.22,272.0,262.89,271.74,8189.0
2020-03-11 01:00:00+00:00,271.87,274.45,268.96,271.75,8229.0
2020-03-11 05:00:00+00:00,271.77,275.1,269.71,272.19,4391.0
2020-03-11 09:00:00+00:00,272.37,273.25,266.4,268.44,6475.0
2020-03-11 13:00:00+00:00,268.46,272.43,260.87,266.05,9094.0
2020-03-11 17:00:00+00:00,266.03,267.36,256.44,260.53,7507.0
2020-03-11 21:00:00+00:00,260.54,265.99,250.15,264.79,17648.0
2020-03-12 01:00:00+00:00,264.95,270.54,263.77,267.24,8082.0
2020-03-12 05:00:00+00:00,267.3,268.01,252.97,256.37,12196.0
2020-03-12 09:00:00+00:00,256.6,256.6,237.75,241.9,19626.0
2020-03-12 13:00:00+00:00,241.96,244.47,164.08,175.03,36867.0
2020-03-12 17:00:00+00:00,175.07,184.7,163.4,181.21,34129.0
2020-03-12 21:00:00+00:00,181.16,184.22,170.92,179.18,21875.0
2020-03-13 01:00:00+00:00,179.2,179.53,138.78,144.67,30594.0
2020-03-13 05:00:00+00:00,144.59,200.72,132.48,164.0,44971.0
2020-03-13 09:00:00+00:00,166.68,173.88,152.42,171.77,24407.0
2020-03-13 13:00:00+00:00,171.79,182.25,165.57,170.04,26004.0
2020-03-13 17:00:00+00:00,170.1,192.82,155.02,165.69,27422.0
2020-03-13 21:00:00+00:00,165.79,177.39,156.17,171.24,36617.0
2020-03-14 01:00:00+00:00,171.23,175.92,168.13,173.14,11497.0
2020-03-16 01:00:00+00:00,179.69,181.94,177.01,177.92,6065.0
2020-03-16 05:00:00+00:00,177.67,183.98,174.66,179.08,14306.0
2020-03-16 09:00:00+00:00,179.1,180.09,158.09,159.23,22702.0
2020-03-16 13:00:00+00:00,159.24,164.73,147.66,150.82,24965.0
2020-03-16 17:00:00+00:00,150.8,173.78,150.09,172.48,34743.0
2020-03-16 21:00:00+00:00,172.46,176.34,165.62,168.82,21032.0
2020-03-17 01:00:00+00:00,168.83,173.15,163.02,173.15,24008.0
2020-03-17 05:00:00+00:00,173.14,185.34,169.36,180.77,23608.0
2020-03-17 09:00:00+00:00,180.76,188.27,177.01,184.61,12911.0
2020-03-17 13:00:00+00:00,184.62,188.88,177.87,181.49,14303.0
2020-03-17 17:00:00+00:00,181.56,184.78,173.47,184.07,17111.0
2020-03-17 21:00:00+00:00,184.08,187.67,182.69,185.37,14131.0
2020-03-18 01:00:00+00:00,185.35,189.43,183.01,183.04,19100.0
2020-03-18 05:00:00+00:00,183.02,186.59,181.69,185.55,8522.0
2020-03-18 09:00:00+00:00,185.63,186.56,175.47,177.28,10758.0
2020-03-18 13:00:00+00:00,177.26,180.72,173.71,176.96,12415.0
2020-03-18 17:00:00+00:00,176.87,184.38,169.32,181.1,12589.0
2020-03-18 21:00:00+00:00,181.11,183.47,176.95,181.58,13901.0
2020-03-19 01:00:00+00:00,181.6,185.57,180.02,185.54,6082.0
2020-03-19 05:00:00+00:00,185.59,187.98,177.99,180.32,6718.0
2020-03-19 09:00:00+00:00,180.3,185.79,178.98,184.75,4852.0
2020-03-19 13:00:00+00:00,184.56,190.24,183.25,188.08,7463.0
2020-03-19 17:00:00+00:00,188.1,197.76,187.93,196.82,7871.0
2020-03-19 21:00:00+00:00,196.8,237.42,193.6,221.54,24994.0
2020-03-20 01:00:00+00:00,221.65,228.97,219.96,221.61,16950.0
2020-03-20 05:00:00+00:00,221.59,227.54,218.56,220.0,10350.0
2020-03-20 09:00:00+00:00,219.96,231.73,218.67,229.96,2969.0
2020-03-20 13:00:00+00:00,229.99,246.37,229.87,234.37,15804.0
2020-03-20 17:00:00+00:00,234.21,238.32,224.24,234.13,18131.0
2020-03-20 21:00:00+00:00,234.15,237.85,215.15,217.3,20201.0
2020-03-21 01:00:00+00:00,217.29,217.29,189.5,202.97,15843.0
2020-03-23 01:00:00+00:00,204.42,207.02,199.93,202.74,1391.0
2020-03-23 05:00:00+00:00,202.71,211.0,198.76,208.65,4881.0
2020-03-23 09:00:00+00:00,208.64,212.84,204.47,205.16,6686.0
2020-03-23 13:00:00+00:00,205.18,205.98,199.32,203.96,7034.0
2020-03-23 17:00:00+00:00,203.96,228.56,203.96,214.78,16256.0
2020-03-23 21:00:00+00:00,214.76,220.24,214.6,216.64,8733.0
2020-03-24 01:00:00+00:00,216.62,222.68,216.25,222.24,22070.0
2020-03-24 05:00:00+00:00,222.23,227.6,220.85,221.56,10299.0
2020-03-24 09:00:00+00:00,221.5,225.32,218.23,223.01,6692.0
2020-03-24 13:00:00+00:00,223.16,231.33,223.16,228.67,8478.0
2020-03-24 17:00:00+00:00,228.65,229.2,220.28,223.3,10482.0
2020-03-24 21:00:00+00:00,223.28,228.72,219.99,227.02,7337.0
2020-03-25 01:00:00+00:00,227.01,228.93,223.84,227.95,19056.0
2020-03-25 05:00:00+00:00,227.93,228.41,220.87,221.54,7283.0
2020-03-25 09:00:00+00:00,221.52,226.01,220.29,223.17,6377.0
2020-03-25 13:00:00+00:00,223.11,231.4,213.64,216.18,13655.0
2020-03-25 17:00:00+00:00,216.17,224.02,215.51,219.24,9868.0
2020-03-25 21:00:00+00:00,219.1,222.33,217.76,219.43,5150.0
2020-03-26 01:00:00+00:00,219.55,221.77,216.37,221.07,16612.0
2020-03-26 05:00:00+00:00,221.21,226.85,220.62,226.23,4958.0
2020-03-26 09:00:00+00:00,226.39,228.32,221.2,222.26,5791.0
2020-03-26 13:00:00+00:00,222.42,226.9,221.34,222.74,4361.0
2020-03-26 17:00:00+00:00,222.78,225.44,218.6,223.72,5861.0
2020-03-26 21:00:00+00:00,223.7,225.14,220.74,223.43,4895.0
2020-03-27 01:00:00+00:00,223.42,229.13,222.99,228.58,12518.0
2020-03-27 05:00:00+00:00,228.6,234.99,228.54,232.63,6076.0
2020-03-27 09:00:00+00:00,232.68,234.29,225.35,228.67,5816.0
2020-03-27 13:00:00+00:00,228.68,228.9,223.7,225.24,3392.0
2020-03-27 17:00:00+00:00,225.09,227.13,221.04,224.67,5951.0
2020-03-27 21:00:00+00:00,224.68,226.3,222.92,224.68,4637.0
2020-03-28 01:00:00+00:00,224.9,225.52,224.1,225.52,1587.0
2020-03-30 01:00:00+00:00,205.44,207.25,204.31,207.15,3339.0
2020-03-30 05:00:00+00:00,207.14,210.56,205.26,209.82,4147.0
2020-03-30 09:00:00+00:00,209.67,215.85,209.19,214.7,4205.0
2020-03-30 13:00:00+00:00,214.71,217.9,213.59,215.47,6179.0
2020-03-30 17:00:00+00:00,215.59,221.1,215.11,216.95,5123.0
2020-03-30 21:00:00+00:00,217.09,225.46,216.92,222.29,6272.0
2020-03-31 01:00:00+00:00,222.4,226.11,221.4,222.36,10049.0
2020-03-31 05:00:00+00:00,222.52,224.18,219.87,221.11,5399.0
2020-03-31 09:00:00+00:00,220.89,221.02,215.85,219.8,5405.0
2020-03-31 13:00:00+00:00,219.79,222.41,218.23,220.32,5543.0
2020-03-31 17:00:00+00:00,220.3,221.72,217.4,220.99,6061.0
2020-03-31 21:00:00+00:00,220.82,223.05,217.93,220.65,3255.0
2020-04-01 01:00:00+00:00,220.83,222.65,219.06,220.17,4876.0
2020-04-01 05:00:00+00:00,220.34,220.51,214.9,217.18,3574.0
2020-04-01 09:00:00+00:00,217.17,218.58,215.82,216.21,2630.0
2020-04-01 13:00:00+00:00,216.04,218.3,215.67,217.35,3019.0
2020-04-01 17:00:00+00:00,217.23,223.87,216.16,218.2,4779.0
2020-04-01 21:00:00+00:00,218.01,218.32,211.45,213.2,4254.0
2020-04-02 01:00:00+00:00,213.36,225.42,212.95,222.23,11506.0
2020-04-02 05:00:00+00:00,222.37,228.79,220.72,224.43,6613.0
2020-04-02 09:00:00+00:00,224.62,226.54,223.58,226.12,2775.0
2020-04-02 13:00:00+00:00,226.34,227.9,225.18,227.09,3534.0
2020-04-02 17:00:00+00:00,227.28,231.46,225.07,230.57,6754.0
2020-04-02 21:00:00+00:00,230.58,250.24,228.3,232.77,11849.0
2020-04-03 01:00:00+00:00,232.79,235.88,227.64,234.87,10999.0
2020-04-03 05:00:00+00:00,234.82,235.74,230.25,235.04,6958.0
2020-04-03 09:00:00+00:00,235.02,238.1,232.45,236.4,4901.0
2020-04-03 13:00:00+00:00,236.18,242.41,235.72,241.57,7723.0
2020-04-03 17:00:00+00:00,241.55,242.27,233.25,235.52,8918.0
2020-04-03 21:00:00+00:00,235.75,237.45,230.42,235.48,8242.0
2020-04-04 01:00:00+00:00,235.63,238.08,235.63,238.08,1461.0
2020-04-06 01:00:00+00:00,230.34,231.78,230.26,231.74,3080.0
2020-04-06 05:00:00+00:00,231.82,236.76,230.7,233.43,4499.0
2020-04-06 09:00:00+00:00,233.62,242.42,233.41,240.99,6107.0
2020-04-06 13:00:00+00:00,241.05,244.58,238.57,241.58,7315.0
2020-04-06 17:00:00+00:00,241.6,246.61,241.6,243.46,5767.0
2020-04-06 21:00:00+00:00,243.48,257.72,243.21,256.26,8228.0
2020-04-07 01:00:00+00:00,256.24,257.64,249.45,253.15,6901.0
2020-04-07 05:00:00+00:00,253.34,263.28,252.34,255.29,7798.0
2020-04-07 09:00:00+00:00,255.47,256.77,252.33,256.55,4415.0
2020-04-07 13:00:00+00:00,256.48,262.91,255.98,262.76,3939.0
2020-04-07 17:00:00+00:00,262.49,266.02,253.93,254.7,6698.0
2020-04-07 21:00:00+00:00,254.84,261.35,254.04,256.74,4562.0
2020-04-08 01:00:00+00:00,256.76,259.15,246.56,251.27,9833.0
2020-04-08 05:00:00+00:00,251.3,265.09,249.96,265.01,6483.0
2020-04-08 09:00:00+00:00,264.99,280.16,264.49,272.67,13035.0
2020-04-08 13:00:00+00:00,272.83,280.0,255.77,265.42,9708.0
2020-04-08 17:00:00+00:00,265.4,270.5,259.36,262.45,10969.0
2020-04-08 21:00:00+00:00,262.43,270.2,261.63,265.39,7522.0
2020-04-09 01:00:00+00:00,265.37,269.21,261.38,269.04,10182.0
2020-04-09 05:00:00+00:00,269.03,274.83,265.39,269.33,5774.0
2020-04-09 09:00:00+00:00,269.25,269.25,262.26,265.88,3727.0
2020-04-09 13:00:00+00:00,265.91,267.73,263.53,265.1,4962.0
2020-04-09 17:00:00+00:00,265.21,266.7,252.88,262.43,10046.0
2020-04-09 21:00:00+00:00,262.18,262.2,254.35,255.31,8685.0
2020-04-10 01:00:00+00:00,255.33,259.97,253.92,259.75,3810.0
2020-04-10 05:00:00+00:00,259.77,259.95,250.39,253.68,5609.0
2020-04-10 09:00:00+00:00,253.67,253.93,235.85,239.61,13905.0
2020-04-10 13:00:00+00:00,239.63,240.8,233.68,240.09,9918.0
2020-04-10 17:00:00+00:00,240.04,240.15,232.18,233.65,7316.0
2020-04-10 21:00:00+00:00,233.64,235.27,225.88,232.9,9316.0
2020-04-11 01:00:00+00:00,233.04,234.84,232.04,234.37,1316.0
2020-04-13 01:00:00+00:00,241.11,242.12,235.04,237.64,4581.0
2020-04-13 05:00:00+00:00,237.75,238.01,222.65,227.01,13053.0
2020-04-13 09:00:00+00:00,226.99,227.54,223.89,227.54,4741.0
2020-04-13 13:00:00+00:00,227.51,227.51,218.04,223.18,5400.0
2020-04-13 17:00:00+00:00,223.25,225.4,215.76,219.1,11216.0
2020-04-13 21:00:00+00:00,218.95,222.03,218.56,219.94,9042.0
2020-04-14 01:00:00+00:00,219.97,225.49,219.91,225.07,11114.0
2020-04-14 05:00:00+00:00,225.19,227.1,223.32,226.02,4632.0
2020-04-14 09:00:00+00:00,226.04,229.05,224.2,224.82,4619.0
2020-04-14 13:00:00+00:00,224.8,225.99,220.15,223.26,5172.0
2020-04-14 17:00:00+00:00,223.28,227.88,222.1,224.18,5858.0
2020-04-14 21:00:00+00:00,224.2,227.35,223.64,224.53,4543.0
2020-04-15 01:00:00+00:00,224.51,224.96,221.78,223.35,6286.0
2020-04-15 05:00:00+00:00,223.32,224.71,220.21,224.37,3232.0
2020-04-15 09:00:00+00:00,224.53,225.32,222.65,224.11,2452.0
2020-04-15 13:00:00+00:00,224.43,225.38,220.76,221.68,4746.0
2020-04-15 17:00:00+00:00,221.7,223.21,219.14,220.82,5358.0
2020-04-15 21:00:00+00:00,220.79,223.52,218.6,222.14,2721.0
2020-04-16 01:00:00+00:00,222.12,222.89,219.96,220.24,4999.0
2020-04-16 05:00:00+00:00,220.35,220.54,206.16,211.9,8732.0
2020-04-16 09:00:00+00:00,211.92,216.11,210.07,215.43,2327.0
2020-04-16 13:00:00+00:00,215.55,238.83,215.55,226.46,17842.0
2020-04-16 17:00:00+00:00,226.58,233.58,225.85,230.15,8054.0
2020-04-16 21:00:00+00:00,230.22,233.68,227.89,229.38,5591.0
2020-04-17 01:00:00+00:00,229.15,239.7,228.84,239.33,9665.0
2020-04-17 05:00:00+00:00,239.35,240.42,231.45,233.41,7225.0
2020-04-17 09:00:00+00:00,233.44,234.65,229.51,231.46,5263.0
2020-04-17 13:00:00+00:00,231.57,235.87,230.31,234.93,3730.0
2020-04-17 17:00:00+00:00,235.01,235.65,230.6,231.3,3065.0
2020-04-17 21:00:00+00:00,231.17,233.43,230.72,231.53,2211.0
2020-04-18 01:00:00+00:00,231.55,233.86,231.55,233.38,460.0
2020-04-20 01:00:00+00:00,236.18,236.65,234.35,235.21,3056.0
2020-04-20 05:00:00+00:00,235.42,238.54,230.23,237.36,5237.0
2020-04-20 09:00:00+00:00,237.35,238.6,234.46,235.3,4729.0
2020-04-20 13:00:00+00:00,235.28,236.76,231.36,233.24,3967.0
2020-04-20 17:00:00+00:00,233.0,233.12,222.9,230.42,5356.0
2020-04-20 21:00:00+00:00,230.34,231.56,220.26,222.07,7732.0
2020-04-21 01:00:00+00:00,222.24,222.54,215.77,221.92,9294.0
2020-04-21 05:00:00+00:00,221.92,222.88,218.34,219.34,3615.0
2020-04-21 09:00:00+00:00,219.32,222.55,218.74,220.87,1823.0
2020-04-21 13:00:00+00:00,220.85,220.85,215.63,217.68,3537.0
2020-04-21 17:00:00+00:00,217.84,223.88,216.16,221.06,3953.0
2020-04-21 21:00:00+00:00,221.08,223.72,219.46,221.67,4190.0
2020-04-22 01:00:00+00:00,221.85,222.53,219.78,221.92,3611.0
2020-04-22 05:00:00+00:00,222.07,222.18,217.8,220.89,2381.0
2020-04-22 09:00:00+00:00,220.85,223.32,219.6,223.02,2043.0
2020-04-22 13:00:00+00:00,223.14,224.15,222.14,223.33,2069.0
2020-04-22 17:00:00+00:00,223.32,232.18,223.05,230.3,4347.0
2020-04-22 21:00:00+00:00,230.33,236.27,229.12,231.93,3995.0
2020-04-23 01:00:00+00:00,232.05,233.95,230.79,232.67,3280.0
2020-04-23 05:00:00+00:00,232.79,235.52,231.29,231.39,2886.0
2020-04-23 09:00:00+00:00,231.31,232.48,225.8,226.66,3977.0
2020-04-23 13:00:00+00:00,226.61,230.11,226.14,228.2,5266.0
2020-04-23 17:00:00+00:00,228.18,247.53,227.99,241.14,6974.0
2020-04-23 21:00:00+00:00,241.22,244.11,238.11,241.2,4470.0
2020-04-24 01:00:00+00:00,241.18,242.95,240.5,240.71,3826.0
2020-04-24 05:00:00+00:00,240.73,240.98,236.1,240.18,4145.0
2020-04-24 09:00:00+00:00,240.17,241.53,237.83,240.03,2446.0
2020-04-24 13:00:00+00:00,239.98,242.18,236.45,239.24,6087.0
2020-04-24 17:00:00+00:00,239.22,239.22,234.52,237.11,4665.0
2020-04-24 21:00:00+00:00,237.13,239.83,236.24,238.35,3893.0
2020-04-25 01:00:00+00:00,238.33,239.22,237.54,239.13,556.0
2020-04-27 01:00:00+00:00,244.55,244.81,242.83,243.54,3014.0
2020-04-27 05:00:00+00:00,243.52,248.31,243.14,246.46,4818.0
2020-04-27 09:00:00+00:00,246.48,248.11,240.6,241.29,7498.0
2020-04-27 13:00:00+00:00,241.26,244.15,240.0,241.2,4790.0
2020-04-27 17:00:00+00:00,241.17,242.25,234.48,236.36,5216.0
2020-04-27 21:00:00+00:00,236.35,239.43,235.68,238.94,3159.0
2020-04-28 01:00:00+00:00,239.06,244.71,238.2,244.04,2460.0
2020-04-28 05:00:00+00:00,244.05,244.63,237.26,239.22,2386.0
2020-04-28 09:00:00+00:00,239.24,240.57,237.67,240.2,1787.0
2020-04-28 13:00:00+00:00,240.18,242.49,238.54,241.85,1533.0
2020-04-28 17:00:00+00:00,241.87,242.99,237.97,237.97,2251.0
2020-04-28 21:00:00+00:00,237.95,242.32,237.58,241.42,2042.0
2020-04-29 01:00:00+00:00,241.44,242.51,238.64,242.45,1294.0
2020-04-29 05:00:00+00:00,242.5,245.92,241.48,244.51,2775.0
2020-04-29 09:00:00+00:00,244.53,249.72,242.8,248.1,2840.0
2020-04-29 13:00:00+00:00,248.23,250.65,246.26,249.74,3317.0
2020-04-29 17:00:00+00:00,249.89,256.49,249.89,254.17,5747.0
2020-04-29 21:00:00+00:00,254.18,263.91,252.27,256.69,9157.0
2020-04-30 01:00:00+00:00,256.8,261.66,254.86,256.68,5638.0
2020-04-30 05:00:00+00:00,256.64,274.16,256.09,273.45,5751.0
2020-04-30 09:00:00+00:00,273.43,275.9,268.12,270.58,8223.0
2020-04-30 13:00:00+00:00,270.56,271.16,246.84,257.04,11381.0
2020-04-30 17:00:00+00:00,257.07,258.36,251.9,256.15,5690.0
2020-04-30 21:00:00+00:00,256.2,257.16,245.2,251.24,7983.0
2020-05-01 01:00:00+00:00,251.32,255.38,249.9,253.42,8343.0
2020-05-01 05:00:00+00:00,253.32,253.86,249.04,253.26,4148.0
2020-05-01 09:00:00+00:00,253.3,258.28,251.26,256.0,2889.0
2020-05-01 13:00:00+00:00,256.08,258.08,254.72,257.92,2756.0
2020-05-01 17:00:00+00:00,257.9,260.54,252.64,255.72,5198.0
2020-05-01 21:00:00+00:00,255.68,256.48,251.3,252.0,3653.0
2020-05-02 01:00:00+00:00,251.98,252.54,250.92,251.46,515.0
2020-05-04 01:00:00+00:00,250.78,253.58,250.78,251.82,1265.0
2020-05-04 05:00:00+00:00,251.92,252.94,239.78,244.1,5406.0
2020-05-04 09:00:00+00:00,244.2,244.94,236.5,240.29,4352.0
2020-05-04 13:00:00+00:00,240.3,243.74,238.54,239.83,4004.0
2020-05-04 17:00:00+00:00,239.85,248.88,239.42,244.96,3793.0
2020-05-04 21:00:00+00:00,245.11,247.68,242.76,245.52,2745.0
2020-05-05 01:00:00+00:00,245.51,249.27,243.88,246.68,2883.0
2020-05-05 05:00:00+00:00,246.76,248.17,244.95,246.28,1824.0
2020-05-05 09:00:00+00:00,246.11,252.25,245.16,248.99,3574.0
2020-05-05 13:00:00+00:00,248.98,252.41,241.21,243.79,5867.0
2020-05-05 17:00:00+00:00,243.59,247.59,242.83,245.33,2593.0
2020-05-05 21:00:00+00:00,245.32,248.17,243.6,246.36,2197.0
2020-05-06 01:00:00+00:00,246.34,246.88,244.53,246.64,5013.0
2020-05-06 05:00:00+00:00,246.62,247.65,244.0,245.82,5643.0
2020-05-06 09:00:00+00:00,245.8,248.95,245.66,247.96,3702.0
2020-05-06 13:00:00+00:00,248.1,251.67,246.84,249.8,4844.0
2020-05-06 17:00:00+00:00,249.82,253.68,248.4,249.47,7015.0
2020-05-06 21:00:00+00:00,249.59,250.74,246.51,247.93,2427.0
2020-05-07 01:00:00+00:00,247.92,249.15,245.26,248.16,5725.0
2020-05-07 05:00:00+00:00,248.19,250.32,237.02,247.61,5367.0
2020-05-07 09:00:00+00:00,247.7,247.95,242.8,243.11,2392.0
2020-05-07 13:00:00+00:00,243.1,246.4,242.73,244.27,2025.0
2020-05-07 17:00:00+00:00,244.07,248.36,242.43,245.93,4276.0
2020-05-07 21:00:00+00:00,245.95,256.5,242.76,254.29,6663.0
2020-05-08 01:00:00+00:00,254.34,256.83,251.2,253.04,10852.0
2020-05-08 05:00:00+00:00,253.19,258.45,251.62,253.51,4275.0
2020-05-08 09:00:00+00:00,253.35,256.54,248.3,250.78,3854.0
2020-05-08 13:00:00+00:00,250.76,254.69,249.67,254.55,3528.0
2020-05-08 17:00:00+00:00,254.54,254.56,251.47,253.76,3595.0
2020-05-08 21:00:00+00:00,253.74,265.4,253.45,261.84,5205.0
2020-05-09 01:00:00+00:00,261.85,263.15,261.28,262.3,690.0
2020-05-11 01:00:00+00:00,234.12,234.91,232.43,233.76,2291.0
2020-05-11 05:00:00+00:00,233.87,237.68,230.67,235.04,4046.0
2020-05-11 09:00:00+00:00,234.93,235.61,231.0,231.86,2623.0
2020-05-11 13:00:00+00:00,231.88,236.05,227.12,234.46,6603.0
2020-05-11 17:00:00+00:00,234.49,238.4,229.88,231.29,6594.0
2020-05-11 21:00:00+00:00,231.3,234.46,218.13,223.49,10588.0
2020-05-12 01:00:00+00:00,223.51,234.56,220.13,231.4,13046.0
2020-05-12 05:00:00+00:00,231.42,239.58,230.46,234.46,6753.0
2020-05-12 09:00:00+00:00,234.48,237.35,233.42,235.34,3296.0
2020-05-12 13:00:00+00:00,235.35,237.53,232.88,236.43,5570.0
2020-05-12 17:00:00+00:00,236.23,237.18,232.39,235.45,4674.0
2020-05-12 21:00:00+00:00,235.21,236.02,232.94,234.24,3001.0
2020-05-13 01:00:00+00:00,234.36,236.27,228.68,232.86,5509.0
2020-05-13 05:00:00+00:00,232.98,235.6,232.42,235.37,1550.0
2020-05-13 09:00:00+00:00,235.49,235.95,232.84,234.36,1172.0
2020-05-13 13:00:00+00:00,234.48,234.88,231.92,234.43,1032.0
2020-05-13 17:00:00+00:00,234.45,237.9,234.15,236.4,1557.0
2020-05-13 21:00:00+00:00,236.54,240.14,235.72,236.33,1448.0
2020-05-14 01:00:00+00:00,236.47,242.05,236.24,239.81,4231.0
2020-05-14 05:00:00+00:00,239.66,240.97,237.02,238.58,1747.0
2020-05-14 09:00:00+00:00,238.43,238.81,234.03,238.17,2631.0
2020-05-14 13:00:00+00:00,238.02,245.76,235.98,241.98,5696.0
2020-05-14 17:00:00+00:00,242.14,245.14,240.0,241.46,3936.0
2020-05-14 21:00:00+00:00,241.25,243.02,236.32,240.94,2716.0
2020-05-15 01:00:00+00:00,240.92,246.08,240.68,243.4,5168.0
2020-05-15 05:00:00+00:00,243.43,243.77,234.81,237.87,3480.0
2020-05-15 09:00:00+00:00,237.85,239.61,235.68,238.45,2606.0
2020-05-15 13:00:00+00:00,238.21,240.63,237.12,239.13,2513.0
2020-05-15 17:00:00+00:00,239.15,242.18,238.13,238.98,2943.0
2020-05-15 21:00:00+00:00,238.96,239.11,236.06,236.98,2649.0
2020-05-16 01:00:00+00:00,236.99,237.33,234.6,235.41,1101.0
2020-05-18 01:00:00+00:00,243.16,243.19,240.91,241.99,3554.0
2020-05-18 05:00:00+00:00,241.98,255.33,239.42,252.91,4194.0
2020-05-18 09:00:00+00:00,253.01,254.51,248.28,249.92,3303.0
2020-05-18 13:00:00+00:00,249.72,250.62,244.24,246.96,3336.0
2020-05-18 17:00:00+00:00,246.95,248.4,245.0,246.76,1841.0
2020-05-18 21:00:00+00:00,246.74,247.11,242.26,244.93,2401.0
2020-05-19 01:00:00+00:00,244.78,247.47,244.6,247.11,2779.0
2020-05-19 05:00:00+00:00,247.08,248.58,242.49,245.07,2724.0
2020-05-19 09:00:00+00:00,245.03,247.11,242.4,246.23,2506.0
2020-05-19 13:00:00+00:00,246.32,250.89,244.86,248.71,2524.0
2020-05-19 17:00:00+00:00,248.73,250.61,243.67,245.49,3712.0
2020-05-19 21:00:00+00:00,245.51,246.98,244.37,245.83,1553.0
2020-05-20 01:00:00+00:00,245.87,247.05,243.64,246.27,2921.0
2020-05-20 05:00:00+00:00,246.29,247.75,245.32,246.12,6356.0
2020-05-20 09:00:00+00:00,246.1,247.49,244.52,245.35,2288.0
2020-05-20 13:00:00+00:00,245.33,247.18,245.03,246.3,2246.0
2020-05-20 17:00:00+00:00,246.45,247.52,245.24,246.54,1622.0
2020-05-20 21:00:00+00:00,246.48,246.48,234.76,239.55,4312.0
2020-05-21 01:00:00+00:00,239.54,240.6,238.14,240.08,1599.0
2020-05-21 05:00:00+00:00,240.08,242.92,238.72,240.24,2087.0
2020-05-21 09:00:00+00:00,240.22,240.9,237.81,238.02,2113.0
2020-05-21 13:00:00+00:00,238.09,240.04,233.63,237.02,3304.0
2020-05-21 17:00:00+00:00,237.04,237.69,222.82,227.36,5355.0
2020-05-21 21:00:00+00:00,227.29,228.94,221.12,221.16,3892.0
2020-05-22 01:00:00+00:00,221.14,230.14,220.37,229.8,6170.0
2020-05-22 05:00:00+00:00,229.77,230.05,225.03,226.43,4059.0
2020-05-22 09:00:00+00:00,226.45,231.95,225.02,230.86,2958.0
2020-05-22 13:00:00+00:00,230.93,234.35,230.04,233.61,2943.0
2020-05-22 17:00:00+00:00,233.6,234.81,231.32,233.13,2650.0
2020-05-22 21:00:00+00:00,233.11,235.9,233.08,234.51,2680.0
2020-05-23 01:00:00+00:00,234.39,235.44,233.05,234.11,473.0
2020-05-25 01:00:00+00:00,230.03,230.12,229.05,229.81,906.0
2020-05-25 05:00:00+00:00,229.86,230.08,221.01,226.9,5277.0
2020-05-25 09:00:00+00:00,226.92,228.43,225.59,227.13,1739.0
2020-05-25 13:00:00+00:00,227.15,231.96,227.03,227.03,3038.0
2020-05-25 17:00:00+00:00,227.05,230.86,226.92,228.15,3228.0
2020-05-25 21:00:00+00:00,228.32,233.13,228.13,231.32,3015.0
2020-05-26 01:00:00+00:00,231.33,232.59,229.93,230.47,1867.0
2020-05-26 05:00:00+00:00,230.49,231.38,227.55,229.22,1642.0
2020-05-26 09:00:00+00:00,229.09,230.08,226.82,227.63,1352.0
2020-05-26 13:00:00+00:00,227.37,230.17,226.98,227.89,1630.0
2020-05-26 17:00:00+00:00,227.87,228.74,225.91,227.39,1798.0
2020-05-26 21:00:00+00:00,227.37,228.52,223.85,228.32,2408.0
2020-05-27 01:00:00+00:00,228.33,229.66,226.73,228.52,1676.0
2020-05-27 05:00:00+00:00,228.54,229.35,227.05,227.24,2195.0
2020-05-27 09:00:00+00:00,227.27,229.07,226.88,227.65,2517.0
2020-05-27 13:00:00+00:00,227.73,234.17,227.24,233.07,3697.0
2020-05-27 17:00:00+00:00,233.18,234.46,232.01,232.66,2332.0
2020-05-27 21:00:00+00:00,232.64,233.58,231.32,232.27,2717.0
2020-05-28 01:00:00+00:00,232.29,232.4,229.83,230.77,1467.0
2020-05-28 05:00:00+00:00,230.76,233.78,230.59,231.96,1911.0
2020-05-28 09:00:00+00:00,231.93,231.93,229.97,231.26,1954.0
2020-05-28 13:00:00+00:00,231.27,231.39,228.82,230.14,2174.0
2020-05-28 17:00:00+00:00,230.23,235.88,229.9,235.85,4303.0
2020-05-28 21:00:00+00:00,235.86,238.02,235.6,236.06,2089.0
2020-05-29 01:00:00+00:00,236.04,238.33,235.7,237.62,1690.0
2020-05-29 05:00:00+00:00,237.66,243.91,237.54,241.02,2706.0
2020-05-29 09:00:00+00:00,240.8,241.53,238.58,239.52,1372.0
2020-05-29 13:00:00+00:00,239.54,240.96,235.28,235.3,2061.0
2020-05-29 17:00:00+00:00,235.15,237.44,234.57,236.64,1652.0
2020-05-29 21:00:00+00:00,236.54,240.83,234.26,238.96,2365.0
2020-05-30 01:00:00+00:00,239.09,239.09,237.33,238.05,405.0
2020-06-01 01:00:00+00:00,242.11,242.94,239.48,240.88,2058.0
2020-06-01 05:00:00+00:00,240.74,243.45,236.16,242.24,4998.0
2020-06-01 09:00:00+00:00,242.35,244.5,241.33,241.79,1969.0
2020-06-01 13:00:00+00:00,241.8,243.38,240.02,241.58,1919.0
2020-06-01 17:00:00+00:00,241.6,245.06,239.31,244.14,3424.0
2020-06-01 21:00:00+00:00,244.15,244.62,241.31,244.38,3681.0
2020-06-02 01:00:00+00:00,244.4,248.03,243.42,247.82,3105.0
2020-06-02 05:00:00+00:00,247.93,262.44,247.32,259.63,7981.0
2020-06-02 09:00:00+00:00,259.65,263.98,258.98,260.42,2299.0
2020-06-02 13:00:00+00:00,260.67,269.35,260.46,268.38,4700.0
2020-06-02 17:00:00+00:00,268.36,268.48,243.11,250.7,8489.0
2020-06-02 21:00:00+00:00,250.66,251.59,242.26,248.57,6443.0
2020-06-03 01:00:00+00:00,248.41,252.49,248.23,250.42,3791.0
2020-06-03 05:00:00+00:00,250.43,252.21,246.25,247.98,3220.0
2020-06-03 09:00:00+00:00,247.96,250.27,246.42,248.18,2909.0
2020-06-03 13:00:00+00:00,248.29,251.4,246.97,250.3,2047.0
2020-06-03 17:00:00+00:00,250.38,251.8,248.31,250.64,2128.0
2020-06-03 21:00:00+00:00,250.62,252.59,248.95,252.23,1678.0
2020-06-04 01:00:00+00:00,252.24,253.39,250.25,252.51,2153.0
2020-06-04 05:00:00+00:00,252.56,260.37,251.58,260.22,2573.0
2020-06-04 09:00:00+00:00,260.21,260.87,255.67,257.58,1668.0
2020-06-04 13:00:00+00:00,257.56,257.98,252.34,253.48,2532.0
2020-06-04 17:00:00+00:00,253.42,259.18,247.58,255.48,5048.0
2020-06-04 21:00:00+00:00,255.32,258.32,252.85,253.67,3063.0
2020-06-05 01:00:00+00:00,253.6,257.03,252.54,255.94,7110.0
2020-06-05 05:00:00+00:00,255.92,263.21,254.83,260.26,2586.0
2020-06-05 09:00:00+00:00,260.4,262.04,257.69,260.77,3107.0
2020-06-05 13:00:00+00:00,260.66,262.91,255.66,257.38,3384.0
2020-06-05 17:00:00+00:00,257.23,258.43,254.35,256.26,2412.0
2020-06-05 21:00:00+00:00,256.07,259.65,254.67,258.9,1824.0
2020-06-06 01:00:00+00:00,258.91,259.05,256.96,257.74,266.0
2020-06-08 01:00:00+00:00,252.43,253.63,252.43,253.12,1165.0
2020-06-08 05:00:00+00:00,253.14,255.08,252.6,254.05,2963.0
2020-06-08 09:00:00+00:00,254.11,256.83,253.89,256.01,1261.0
2020-06-08 13:00:00+00:00,256.03,256.31,253.53,254.24,1587.0
2020-06-08 17:00:00+00:00,254.26,254.52,251.58,251.68,2300.0
2020-06-08 21:00:00+00:00,251.67,254.05,251.35,252.98,1908.0
2020-06-09 01:00:00+00:00,252.96,253.96,251.9,251.9,1566.0
2020-06-09 05:00:00+00:00,251.9,257.42,250.46,253.82,3192.0
2020-06-09 09:00:00+00:00,253.74,253.74,251.74,253.22,1696.0
2020-06-09 13:00:00+00:00,253.3,253.7,250.92,252.32,2490.0
2020-06-09 17:00:00+00:00,252.18,254.82,251.74,253.1,4084.0
2020-06-09 21:00:00+00:00,253.1,253.96,252.49,252.61,1225.0
2020-06-10 01:00:00+00:00,252.71,254.85,251.18,254.04,3394.0
2020-06-10 05:00:00+00:00,254.02,255.88,253.6,255.01,2618.0
2020-06-10 09:00:00+00:00,254.99,258.97,253.72,257.38,2226.0
2020-06-10 13:00:00+00:00,257.4,257.67,249.89,253.55,2156.0
2020-06-10 17:00:00+00:00,253.57,254.87,252.84,253.95,1208.0
2020-06-10 21:00:00+00:00,253.91,258.37,251.7,254.97,4451.0
2020-06-11 01:00:00+00:00,254.99,257.83,254.67,257.31,4818.0
2020-06-11 05:00:00+00:00,257.19,258.36,256.6,256.98,1672.0
2020-06-11 09:00:00+00:00,257.0,257.66,253.59,255.32,1403.0
2020-06-11 13:00:00+00:00,255.3,255.49,253.4,254.52,1083.0
2020-06-11 17:00:00+00:00,254.51,254.54,246.99,248.45,3517.0
2020-06-11 21:00:00+00:00,248.43,248.43,230.79,237.36,7981.0
2020-06-12 01:00:00+00:00,237.26,238.26,235.12,235.84,2369.0
2020-06-12 05:00:00+00:00,235.82,236.9,232.82,236.84,2387.0
2020-06-12 09:00:00+00:00,236.92,238.92,236.54,237.92,1823.0
2020-06-12 13:00:00+00:00,237.95,241.04,237.95,240.17,1651.0
2020-06-12 17:00:00+00:00,240.34,243.57,240.04,240.73,2773.0
2020-06-12 21:00:00+00:00,240.71,241.27,238.39,239.79,2744.0
2020-06-13 01:00:00+00:00,239.8,240.52,239.14,239.4,506.0
2020-06-15 01:00:00+00:00,236.37,238.55,234.91,238.16,1377.0
2020-06-15 05:00:00+00:00,238.13,238.27,233.64,234.65,1981.0
2020-06-15 09:00:00+00:00,234.64,234.65,224.2,227.04,5183.0
2020-06-15 13:00:00+00:00,226.98,229.61,226.75,227.51,3380.0
2020-06-15 17:00:00+00:00,227.49,230.98,226.37,230.15,3202.0
2020-06-15 21:00:00+00:00,230.14,235.7,230.12,235.48,5721.0
2020-06-16 01:00:00+00:00,235.49,237.98,234.92,236.55,2506.0
2020-06-16 05:00:00+00:00,236.57,237.21,234.85,236.32,2041.0
2020-06-16 09:00:00+00:00,236.3,239.08,235.97,235.97,2178.0
2020-06-16 13:00:00+00:00,235.99,238.21,235.88,237.73,2420.0
2020-06-16 17:00:00+00:00,237.74,238.77,232.91,234.93,4092.0
2020-06-16 21:00:00+00:00,234.92,236.54,234.2,236.21,2735.0
2020-06-17 01:00:00+00:00,236.15,237.37,235.12,237.27,2319.0
2020-06-17 05:00:00+00:00,237.29,237.68,234.91,235.98,2465.0
2020-06-17 09:00:00+00:00,235.96,241.73,235.48,240.38,2634.0
2020-06-17 13:00:00+00:00,240.4,241.52,239.18,239.7,2604.0
2020-06-17 17:00:00+00:00,239.68,242.88,238.17,238.77,3950.0
2020-06-17 21:00:00+00:00,238.56,240.24,236.25,238.05,2914.0
2020-06-18 01:00:00+00:00,237.93,239.88,235.4,239.33,1661.0
2020-06-18 05:00:00+00:00,239.5,240.57,238.34,238.98,1313.0
2020-06-18 09:00:00+00:00,238.79,239.49,237.79,238.65,847.0
2020-06-18 13:00:00+00:00,238.79,239.77,238.01,239.74,945.0
2020-06-18 17:00:00+00:00,239.76,239.96,237.8,239.17,1411.0
2020-06-18 21:00:00+00:00,239.15,239.16,236.15,236.67,1281.0
2020-06-19 01:00:00+00:00,236.54,237.23,233.58,235.77,2054.0
2020-06-19 05:00:00+00:00,235.79,236.61,231.3,231.6,2865.0
2020-06-19 09:00:00+00:00,231.45,233.18,230.13,232.46,1724.0
2020-06-19 13:00:00+00:00,232.48,236.11,231.66,234.9,2156.0
2020-06-19 17:00:00+00:00,234.92,235.63,233.92,234.55,1873.0
2020-06-19 21:00:00+00:00,234.57,235.7,231.79,233.01,2887.0
2020-06-20 01:00:00+00:00,233.12,233.68,232.75,232.9,372.0
2020-06-22 01:00:00+00:00,231.88,231.88,229.73,230.27,913.0
2020-06-22 05:00:00+00:00,230.07,235.97,229.51,235.05,2552.0
2020-06-22 09:00:00+00:00,235.18,237.27,234.53,235.45,3117.0
2020-06-22 13:00:00+00:00,235.43,236.46,235.16,236.24,2163.0
2020-06-22 17:00:00+00:00,236.4,238.54,235.75,236.7,3487.0
2020-06-22 21:00:00+00:00,236.71,242.2,236.39,242.07,3585.0
2020-06-23 01:00:00+00:00,242.19,243.13,240.29,240.86,3519.0
2020-06-23 05:00:00+00:00,240.99,242.52,239.13,240.27,4479.0
2020-06-23 09:00:00+00:00,240.26,240.95,239.06,240.26,3827.0
2020-06-23 13:00:00+00:00,240.39,241.77,239.26,239.65,2261.0
2020-06-23 17:00:00+00:00,239.64,241.6,239.38,240.86,1383.0
2020-06-23 21:00:00+00:00,240.85,244.33,240.68,242.44,1942.0
2020-06-24 01:00:00+00:00,242.46,243.31,240.22,240.33,2361.0
2020-06-24 05:00:00+00:00,240.35,242.71,239.74,242.43,1607.0
2020-06-24 09:00:00+00:00,242.56,245.53,241.4,244.41,1842.0
2020-06-24 13:00:00+00:00,244.43,244.68,234.54,235.81,3986.0
2020-06-24 17:00:00+00:00,235.83,237.71,232.27,232.33,4424.0
2020-06-24 21:00:00+00:00,232.41,232.93,229.17,232.6,3344.0
2020-06-25 01:00:00+00:00,232.77,233.32,232.01,232.93,1367.0
2020-06-25 05:00:00+00:00,232.92,233.45,231.35,231.99,1705.0
2020-06-25 09:00:00+00:00,231.84,231.95,225.8,231.33,3121.0
2020-06-25 13:00:00+00:00,231.51,234.75,230.23,233.52,1970.0
2020-06-25 17:00:00+00:00,233.54,234.5,231.49,233.71,1625.0
2020-06-25 21:00:00+00:00,233.7,234.48,232.33,232.39,759.0
2020-06-26 01:00:00+00:00,232.28,233.24,231.18,232.63,813.0
2020-06-26 05:00:00+00:00,232.61,233.61,230.76,232.43,1312.0
2020-06-26 09:00:00+00:00,232.42,232.42,230.05,230.49,1284.0
2020-06-26 13:00:00+00:00,230.35,231.82,227.91,230.98,3050.0
2020-06-26 17:00:00+00:00,230.99,233.21,227.8,228.98,2544.0
2020-06-26 21:00:00+00:00,228.96,231.02,228.73,229.83,2745.0
2020-06-27 01:00:00+00:00,229.92,230.4,229.34,230.32,547.0
2020-06-29 01:00:00+00:00,223.29,223.34,221.89,222.36,625.0
2020-06-29 05:00:00+00:00,222.35,223.65,221.67,221.87,1759.0
2020-06-29 09:00:00+00:00,221.69,222.43,219.12,220.13,2048.0
2020-06-29 13:00:00+00:00,220.26,221.12,218.17,220.25,2882.0
2020-06-29 17:00:00+00:00,220.23,223.34,219.39,220.29,2026.0
2020-06-29 21:00:00+00:00,220.3,222.68,220.14,222.11,1355.0
2020-06-30 01:00:00+00:00,222.13,227.45,222.1,225.18,2500.0
2020-06-30 05:00:00+00:00,225.2,226.12,223.95,224.65,1480.0
2020-06-30 09:00:00+00:00,224.64,225.08,222.05,224.42,1716.0
2020-06-30 13:00:00+00:00,224.51,224.55,222.64,223.52,3723.0
2020-06-30 17:00:00+00:00,223.3,223.74,220.4,223.11,3080.0
2020-06-30 21:00:00+00:00,223.28,225.04,220.54,220.65,3031.0
2020-07-01 01:00:00+00:00,220.67,222.2,220.45,221.54,2176.0
2020-07-01 05:00:00+00:00,221.55,223.33,220.91,223.12,2997.0
2020-07-01 09:00:00+00:00,223.14,225.68,220.58,223.05,6307.0
2020-07-01 13:00:00+00:00,222.79,224.87,222.32,223.83,4857.0
2020-07-01 17:00:00+00:00,223.74,226.58,222.91,224.88,5200.0
2020-07-01 21:00:00+00:00,224.9,226.91,224.89,225.7,2389.0
2020-07-02 01:00:00+00:00,225.57,225.8,222.64,224.04,2095.0
2020-07-02 05:00:00+00:00,224.02,224.36,222.6,223.82,3706.0
2020-07-02 09:00:00+00:00,223.8,224.58,222.98,223.45,2406.0
2020-07-02 13:00:00+00:00,223.46,224.45,222.74,223.45,3153.0
2020-07-02 17:00:00+00:00,223.43,225.8,222.48,223.5,5499.0
2020-07-02 21:00:00+00:00,223.34,223.52,217.27,219.51,12782.0
2020-07-03 01:00:00+00:00,219.49,221.53,218.27,220.36,4656.0
2020-07-03 05:00:00+00:00,220.39,221.07,219.09,219.9,2945.0
2020-07-03 09:00:00+00:00,219.96,223.28,219.5,221.17,6369.0
2020-07-03 13:00:00+00:00,221.19,223.46,220.51,221.86,6230.0
2020-07-03 17:00:00+00:00,221.85,223.27,221.36,222.08,3881.0
2020-07-03 21:00:00+00:00,222.1,223.83,221.48,221.72,2293.0
2020-07-04 01:00:00+00:00,221.69,222.65,221.42,222.52,444.0
2020-07-06 01:00:00+00:00,219.61,222.86,219.59,222.41,4685.0
2020-07-06 05:00:00+00:00,222.45,224.58,221.77,223.18,12043.0
2020-07-06 09:00:00+00:00,223.2,229.4,222.57,228.98,7166.0
2020-07-06 13:00:00+00:00,229.1,229.85,227.23,228.25,16635.0
2020-07-06 17:00:00+00:00,228.23,234.11,228.2,233.21,10002.0
2020-07-06 21:00:00+00:00,233.26,241.63,232.97,237.68,20116.0
2020-07-07 01:00:00+00:00,237.58,241.7,236.6,241.03,11954.0
2020-07-07 05:00:00+00:00,241.05,244.54,237.54,239.72,11675.0
2020-07-07 09:00:00+00:00,239.7,240.94,236.07,237.71,8963.0
2020-07-07 13:00:00+00:00,237.68,238.49,236.13,237.82,3799.0
2020-07-07 17:00:00+00:00,237.8,238.88,235.89,237.42,4948.0
2020-07-07 21:00:00+00:00,237.39,239.28,236.92,237.9,3636.0
2020-07-08 01:00:00+00:00,237.92,238.07,234.89,237.86,3683.0
2020-07-08 05:00:00+00:00,237.95,242.16,235.98,241.43,3126.0
2020-07-08 09:00:00+00:00,241.46,244.31,239.01,240.05,8988.0
2020-07-08 13:00:00+00:00,240.07,243.96,239.47,243.75,8516.0
2020-07-08 17:00:00+00:00,243.78,246.08,240.61,244.74,10716.0
2020-07-08 21:00:00+00:00,244.86,245.43,242.45,243.49,4978.0
2020-07-09 01:00:00+00:00,243.32,245.02,242.88,244.33,4068.0
2020-07-09 05:00:00+00:00,244.35,244.35,238.8,240.01,6064.0
2020-07-09 09:00:00+00:00,239.92,245.69,239.51,244.84,6043.0
2020-07-09 13:00:00+00:00,244.86,244.9,241.23,241.78,6270.0
2020-07-09 17:00:00+00:00,241.86,245.06,238.41,239.12,9907.0
2020-07-09 21:00:00+00:00,239.03,239.09,235.2,237.62,8606.0
2020-07-10 01:00:00+00:00,237.69,238.16,232.95,237.53,7286.0
2020-07-10 05:00:00+00:00,237.55,238.37,235.64,237.02,9173.0
2020-07-10 09:00:00+00:00,237.05,237.61,233.62,234.0,5779.0
2020-07-10 13:00:00+00:00,234.02,240.13,232.31,237.71,13002.0
2020-07-10 17:00:00+00:00,237.7,238.59,234.77,236.67,7554.0
2020-07-10 21:00:00+00:00,236.73,238.28,235.9,236.94,5904.0
2020-07-11 01:00:00+00:00,236.91,238.1,236.57,237.49,954.0
2020-07-13 01:00:00+00:00,235.38,238.12,235.34,237.2,1429.0
2020-07-13 05:00:00+00:00,237.21,238.08,236.0,236.93,8612.0
2020-07-13 09:00:00+00:00,236.97,237.28,234.77,235.13,8886.0
2020-07-13 13:00:00+00:00,235.18,237.43,235.12,237.16,5805.0
2020-07-13 17:00:00+00:00,237.18,237.97,236.0,236.39,5595.0
2020-07-13 21:00:00+00:00,236.34,237.02,232.64,233.55,5289.0
2020-07-14 01:00:00+00:00,233.54,233.54,224.03,231.7,12462.0
2020-07-14 05:00:00+00:00,231.66,232.28,229.69,230.46,4732.0
2020-07-14 09:00:00+00:00,230.49,230.96,226.23,228.22,4744.0
2020-07-14 13:00:00+00:00,228.24,229.26,226.99,228.11,1834.0
2020-07-14 17:00:00+00:00,228.13,231.74,227.1,229.46,5648.0
2020-07-14 21:00:00+00:00,229.48,230.4,228.87,229.58,2883.0
2020-07-15 01:00:00+00:00,229.62,231.07,229.11,230.21,1861.0
2020-07-15 05:00:00+00:00,230.23,231.1,227.94,228.54,2918.0
2020-07-15 09:00:00+00:00,228.5,229.97,227.37,228.21,2893.0
2020-07-15 13:00:00+00:00,228.18,229.41,226.97,228.9,3365.0
2020-07-15 17:00:00+00:00,228.94,229.36,228.01,229.29,3087.0
2020-07-15 21:00:00+00:00,229.3,229.51,225.7,226.35,4632.0
2020-07-16 01:00:00+00:00,226.33,228.36,225.71,227.33,2471.0
2020-07-16 05:00:00+00:00,227.31,227.91,226.1,227.05,2134.0
2020-07-16 09:00:00+00:00,227.04,227.8,222.75,223.96,3016.0
2020-07-16 13:00:00+00:00,223.94,223.94,216.37,221.4,9972.0
2020-07-16 17:00:00+00:00,221.43,222.73,220.32,222.37,5282.0
2020-07-16 21:00:00+00:00,222.39,223.37,221.66,221.82,4692.0
2020-07-17 01:00:00+00:00,221.86,224.45,221.08,223.95,4911.0
2020-07-17 05:00:00+00:00,223.96,224.69,223.13,223.89,2416.0
2020-07-17 09:00:00+00:00,223.92,224.15,221.55,223.03,3148.0
2020-07-17 13:00:00+00:00,223.05,223.8,222.18,222.96,2752.0
2020-07-17 17:00:00+00:00,222.99,225.4,222.36,223.68,2506.0
2020-07-17 21:00:00+00:00,223.7,224.09,222.35,222.79,1392.0
2020-07-18 01:00:00+00:00,222.75,223.0,222.32,222.77,268.0
2020-07-20 01:00:00+00:00,226.28,228.08,225.65,227.35,735.0
2020-07-20 05:00:00+00:00,227.37,228.98,226.25,226.52,2950.0
2020-07-20 09:00:00+00:00,226.5,227.21,225.81,225.92,789.0
2020-07-20 13:00:00+00:00,225.9,226.46,223.67,224.55,1831.0
2020-07-20 17:00:00+00:00,224.46,225.55,223.68,225.04,2867.0
2020-07-20 21:00:00+00:00,225.02,225.4,223.4,223.85,1310.0
2020-07-21 01:00:00+00:00,223.83,224.08,220.72,222.86,4085.0
2020-07-21 05:00:00+00:00,222.89,224.68,222.22,223.9,2174.0
2020-07-21 09:00:00+00:00,223.92,227.19,223.41,226.06,3234.0
2020-07-21 13:00:00+00:00,226.08,230.18,225.6,229.95,3873.0
2020-07-21 17:00:00+00:00,229.98,232.71,228.63,230.7,5437.0
2020-07-21 21:00:00+00:00,230.72,231.55,229.56,230.79,2080.0
2020-07-22 01:00:00+00:00,230.8,231.13,228.54,229.84,1908.0
2020-07-22 05:00:00+00:00,229.79,230.58,227.85,229.2,2135.0
2020-07-22 09:00:00+00:00,229.18,229.4,227.91,228.42,2617.0
2020-07-22 13:00:00+00:00,228.43,230.27,227.54,230.1,2341.0
2020-07-22 17:00:00+00:00,230.13,233.57,229.45,233.52,1993.0
2020-07-22 21:00:00+00:00,233.51,234.04,231.95,232.55,2367.0
2020-07-23 01:00:00+00:00,232.65,239.41,231.27,238.3,4430.0
2020-07-23 05:00:00+00:00,238.32,241.48,237.91,238.57,5543.0
2020-07-23 09:00:00+00:00,238.58,239.21,237.33,238.28,2724.0
2020-07-23 13:00:00+00:00,238.26,239.15,237.53,238.1,1895.0
2020-07-23 17:00:00+00:00,238.05,239.51,235.21,236.79,4008.0
2020-07-23 21:00:00+00:00,236.75,243.43,236.23,239.1,7822.0
2020-07-24 01:00:00+00:00,239.07,239.7,237.07,238.73,2602.0
2020-07-24 05:00:00+00:00,238.71,239.06,236.59,237.93,4288.0
2020-07-24 09:00:00+00:00,237.91,238.24,232.85,232.92,3905.0
2020-07-24 13:00:00+00:00,232.77,236.69,232.53,236.29,2304.0
2020-07-24 17:00:00+00:00,236.33,236.56,234.2,235.67,1920.0
2020-07-24 21:00:00+00:00,235.64,239.23,234.89,238.52,3272.0
2020-07-25 01:00:00+00:00,238.57,238.75,237.51,238.27,772.0
2020-07-27 01:00:00+00:00,246.33,249.44,246.04,248.84,2125.0
2020-07-27 05:00:00+00:00,248.82,254.06,246.96,251.71,11021.0
2020-07-27 09:00:00+00:00,251.69,254.91,249.1,253.99,10373.0
2020-07-27 13:00:00+00:00,253.98,259.31,248.93,258.83,9269.0
2020-07-27 17:00:00+00:00,258.85,264.24,254.79,256.14,17030.0
2020-07-27 21:00:00+00:00,255.97,270.6,250.83,267.62,19369.0
2020-07-28 01:00:00+00:00,267.56,276.15,265.73,273.84,9236.0
2020-07-28 05:00:00+00:00,273.82,278.47,264.55,276.39,19851.0
2020-07-28 09:00:00+00:00,276.44,276.78,270.09,273.13,13372.0
2020-07-28 13:00:00+00:00,273.11,274.17,264.84,272.39,17344.0
2020-07-28 17:00:00+00:00,272.31,294.47,271.51,294.1,22155.0
2020-07-28 21:00:00+00:00,294.09,297.85,288.21,290.28,29531.0
2020-07-29 01:00:00+00:00,290.29,295.92,287.29,293.04,12005.0
2020-07-29 05:00:00+00:00,293.06,295.17,285.43,289.0,12542.0
2020-07-29 09:00:00+00:00,289.19,293.57,286.81,293.1,15118.0
2020-07-29 13:00:00+00:00,293.23,293.79,288.09,290.08,20092.0
2020-07-29 17:00:00+00:00,290.05,293.22,283.56,288.84,13916.0
2020-07-29 21:00:00+00:00,288.81,291.83,286.46,290.36,18666.0
2020-07-30 01:00:00+00:00,290.34,294.07,289.95,290.34,10224.0
2020-07-30 05:00:00+00:00,290.35,290.54,281.67,282.97,14908.0
2020-07-30 09:00:00+00:00,282.94,285.25,280.96,285.06,7445.0
2020-07-30 13:00:00+00:00,285.13,286.42,281.9,283.93,5336.0
2020-07-30 17:00:00+00:00,283.87,290.31,281.52,287.66,8819.0
2020-07-30 21:00:00+00:00,287.69,291.75,287.16,290.63,9604.0
2020-07-31 01:00:00+00:00,290.68,298.04,290.46,294.33,7528.0
2020-07-31 05:00:00+00:00,294.3,295.15,287.78,288.71,6326.0
2020-07-31 09:00:00+00:00,288.72,292.68,287.43,292.51,4931.0
2020-07-31 13:00:00+00:00,292.53,296.03,289.87,295.12,5472.0
2020-07-31 17:00:00+00:00,295.08,298.1,291.6,298.1,6417.0
2020-07-31 21:00:00+00:00,298.09,306.94,296.28,300.16,10964.0
2020-08-01 01:00:00+00:00,300.14,301.93,300.14,300.68,1732.0
2020-08-03 01:00:00+00:00,287.11,288.49,284.36,284.87,1673.0
2020-08-03 05:00:00+00:00,284.93,291.54,279.74,290.5,8428.0
2020-08-03 09:00:00+00:00,290.52,292.94,286.9,289.54,3853.0
2020-08-03 13:00:00+00:00,289.48,291.56,285.49,289.68,4788.0
2020-08-03 17:00:00+00:00,289.5,296.43,287.9,294.01,6864.0
2020-08-03 21:00:00+00:00,293.96,305.11,291.1,302.41,9029.0
2020-08-04 01:00:00+00:00,302.38,302.54,291.06,293.59,7347.0
2020-08-04 05:00:00+00:00,293.55,303.49,291.63,296.58,23071.0
2020-08-04 09:00:00+00:00,296.55,298.55,291.77,293.95,17418.0
2020-08-04 13:00:00+00:00,293.88,297.01,292.25,293.01,13150.0
2020-08-04 17:00:00+00:00,292.92,294.27,281.4,288.96,24038.0
2020-08-04 21:00:00+00:00,288.98,291.86,284.4,287.45,15843.0
2020-08-05 01:00:00+00:00,287.41,290.33,286.04,289.83,3546.0
2020-08-05 05:00:00+00:00,289.86,291.42,283.82,288.18,5598.0
2020-08-05 09:00:00+00:00,287.88,292.98,287.77,289.96,3101.0
2020-08-05 13:00:00+00:00,290.09,294.07,289.18,293.67,3303.0
2020-08-05 17:00:00+00:00,293.82,299.06,292.28,294.54,7689.0
2020-08-05 21:00:00+00:00,294.6,297.22,293.01,294.3,5344.0
2020-08-06 01:00:00+00:00,294.28,297.9,285.4,290.77,7483.0
2020-08-06 05:00:00+00:00,290.79,295.11,287.76,291.97,7863.0
2020-08-06 09:00:00+00:00,292.0,292.4,287.43,292.14,4170.0
2020-08-06 13:00:00+00:00,291.83,292.81,289.22,290.21,3383.0
2020-08-06 17:00:00+00:00,290.19,307.35,289.01,305.0,9307.0
2020-08-06 21:00:00+00:00,305.03,316.73,305.03,316.64,11900.0
2020-08-07 01:00:00+00:00,316.33,320.09,305.42,309.93,7217.0
2020-08-07 05:00:00+00:00,309.79,326.67,306.05,321.53,10823.0
2020-08-07 09:00:00+00:00,321.54,323.17,317.07,321.25,5954.0
2020-08-07 13:00:00+00:00,321.22,324.84,318.53,320.95,7065.0
2020-08-07 17:00:00+00:00,320.88,323.05,311.24,315.15,10590.0
2020-08-07 21:00:00+00:00,315.13,317.1,278.58,297.02,19105.0
2020-08-08 01:00:00+00:00,297.04,300.35,295.83,298.83,1348.0
2020-08-10 01:00:00+00:00,297.57,299.79,297.44,298.89,2117.0
2020-08-10 05:00:00+00:00,298.92,309.88,297.84,307.49,9269.0
2020-08-10 09:00:00+00:00,307.51,309.64,304.42,307.06,4800.0
2020-08-10 13:00:00+00:00,307.1,307.77,285.59,297.73,5527.0
2020-08-10 17:00:00+00:00,297.5,305.21,297.03,302.71,7081.0
2020-08-10 21:00:00+00:00,302.68,308.0,299.88,302.67,8861.0
2020-08-11 01:00:00+00:00,302.65,303.78,299.05,302.21,7374.0
2020-08-11 05:00:00+00:00,302.18,306.05,300.75,301.42,9309.0
2020-08-11 09:00:00+00:00,301.4,302.54,295.89,298.19,5910.0
2020-08-11 13:00:00+00:00,298.33,299.16,291.88,297.01,7645.0
2020-08-11 17:00:00+00:00,297.17,298.96,285.88,288.51,10616.0
2020-08-11 21:00:00+00:00,288.13,288.39,277.6,282.73,14210.0
2020-08-12 01:00:00+00:00,282.71,283.39,269.77,280.29,9974.0
2020-08-12 05:00:00+00:00,280.28,283.57,275.01,276.03,9421.0
2020-08-12 09:00:00+00:00,276.12,279.79,270.86,278.15,9965.0
2020-08-12 13:00:00+00:00,278.16,289.49,277.71,288.46,9658.0
2020-08-12 17:00:00+00:00,288.42,290.48,285.38,288.75,6769.0
2020-08-12 21:00:00+00:00,288.79,289.91,280.63,281.51,7423.0
2020-08-13 01:00:00+00:00,281.53,285.38,281.48,284.61,5822.0
2020-08-13 05:00:00+00:00,284.7,288.68,283.55,285.98,8632.0
2020-08-13 09:00:00+00:00,286.08,287.25,282.2,283.99,4305.0
2020-08-13 13:00:00+00:00,283.77,284.59,274.61,282.37,8609.0
2020-08-13 17:00:00+00:00,282.35,286.96,276.88,281.53,14147.0
2020-08-13 21:00:00+00:00,281.55,283.81,277.94,280.95,8476.0
2020-08-14 01:00:00+00:00,281.08,297.52,280.58,293.01,11119.0
2020-08-14 05:00:00+00:00,293.04,298.44,292.38,292.77,10382.0
2020-08-14 09:00:00+00:00,292.8,294.43,289.77,291.31,6886.0
2020-08-14 13:00:00+00:00,291.29,294.14,288.9,292.29,6827.0
2020-08-14 17:00:00+00:00,292.28,295.5,287.44,292.03,8190.0
2020-08-14 21:00:00+00:00,291.67,298.19,289.8,297.06,12462.0
2020-08-15 01:00:00+00:00,297.1,297.28,294.48,295.82,1557.0
2020-08-17 01:00:00+00:00,305.53,307.89,304.53,307.67,1507.0
2020-08-17 05:00:00+00:00,307.34,309.19,301.34,305.81,8929.0
2020-08-17 09:00:00+00:00,305.87,307.67,302.66,304.59,5985.0
2020-08-17 13:00:00+00:00,304.57,316.97,302.76,315.03,12382.0
2020-08-17 17:00:00+00:00,315.01,318.16,306.34,314.9,19159.0
2020-08-17 21:00:00+00:00,314.91,325.53,313.76,320.28,18988.0
2020-08-18 01:00:00+00:00,320.34,325.6,319.67,324.56,7108.0
2020-08-18 05:00:00+00:00,324.54,325.55,315.58,323.84,13048.0
2020-08-18 09:00:00+00:00,323.78,324.9,314.78,318.48,12212.0
2020-08-18 13:00:00+00:00,318.08,321.24,314.88,317.97,8095.0
2020-08-18 17:00:00+00:00,317.96,318.23,300.88,304.96,20941.0
2020-08-18 21:00:00+00:00,304.78,308.56,301.84,306.38,14789.0
2020-08-19 01:00:00+00:00,306.0,309.42,306.0,306.74,10797.0
2020-08-19 05:00:00+00:00,306.72,309.37,301.76,304.3,9651.0
2020-08-19 09:00:00+00:00,304.28,306.28,290.51,296.27,18980.0
2020-08-19 13:00:00+00:00,296.21,300.53,294.18,296.79,7299.0
2020-08-19 17:00:00+00:00,296.78,299.1,292.12,293.23,10069.0
2020-08-19 21:00:00+00:00,292.93,294.51,285.31,289.85,15455.0
2020-08-20 01:00:00+00:00,289.87,291.96,281.0,291.41,11215.0
2020-08-20 05:00:00+00:00,291.46,296.5,289.07,291.1,7926.0
2020-08-20 09:00:00+00:00,291.18,293.91,288.88,293.09,6771.0
2020-08-20 13:00:00+00:00,293.1,294.94,289.67,292.85,3703.0
2020-08-20 17:00:00+00:00,292.58,295.65,291.18,295.22,5183.0
2020-08-20 21:00:00+00:00,295.2,295.58,291.59,293.31,4482.0
2020-08-21 01:00:00+00:00,293.03,294.04,291.52,292.02,3652.0
2020-08-21 05:00:00+00:00,291.96,295.52,291.13,291.53,6362.0
2020-08-21 09:00:00+00:00,291.33,303.27,289.7,298.1,12541.0
2020-08-21 13:00:00+00:00,298.27,305.78,291.99,295.18,8974.0
2020-08-21 17:00:00+00:00,294.96,296.31,288.22,292.96,11171.0
2020-08-21 21:00:00+00:00,292.72,293.74,284.01,288.64,11318.0
2020-08-22 01:00:00+00:00,288.52,290.91,288.14,288.32,1607.0
2020-08-24 01:00:00+00:00,285.64,286.08,283.3,283.66,2355.0
2020-08-24 05:00:00+00:00,283.68,287.5,281.99,286.97,5071.0
2020-08-24 09:00:00+00:00,286.72,291.39,286.72,290.87,4885.0
2020-08-24 13:00:00+00:00,290.89,292.36,289.7,291.31,3713.0
2020-08-24 17:00:00+00:00,291.33,293.07,287.55,287.65,3152.0
2020-08-24 21:00:00+00:00,287.7,295.15,287.06,290.11,5788.0
2020-08-25 01:00:00+00:00,290.27,291.74,287.77,291.41,2371.0
2020-08-25 05:00:00+00:00,291.28,293.02,284.96,286.32,3819.0
2020-08-25 09:00:00+00:00,286.21,287.64,284.69,285.36,2418.0
2020-08-25 13:00:00+00:00,285.21,288.45,282.56,287.61,4380.0
2020-08-25 17:00:00+00:00,287.81,288.82,276.69,279.59,13687.0
2020-08-25 21:00:00+00:00,279.57,279.99,268.15,274.31,12363.0
2020-08-26 01:00:00+00:00,274.29,277.08,271.54,276.31,5690.0
2020-08-26 05:00:00+00:00,276.33,277.67,273.54,276.97,5528.0
2020-08-26 09:00:00+00:00,277.0,277.72,271.94,272.85,3256.0
2020-08-26 13:00:00+00:00,272.83,277.36,271.52,274.66,4465.0
2020-08-26 17:00:00+00:00,274.74,278.28,270.93,276.24,9759.0
2020-08-26 21:00:00+00:00,276.26,279.51,275.54,275.84,3306.0
2020-08-27 01:00:00+00:00,275.71,277.02,273.94,274.64,3986.0
2020-08-27 05:00:00+00:00,274.8,277.11,272.86,273.55,3924.0
2020-08-27 09:00:00+00:00,273.57,275.37,271.72,273.83,3090.0
2020-08-27 13:00:00+00:00,273.8,275.47,271.93,274.62,1991.0
2020-08-27 17:00:00+00:00,274.64,277.56,265.33,267.83,13410.0
2020-08-27 21:00:00+00:00,267.85,269.16,258.06,262.87,11991.0
2020-08-28 01:00:00+00:00,262.64,264.66,261.37,262.61,4061.0
2020-08-28 05:00:00+00:00,262.73,266.88,260.93,266.1,3964.0
2020-08-28 09:00:00+00:00,266.14,269.37,264.98,268.97,3733.0
2020-08-28 13:00:00+00:00,268.64,269.43,265.64,268.56,4556.0
2020-08-28 17:00:00+00:00,268.58,270.48,266.99,268.5,4222.0
2020-08-28 21:00:00+00:00,268.56,272.21,267.8,268.78,4932.0
2020-08-29 01:00:00+00:00,268.79,269.95,267.95,269.05,1040.0
2020-08-31 01:00:00+00:00,274.36,277.21,273.76,276.9,1499.0
2020-08-31 05:00:00+00:00,276.91,281.16,276.79,281.03,6481.0
2020-08-31 09:00:00+00:00,281.0,281.06,276.51,278.22,4814.0
2020-08-31 13:00:00+00:00,277.85,278.19,272.89,275.12,8348.0
2020-08-31 17:00:00+00:00,274.98,281.71,274.19,277.55,10072.0
2020-08-31 21:00:00+00:00,277.65,278.73,275.71,276.43,6968.0
2020-09-01 01:00:00+00:00,276.45,277.39,273.02,274.53,5078.0
2020-09-01 05:00:00+00:00,274.51,275.33,268.69,271.3,9892.0
2020-09-01 09:00:00+00:00,271.37,281.15,270.55,280.99,12294.0
2020-09-01 13:00:00+00:00,281.05,283.84,278.77,281.79,11407.0
2020-09-01 17:00:00+00:00,281.82,282.19,276.79,281.23,12247.0
2020-09-01 21:00:00+00:00,281.2,287.04,280.69,284.31,14090.0
2020-09-02 01:00:00+00:00,284.33,290.08,283.29,286.93,6746.0
2020-09-02 05:00:00+00:00,286.9,297.17,286.69,287.58,19076.0
2020-09-02 09:00:00+00:00,287.56,291.88,285.37,287.15,14160.0
2020-09-02 13:00:00+00:00,287.12,287.93,279.06,280.98,15852.0
2020-09-02 17:00:00+00:00,281.0,281.0,245.38,260.3,33232.0
2020-09-02 21:00:00+00:00,260.33,264.1,257.3,262.67,13042.0
2020-09-03 01:00:00+00:00,262.74,265.77,260.89,265.09,6422.0
2020-09-03 05:00:00+00:00,265.1,266.44,261.94,263.76,9789.0
2020-09-03 09:00:00+00:00,263.78,264.3,257.52,258.38,15163.0
2020-09-03 13:00:00+00:00,258.48,265.27,255.8,257.51,12129.0
2020-09-03 17:00:00+00:00,257.53,259.64,239.32,246.71,27453.0
2020-09-03 21:00:00+00:00,246.68,246.7,236.84,240.81,25155.0
2020-09-04 01:00:00+00:00,240.85,246.07,239.55,241.97,8788.0
2020-09-04 05:00:00+00:00,241.81,242.13,202.29,224.15,30594.0
2020-09-04 09:00:00+00:00,224.19,224.63,221.2,221.83,15726.0
2020-09-04 13:00:00+00:00,221.87,240.27,219.79,234.93,24914.0
2020-09-04 17:00:00+00:00,234.96,237.27,213.7,228.35,23629.0
2020-09-04 21:00:00+00:00,228.4,232.24,221.23,232.08,28643.0
2020-09-05 01:00:00+00:00,232.05,235.05,229.84,234.04,5353.0
2020-09-07 01:00:00+00:00,228.83,229.65,224.74,226.04,3448.0
2020-09-07 05:00:00+00:00,226.05,230.08,225.62,226.16,7846.0
2020-09-07 09:00:00+00:00,226.1,229.13,222.07,223.5,13814.0
2020-09-07 13:00:00+00:00,223.52,226.59,221.92,222.26,8974.0
2020-09-07 17:00:00+00:00,222.3,227.03,215.65,221.79,20514.0
2020-09-07 21:00:00+00:00,221.8,228.33,220.33,224.32,12523.0
2020-09-08 01:00:00+00:00,224.33,229.03,221.08,227.95,9143.0
2020-09-08 05:00:00+00:00,228.07,229.85,226.28,228.1,9514.0
2020-09-08 09:00:00+00:00,228.12,230.56,225.45,229.78,7744.0
2020-09-08 13:00:00+00:00,229.81,230.51,221.06,223.93,10805.0
2020-09-08 17:00:00+00:00,223.74,225.91,218.59,224.18,22172.0
2020-09-08 21:00:00+00:00,224.39,225.7,218.13,219.8,13471.0
2020-09-09 01:00:00+00:00,219.72,224.43,215.55,222.55,15868.0
2020-09-09 05:00:00+00:00,222.4,223.56,218.41,218.76,17860.0
2020-09-09 09:00:00+00:00,218.77,224.22,218.38,222.89,8972.0
2020-09-09 13:00:00+00:00,222.83,226.53,222.82,224.99,10031.0
2020-09-09 17:00:00+00:00,225.01,226.84,223.13,225.67,9959.0
2020-09-09 21:00:00+00:00,225.7,228.54,224.97,228.05,7319.0
2020-09-10 01:00:00+00:00,228.04,228.45,224.09,225.49,4995.0
2020-09-10 05:00:00+00:00,225.43,230.63,222.67,228.89,12636.0
2020-09-10 09:00:00+00:00,228.86,229.8,225.22,226.15,12294.0
2020-09-10 13:00:00+00:00,226.14,226.99,224.05,225.28,9091.0
2020-09-10 17:00:00+00:00,225.25,229.26,224.7,225.14,10216.0
2020-09-10 21:00:00+00:00,225.12,230.04,224.46,225.54,9924.0
2020-09-11 01:00:00+00:00,225.52,228.21,225.12,227.5,6162.0
2020-09-11 05:00:00+00:00,227.48,228.64,224.3,224.55,5921.0
2020-09-11 09:00:00+00:00,224.43,225.11,220.37,222.96,7232.0
2020-09-11 13:00:00+00:00,222.99,227.05,222.85,223.48,11067.0
2020-09-11 17:00:00+00:00,223.46,224.94,222.18,224.36,23329.0
2020-09-11 21:00:00+00:00,224.38,225.58,222.76,224.29,8418.0
2020-09-12 01:00:00+00:00,224.35,225.08,223.6,224.83,1120.0
2020-09-14 01:00:00+00:00,220.73,222.55,220.45,222.13,3427.0
2020-09-14 05:00:00+00:00,221.95,223.71,218.96,222.86,6794.0
2020-09-14 09:00:00+00:00,222.88,225.66,221.93,224.32,6232.0
2020-09-14 13:00:00+00:00,224.33,225.85,222.17,223.32,8215.0
2020-09-14 17:00:00+00:00,223.27,229.03,222.65,226.91,14810.0
2020-09-14 21:00:00+00:00,226.81,228.99,225.3,225.98,11773.0
2020-09-15 01:00:00+00:00,225.99,227.71,223.31,223.73,7729.0
2020-09-15 05:00:00+00:00,223.68,241.74,223.41,239.68,15168.0
2020-09-15 09:00:00+00:00,239.7,241.44,236.58,238.82,13651.0
2020-09-15 13:00:00+00:00,238.8,240.55,232.28,239.82,11896.0
2020-09-15 17:00:00+00:00,239.8,240.17,231.32,232.49,20351.0
2020-09-15 21:00:00+00:00,232.46,239.59,231.89,236.65,18096.0
2020-09-16 01:00:00+00:00,236.48,236.92,233.94,234.58,13537.0
2020-09-16 05:00:00+00:00,234.66,235.5,226.54,228.97,14756.0
2020-09-16 09:00:00+00:00,229.01,232.7,228.45,231.94,11945.0
2020-09-16 13:00:00+00:00,231.92,234.38,228.76,229.4,10280.0
2020-09-16 17:00:00+00:00,229.39,234.15,229.26,231.37,8926.0
2020-09-16 21:00:00+00:00,231.35,235.58,231.18,231.6,8241.0
2020-09-17 01:00:00+00:00,231.71,233.27,229.5,233.06,10398.0
2020-09-17 05:00:00+00:00,233.04,239.38,229.62,234.19,20896.0
2020-09-17 09:00:00+00:00,234.17,235.65,232.85,233.32,16829.0
2020-09-17 13:00:00+00:00,233.36,234.71,230.59,232.98,10573.0
2020-09-17 17:00:00+00:00,232.89,235.11,230.14,232.06,12333.0
2020-09-17 21:00:00+00:00,232.08,233.9,231.29,233.35,6806.0
2020-09-18 01:00:00+00:00,233.36,235.17,232.74,233.38,8361.0
2020-09-18 05:00:00+00:00,233.44,234.99,231.98,233.42,10633.0
2020-09-18 09:00:00+00:00,233.43,234.71,231.85,234.32,7614.0
2020-09-18 13:00:00+00:00,234.33,238.99,232.96,236.33,12605.0
2020-09-18 17:00:00+00:00,236.35,237.01,234.53,236.59,12603.0
2020-09-18 21:00:00+00:00,236.48,236.49,230.08,233.24,15648.0
2020-09-19 01:00:00+00:00,233.27,233.77,232.64,233.23,2141.0
2020-09-21 01:00:00+00:00,224.74,225.34,223.09,224.35,4478.0
2020-09-21 05:00:00+00:00,224.36,229.05,224.36,227.65,15550.0
2020-09-21 09:00:00+00:00,227.67,228.29,226.11,226.74,10664.0
2020-09-21 13:00:00+00:00,226.73,226.88,216.15,217.74,16472.0
2020-09-21 17:00:00+00:00,217.47,218.1,207.54,211.58,23077.0
2020-09-21 21:00:00+00:00,211.55,214.26,210.35,213.73,12681.0
2020-09-22 01:00:00+00:00,213.71,215.48,213.32,213.49,5648.0
2020-09-22 05:00:00+00:00,213.51,213.99,210.45,213.3,8614.0
2020-09-22 09:00:00+00:00,213.33,215.94,212.49,213.29,6291.0
2020-09-22 13:00:00+00:00,213.33,215.17,211.39,214.54,6913.0
2020-09-22 17:00:00+00:00,214.63,215.49,212.47,213.89,7637.0
2020-09-22 21:00:00+00:00,213.8,215.68,213.26,214.82,3736.0
2020-09-23 01:00:00+00:00,214.73,217.71,214.13,215.46,5253.0
2020-09-23 05:00:00+00:00,215.49,220.33,215.27,218.19,7134.0
2020-09-23 09:00:00+00:00,218.17,218.27,214.57,214.81,8234.0
2020-09-23 13:00:00+00:00,214.79,217.55,213.26,215.17,9276.0
2020-09-23 17:00:00+00:00,215.15,217.05,214.27,214.99,9982.0
2020-09-23 21:00:00+00:00,214.98,215.79,212.53,212.58,6502.0
2020-09-24 01:00:00+00:00,212.64,212.93,202.95,208.3,16828.0
2020-09-24 05:00:00+00:00,208.32,210.17,206.26,209.2,5768.0
2020-09-24 09:00:00+00:00,209.25,210.08,208.15,208.86,3498.0
2020-09-24 13:00:00+00:00,208.88,213.11,208.8,213.01,5261.0
2020-09-24 17:00:00+00:00,212.99,215.55,211.16,212.9,9743.0
2020-09-24 21:00:00+00:00,212.92,218.88,212.7,215.44,14064.0
2020-09-25 01:00:00+00:00,215.46,217.89,214.86,216.8,14098.0
2020-09-25 05:00:00+00:00,216.83,217.02,214.19,214.65,8152.0
2020-09-25 09:00:00+00:00,214.67,215.15,212.35,214.66,8922.0
2020-09-25 13:00:00+00:00,214.68,214.76,210.72,211.36,4992.0
2020-09-25 17:00:00+00:00,211.35,216.61,210.9,214.56,8789.0
2020-09-25 21:00:00+00:00,214.65,217.49,214.17,215.88,6401.0
2020-09-26 01:00:00+00:00,215.86,217.24,215.53,217.18,975.0
2020-09-28 01:00:00+00:00,226.23,228.76,226.23,227.25,2615.0
2020-09-28 05:00:00+00:00,227.22,231.58,226.37,228.43,9603.0
2020-09-28 09:00:00+00:00,228.42,231.53,227.35,227.77,5226.0
2020-09-28 13:00:00+00:00,227.89,232.8,227.04,230.75,7780.0
2020-09-28 17:00:00+00:00,230.84,234.21,229.91,230.31,11926.0
2020-09-28 21:00:00+00:00,230.33,234.87,229.04,229.94,8106.0
2020-09-29 01:00:00+00:00,229.8,230.53,228.87,229.13,4235.0
2020-09-29 05:00:00+00:00,229.22,229.5,223.55,226.81,12374.0
2020-09-29 09:00:00+00:00,226.78,227.76,224.39,227.4,7264.0
2020-09-29 13:00:00+00:00,227.39,227.9,225.93,227.8,7030.0
2020-09-29 17:00:00+00:00,227.82,230.34,226.09,227.23,8848.0
2020-09-29 21:00:00+00:00,227.24,227.84,225.01,226.69,4983.0
2020-09-30 01:00:00+00:00,226.71,227.9,226.19,227.64,3106.0
2020-09-30 05:00:00+00:00,227.7,231.47,227.34,228.68,9291.0
2020-09-30 09:00:00+00:00,228.7,229.43,227.03,228.36,8475.0
2020-09-30 13:00:00+00:00,228.33,229.11,225.88,227.58,8635.0
2020-09-30 17:00:00+00:00,227.54,228.03,225.04,227.16,8202.0
2020-09-30 21:00:00+00:00,227.13,229.81,225.8,226.69,10345.0
2020-10-01 01:00:00+00:00,226.56,227.93,224.97,227.8,7197.0
2020-10-01 05:00:00+00:00,227.77,230.02,227.13,229.04,7731.0
2020-10-01 09:00:00+00:00,229.06,230.68,227.86,229.91,5240.0
2020-10-01 13:00:00+00:00,229.84,234.15,229.77,231.86,11300.0
2020-10-01 17:00:00+00:00,231.85,233.16,229.09,230.57,17703.0
2020-10-01 21:00:00+00:00,230.62,232.53,221.7,225.15,14606.0
2020-10-02 01:00:00+00:00,225.29,225.96,223.75,224.83,6175.0
2020-10-02 05:00:00+00:00,224.76,228.46,224.42,226.04,7927.0
2020-10-02 09:00:00+00:00,226.05,228.45,217.85,220.45,11566.0
2020-10-02 13:00:00+00:00,220.46,220.96,212.25,215.76,14226.0
2020-10-02 17:00:00+00:00,215.77,220.13,214.54,219.17,11729.0
2020-10-02 21:00:00+00:00,219.15,219.75,216.38,218.57,6362.0
2020-10-03 01:00:00+00:00,218.41,218.53,217.34,217.68,987.0
2020-10-05 01:00:00+00:00,220.38,221.43,219.85,220.54,1148.0
2020-10-05 05:00:00+00:00,220.52,222.83,220.36,221.61,4509.0
2020-10-05 09:00:00+00:00,221.44,221.87,218.09,219.39,6119.0
2020-10-05 13:00:00+00:00,219.2,220.36,218.58,219.87,4408.0
2020-10-05 17:00:00+00:00,219.85,221.71,218.82,220.24,6340.0
2020-10-05 21:00:00+00:00,220.2,222.02,219.36,220.26,7014.0
2020-10-06 01:00:00+00:00,220.24,221.33,219.75,220.82,3516.0
2020-10-06 05:00:00+00:00,220.83,222.6,220.53,221.98,5952.0
2020-10-06 09:00:00+00:00,221.96,222.48,220.81,221.2,4520.0
2020-10-06 13:00:00+00:00,221.27,221.66,219.46,219.68,4489.0
2020-10-06 17:00:00+00:00,219.67,219.78,217.72,218.24,5552.0
2020-10-06 21:00:00+00:00,218.26,230.32,216.44,222.78,18496.0
2020-10-07 01:00:00+00:00,222.76,222.83,215.51,218.8,12888.0
2020-10-07 05:00:00+00:00,218.74,220.02,216.07,219.09,7518.0
2020-10-07 09:00:00+00:00,219.12,219.9,217.35,219.36,4770.0
2020-10-07 13:00:00+00:00,219.39,219.5,217.56,218.63,4116.0
2020-10-07 17:00:00+00:00,218.69,219.92,217.72,219.25,6867.0
2020-10-07 21:00:00+00:00,219.33,224.49,218.93,221.87,13123.0
2020-10-08 01:00:00+00:00,221.9,223.26,221.57,222.36,3555.0
2020-10-08 05:00:00+00:00,222.34,223.58,221.24,222.63,5035.0
2020-10-08 09:00:00+00:00,222.6,227.5,222.39,225.51,9286.0
2020-10-08 13:00:00+00:00,225.48,226.26,222.23,225.26,10455.0
2020-10-08 17:00:00+00:00,225.38,235.83,224.19,234.5,19030.0
2020-10-08 21:00:00+00:00,234.48,236.48,232.95,234.29,15333.0
2020-10-09 01:00:00+00:00,234.31,235.32,232.15,233.37,7285.0
2020-10-09 05:00:00+00:00,233.35,235.66,231.97,235.64,10221.0
2020-10-09 09:00:00+00:00,235.65,238.67,233.24,233.74,13195.0
2020-10-09 13:00:00+00:00,233.77,238.81,233.53,237.75,11578.0
2020-10-09 17:00:00+00:00,237.77,240.37,235.45,237.58,12784.0
2020-10-09 21:00:00+00:00,237.62,240.44,235.54,236.43,10830.0
2020-10-10 01:00:00+00:00,236.28,236.69,235.66,236.38,1291.0
2020-10-12 01:00:00+00:00,240.71,241.26,237.94,238.8,2682.0
2020-10-12 05:00:00+00:00,238.85,240.15,238.22,239.92,2692.0
2020-10-12 09:00:00+00:00,239.93,240.87,238.13,238.28,3079.0
2020-10-12 13:00:00+00:00,238.3,240.5,233.28,235.57,5715.0
2020-10-12 17:00:00+00:00,235.43,242.21,234.15,239.84,10302.0
2020-10-12 21:00:00+00:00,239.86,243.46,239.86,241.72,8891.0
2020-10-13 01:00:00+00:00,241.8,243.24,241.21,242.45,5300.0
2020-10-13 05:00:00+00:00,242.46,242.49,237.77,238.9,9105.0
2020-10-13 09:00:00+00:00,238.81,243.92,237.52,241.67,9495.0
2020-10-13 13:00:00+00:00,241.52,243.11,239.32,242.3,8192.0
2020-10-13 17:00:00+00:00,242.34,254.5,241.69,254.5,27547.0
2020-10-13 21:00:00+00:00,254.46,255.16,249.45,250.72,22389.0
2020-10-14 01:00:00+00:00,250.66,254.61,250.43,252.78,9952.0
2020-10-14 05:00:00+00:00,252.8,258.6,252.48,254.21,14207.0
2020-10-14 09:00:00+00:00,254.23,257.03,252.17,254.51,9635.0
2020-10-14 13:00:00+00:00,254.56,254.77,249.89,251.88,10279.0
2020-10-14 17:00:00+00:00,251.9,256.89,250.65,252.61,13233.0
2020-10-14 21:00:00+00:00,252.65,257.41,250.5,253.42,19745.0
2020-10-15 01:00:00+00:00,253.39,256.1,252.75,256.03,9727.0
2020-10-15 05:00:00+00:00,256.01,260.56,255.27,255.75,13046.0
2020-10-15 09:00:00+00:00,255.71,265.41,255.55,263.24,13350.0
2020-10-15 13:00:00+00:00,263.27,264.48,257.25,259.47,13493.0
2020-10-15 17:00:00+00:00,259.46,264.03,256.81,261.88,15458.0
2020-10-15 21:00:00+00:00,261.86,263.56,258.72,260.9,17121.0
2020-10-16 01:00:00+00:00,260.85,263.3,260.09,260.47,8383.0
2020-10-16 05:00:00+00:00,260.6,266.87,260.13,264.46,12829.0
2020-10-16 09:00:00+00:00,264.44,265.18,244.44,253.73,26409.0
2020-10-16 13:00:00+00:00,253.71,254.46,246.12,251.71,21955.0
2020-10-16 17:00:00+00:00,251.74,256.53,250.85,252.12,16717.0
2020-10-16 21:00:00+00:00,252.14,253.5,246.78,251.29,18080.0
2020-10-17 01:00:00+00:00,251.31,251.49,248.76,248.76,3096.0
2020-10-19 01:00:00+00:00,248.4,249.09,247.86,248.45,3389.0
2020-10-19 05:00:00+00:00,248.46,250.38,247.22,247.66,15823.0
2020-10-19 09:00:00+00:00,247.68,247.84,245.04,246.75,10258.0
2020-10-19 13:00:00+00:00,246.81,248.77,246.12,248.68,5905.0
2020-10-19 17:00:00+00:00,248.65,252.65,247.12,249.29,9525.0
2020-10-19 21:00:00+00:00,249.31,252.24,248.7,249.55,10024.0
2020-10-20 01:00:00+00:00,249.62,250.66,248.66,249.02,5220.0
2020-10-20 05:00:00+00:00,249.01,250.77,248.68,249.25,8007.0
2020-10-20 09:00:00+00:00,249.18,250.16,246.55,248.1,9408.0
2020-10-20 13:00:00+00:00,248.03,249.43,244.66,247.08,10202.0
2020-10-20 17:00:00+00:00,247.11,247.93,241.61,242.53,22898.0
2020-10-20 21:00:00+00:00,242.42,244.69,239.56,240.82,15420.0
2020-10-21 01:00:00+00:00,240.83,241.86,237.82,241.59,5194.0
2020-10-21 05:00:00+00:00,241.5,244.31,240.3,244.05,4168.0
2020-10-21 09:00:00+00:00,244.11,252.89,243.93,250.84,9036.0
2020-10-21 13:00:00+00:00,250.9,258.25,248.47,256.1,7772.0
2020-10-21 17:00:00+00:00,256.02,261.35,254.76,258.08,14641.0
2020-10-21 21:00:00+00:00,258.11,263.76,257.03,260.59,10693.0
2020-10-22 01:00:00+00:00,260.57,264.62,257.69,264.4,7191.0
2020-10-22 05:00:00+00:00,264.38,270.28,256.87,267.82,15829.0
2020-10-22 09:00:00+00:00,267.8,268.48,264.31,267.84,7406.0
2020-10-22 13:00:00+00:00,267.77,271.42,262.75,270.86,8431.0
2020-10-22 17:00:00+00:00,270.88,274.91,267.49,272.92,12908.0
2020-10-22 21:00:00+00:00,272.94,273.62,269.56,271.67,8775.0
2020-10-23 01:00:00+00:00,271.65,273.85,270.21,270.28,6249.0
2020-10-23 05:00:00+00:00,270.48,271.47,264.49,270.4,9307.0
2020-10-23 09:00:00+00:00,270.41,276.19,268.45,272.76,6875.0
2020-10-23 13:00:00+00:00,272.72,275.48,271.17,272.93,4884.0
2020-10-23 17:00:00+00:00,272.87,274.88,268.59,268.61,5988.0
2020-10-23 21:00:00+00:00,268.56,272.38,264.39,269.42,9013.0
2020-10-24 01:00:00+00:00,269.28,270.56,268.36,270.56,684.0
2020-10-26 01:00:00+00:00,270.93,272.25,270.7,271.48,483.0
2020-10-26 05:00:00+00:00,271.46,273.52,269.74,271.94,3879.0
2020-10-26 09:00:00+00:00,271.9,272.05,268.47,268.77,4203.0
2020-10-26 13:00:00+00:00,268.71,270.14,266.06,267.59,5421.0
2020-10-26 17:00:00+00:00,267.56,268.0,259.14,261.15,8466.0
2020-10-26 21:00:00+00:00,261.12,263.4,253.01,258.59,10542.0
2020-10-27 01:00:00+00:00,258.63,260.49,258.09,259.8,1701.0
2020-10-27 05:00:00+00:00,259.83,261.82,257.33,258.65,3917.0
2020-10-27 09:00:00+00:00,258.66,263.48,258.51,261.39,5124.0
2020-10-27 13:00:00+00:00,261.43,265.72,258.24,265.7,6448.0
2020-10-27 17:00:00+00:00,265.78,268.28,263.16,266.9,7925.0
2020-10-27 21:00:00+00:00,266.91,268.4,263.52,265.75,6015.0
2020-10-28 01:00:00+00:00,265.77,265.86,262.4,264.26,4745.0
2020-10-28 05:00:00+00:00,264.13,270.06,263.18,267.03,7111.0
2020-10-28 09:00:00+00:00,266.99,268.29,259.58,262.45,4787.0
2020-10-28 13:00:00+00:00,262.48,276.82,259.26,271.37,14294.0
2020-10-28 17:00:00+00:00,271.35,280.95,268.0,275.37,17340.0
2020-10-28 21:00:00+00:00,275.39,276.47,271.17,272.85,9202.0
2020-10-29 01:00:00+00:00,272.88,273.08,264.51,268.38,5528.0
2020-10-29 05:00:00+00:00,268.45,271.66,267.03,269.54,5986.0
2020-10-29 09:00:00+00:00,269.63,270.16,266.83,266.91,5856.0
2020-10-29 13:00:00+00:00,266.93,267.55,261.82,262.68,6077.0
2020-10-29 17:00:00+00:00,262.66,268.31,258.08,266.45,9951.0
2020-10-29 21:00:00+00:00,266.52,270.1,265.46,268.52,6192.0
2020-10-30 01:00:00+00:00,268.35,269.51,265.76,267.6,2936.0
2020-10-30 05:00:00+00:00,267.59,270.81,263.62,266.01,11701.0
2020-10-30 09:00:00+00:00,266.03,267.8,260.3,262.7,13283.0
2020-10-30 13:00:00+00:00,262.74,264.97,256.31,259.19,9016.0
2020-10-30 17:00:00+00:00,259.12,261.0,255.28,260.09,6734.0
2020-10-30 21:00:00+00:00,260.06,261.66,258.0,261.2,5638.0
2020-10-31 01:00:00+00:00,261.17,262.04,260.52,262.01,1124.0
2020-11-02 02:00:00+00:00,266.99,268.31,265.78,268.26,1629.0
2020-11-02 06:00:00+00:00,268.34,271.75,266.45,267.43,4634.0
2020-11-02 10:00:00+00:00,267.38,267.94,264.53,266.27,2026.0
2020-11-02 14:00:00+00:00,266.31,266.31,257.73,261.13,6967.0
2020-11-02 18:00:00+00:00,260.98,263.37,254.5,258.17,6637.0
2020-11-02 22:00:00+00:00,258.11,258.83,256.27,258.22,2330.0
2020-11-03 02:00:00+00:00,258.24,259.24,256.96,257.75,2263.0
2020-11-03 06:00:00+00:00,257.72,259.16,233.72,238.86,10968.0
2020-11-03 10:00:00+00:00,238.84,243.26,237.0,241.02,5567.0
2020-11-03 14:00:00+00:00,241.01,244.65,238.51,242.12,3695.0
2020-11-03 18:00:00+00:00,242.27,245.23,238.29,239.55,4873.0
2020-11-03 22:00:00+00:00,239.53,241.97,238.79,241.62,3324.0
2020-11-04 02:00:00+00:00,241.6,245.61,241.02,244.41,4086.0
2020-11-04 06:00:00+00:00,244.57,244.7,240.37,242.3,4995.0
2020-11-04 10:00:00+00:00,242.29,243.4,233.28,235.76,4119.0
2020-11-04 14:00:00+00:00,235.74,238.26,230.91,234.44,9293.0
2020-11-04 18:00:00+00:00,234.39,237.04,233.04,234.66,4717.0
2020-11-04 22:00:00+00:00,234.64,242.86,233.85,239.81,7593.0
2020-11-05 02:00:00+00:00,239.85,241.63,236.64,241.61,3283.0
2020-11-05 06:00:00+00:00,241.65,244.66,241.26,243.58,7432.0
2020-11-05 10:00:00+00:00,243.65,248.5,242.94,245.58,6151.0
2020-11-05 14:00:00+00:00,245.57,246.0,240.73,243.98,6873.0
2020-11-05 18:00:00+00:00,243.86,250.43,242.01,248.92,9997.0
2020-11-05 22:00:00+00:00,248.9,252.56,243.93,246.46,5532.0
2020-11-06 02:00:00+00:00,246.4,252.5,245.43,250.02,6373.0
2020-11-06 06:00:00+00:00,250.04,257.35,248.43,250.33,10245.0
2020-11-06 10:00:00+00:00,250.35,255.61,250.2,254.8,2939.0
2020-11-06 14:00:00+00:00,254.84,257.99,250.45,257.89,5540.0
2020-11-06 18:00:00+00:00,257.87,257.87,253.17,253.87,9925.0
2020-11-06 22:00:00+00:00,253.84,257.25,253.7,255.48,3214.0
2020-11-07 02:00:00+00:00,255.54,255.86,252.37,255.29,1910.0
2020-11-09 02:00:00+00:00,270.38,275.63,269.46,270.66,2789.0
2020-11-09 06:00:00+00:00,270.63,272.26,266.9,267.18,5319.0
2020-11-09 10:00:00+00:00,267.16,269.37,264.32,265.52,4291.0
2020-11-09 14:00:00+00:00,265.5,271.0,263.75,270.68,5943.0
2020-11-09 18:00:00+00:00,270.61,270.95,259.1,260.43,13005.0
2020-11-09 22:00:00+00:00,260.38,265.89,257.59,265.5,6310.0
2020-11-10 02:00:00+00:00,265.59,266.02,263.07,263.7,3381.0
2020-11-10 06:00:00+00:00,263.63,265.28,261.11,263.65,5948.0
2020-11-10 10:00:00+00:00,263.66,265.79,259.32,262.34,6484.0
2020-11-10 14:00:00+00:00,262.32,264.85,255.7,258.87,6623.0
2020-11-10 18:00:00+00:00,258.85,260.78,254.49,256.82,5132.0
2020-11-10 22:00:00+00:00,256.79,258.87,255.57,257.28,4463.0
2020-11-11 02:00:00+00:00,257.26,258.77,256.2,257.46,2945.0
2020-11-11 06:00:00+00:00,257.44,262.48,257.0,259.07,4189.0
2020-11-11 10:00:00+00:00,259.1,259.98,255.21,257.72,3727.0
2020-11-11 14:00:00+00:00,257.66,260.87,256.99,258.05,4081.0
2020-11-11 18:00:00+00:00,258.03,259.03,256.75,257.79,5508.0
2020-11-11 22:00:00+00:00,257.57,261.61,257.15,259.03,7238.0
2020-11-12 02:00:00+00:00,259.04,260.66,256.36,257.31,11249.0
2020-11-12 06:00:00+00:00,257.24,257.29,251.85,253.26,15723.0
2020-11-12 10:00:00+00:00,253.1,263.87,252.74,262.46,15744.0
2020-11-12 14:00:00+00:00,262.18,265.11,255.01,257.85,23592.0
2020-11-12 18:00:00+00:00,257.87,259.59,256.37,258.16,18848.0
2020-11-12 22:00:00+00:00,258.15,260.58,256.6,259.64,1872.0
2020-11-13 02:00:00+00:00,259.62,260.39,259.22,259.79,692.0
2020-11-20 02:00:00+00:00,246.5,246.99,245.97,246.4,623.0
2020-11-20 06:00:00+00:00,246.38,260.4,246.04,254.5,2306.0
2020-11-20 10:00:00+00:00,254.43,256.68,254.08,256.28,1641.0
2020-11-23 10:00:00+00:00,295.52,295.52,292.76,293.86,495.0
2020-11-23 14:00:00+00:00,293.85,305.04,293.08,297.2,7124.0
2020-11-23 18:00:00+00:00,297.26,305.73,291.34,295.48,11907.0
2020-11-23 22:00:00+00:00,295.5,323.54,295.48,317.28,12964.0
2020-11-24 02:00:00+00:00,317.29,327.26,313.88,323.22,5577.0
2020-11-24 06:00:00+00:00,323.16,343.44,323.07,337.38,12562.0
2020-11-24 10:00:00+00:00,337.34,350.5,327.47,344.46,25993.0
2020-11-24 14:00:00+00:00,344.53,372.12,327.66,341.07,35866.0
2020-11-24 18:00:00+00:00,341.02,353.58,327.62,350.92,18519.0
2020-11-24 22:00:00+00:00,350.94,362.56,338.95,347.47,11124.0
2020-11-25 02:00:00+00:00,347.44,353.34,343.02,343.29,5448.0
2020-11-25 10:00:00+00:00,340.71,345.96,338.12,341.86,3538.0
2020-11-25 14:00:00+00:00,341.76,354.0,339.2,347.22,8890.0
2020-11-25 18:00:00+00:00,347.24,347.28,336.9,341.98,11807.0
2020-11-25 22:00:00+00:00,341.96,345.23,330.63,331.75,5612.0
2020-11-26 02:00:00+00:00,331.77,334.16,299.45,313.15,8726.0
2020-11-26 06:00:00+00:00,313.11,321.54,275.36,289.98,14613.0
2020-11-26 10:00:00+00:00,289.72,293.86,275.76,281.13,18225.0
2020-11-26 14:00:00+00:00,281.1,283.06,265.59,275.0,21481.0
2020-11-26 18:00:00+00:00,274.97,281.77,263.64,271.3,14387.0
2020-11-26 22:00:00+00:00,271.46,274.61,252.36,259.92,17306.0
2020-11-27 02:00:00+00:00,259.96,272.79,259.92,271.68,8747.0
2020-11-27 06:00:00+00:00,271.66,279.74,266.5,269.38,15599.0
2020-11-27 10:00:00+00:00,269.4,275.75,267.8,268.93,6880.0
2020-11-27 14:00:00+00:00,269.0,269.34,258.4,261.72,13549.0
2020-11-27 18:00:00+00:00,261.71,267.52,256.66,257.56,8338.0
2020-11-27 22:00:00+00:00,257.54,264.4,255.66,262.78,5943.0
2020-11-28 02:00:00+00:00,262.77,266.48,261.7,266.19,630.0
2020-11-30 02:00:00+00:00,283.2,287.79,283.16,285.6,1245.0
2020-11-30 06:00:00+00:00,285.7,297.2,285.7,293.12,5425.0
2020-11-30 10:00:00+00:00,293.18,293.74,287.78,289.05,3803.0
2020-11-30 14:00:00+00:00,289.06,289.56,280.48,288.74,3042.0
2020-11-30 18:00:00+00:00,288.76,305.44,287.86,297.72,12897.0
2020-11-30 22:00:00+00:00,297.76,317.96,297.74,310.84,15876.0
2020-12-01 02:00:00+00:00,310.86,321.31,309.04,317.54,4551.0
2020-12-01 06:00:00+00:00,317.56,318.38,311.17,311.68,6503.0
2020-12-01 10:00:00+00:00,311.52,316.5,309.9,315.47,4534.0
2020-12-01 14:00:00+00:00,315.49,321.08,303.49,307.08,11282.0
2020-12-01 18:00:00+00:00,306.95,309.31,274.69,302.37,26244.0
2020-12-01 22:00:00+00:00,302.39,305.48,287.44,296.01,9085.0
2020-12-02 02:00:00+00:00,295.95,297.14,285.38,288.12,5866.0
2020-12-02 06:00:00+00:00,288.1,293.27,280.8,286.6,4483.0
2020-12-02 10:00:00+00:00,286.65,294.56,283.6,294.42,4081.0
2020-12-02 14:00:00+00:00,294.17,298.1,291.6,294.52,12193.0
2020-12-02 18:00:00+00:00,294.34,295.41,286.68,288.96,14543.0
2020-12-02 22:00:00+00:00,289.02,294.18,284.72,291.02,8492.0
2020-12-03 02:00:00+00:00,291.08,295.3,290.92,294.42,3707.0
2020-12-03 06:00:00+00:00,294.47,297.4,290.58,292.32,6877.0
2020-12-03 10:00:00+00:00,292.26,293.72,285.74,289.56,4208.0
2020-12-03 14:00:00+00:00,289.58,295.78,286.16,293.92,8856.0
2020-12-03 18:00:00+00:00,293.91,295.18,290.26,295.14,8225.0
2020-12-03 22:00:00+00:00,295.12,296.88,288.5,291.11,4750.0
2020-12-04 02:00:00+00:00,291.08,292.7,290.17,292.59,3469.0
2020-12-04 06:00:00+00:00,292.54,294.18,284.78,285.22,5702.0
2020-12-04 10:00:00+00:00,285.18,288.0,283.14,285.75,5202.0
2020-12-04 14:00:00+00:00,285.72,307.7,279.2,285.72,10157.0
2020-12-04 18:00:00+00:00,285.77,292.18,284.46,289.05,6146.0
2020-12-04 22:00:00+00:00,288.98,293.32,285.04,289.34,5854.0
2020-12-05 02:00:00+00:00,289.32,289.32,286.92,287.88,1749.0
2020-12-07 02:00:00+00:00,284.1,287.85,283.96,286.72,2775.0
2020-12-07 06:00:00+00:00,286.74,287.27,283.75,284.83,4307.0
2020-12-07 10:00:00+00:00,284.84,291.18,283.7,289.06,6536.0
2020-12-07 14:00:00+00:00,289.04,289.28,283.86,284.01,5194.0
2020-12-07 18:00:00+00:00,283.96,288.17,283.86,285.88,5638.0
2020-12-07 22:00:00+00:00,285.9,287.05,281.26,281.9,4311.0
2020-12-08 02:00:00+00:00,281.86,285.37,281.24,283.94,2644.0
2020-12-08 06:00:00+00:00,283.91,285.07,282.54,283.08,5011.0
2020-12-08 10:00:00+00:00,283.1,284.64,281.32,281.73,2280.0
2020-12-08 14:00:00+00:00,281.78,282.12,271.76,273.61,5455.0
2020-12-08 18:00:00+00:00,273.62,277.32,270.28,273.74,5492.0
2020-12-08 22:00:00+00:00,273.72,276.0,271.35,271.54,2245.0
2020-12-09 02:00:00+00:00,271.56,271.67,262.72,267.75,7100.0
2020-12-09 06:00:00+00:00,267.69,268.86,261.49,265.1,5770.0
2020-12-09 10:00:00+00:00,265.16,265.54,258.81,259.0,5378.0
2020-12-09 14:00:00+00:00,258.79,266.3,254.72,265.75,10762.0
2020-12-09 18:00:00+00:00,265.76,268.9,264.16,266.03,5045.0
2020-12-09 22:00:00+00:00,266.06,267.7,262.98,264.48,4685.0
2020-12-10 02:00:00+00:00,264.5,270.77,264.04,268.92,3670.0
2020-12-10 06:00:00+00:00,268.92,269.28,265.34,265.84,5679.0
2020-12-10 10:00:00+00:00,265.52,266.71,262.36,265.7,3326.0
2020-12-10 14:00:00+00:00,265.69,267.66,261.78,263.48,4480.0
2020-12-10 18:00:00+00:00,263.27,265.64,261.44,265.3,3719.0
2020-12-10 22:00:00+00:00,265.28,267.92,264.54,267.24,3092.0
2020-12-11 02:00:00+00:00,267.39,268.16,264.92,265.52,4682.0
2020-12-11 06:00:00+00:00,265.55,266.66,257.12,259.12,3754.0
2020-12-11 10:00:00+00:00,259.06,261.37,256.69,258.47,4158.0
2020-12-11 14:00:00+00:00,258.49,260.82,255.94,256.56,7192.0
2020-12-11 18:00:00+00:00,256.75,261.36,256.24,260.72,6281.0
2020-12-11 22:00:00+00:00,260.7,260.7,258.1,258.64,2474.0
2020-12-12 02:00:00+00:00,258.68,260.09,258.06,259.77,1424.0
2020-12-14 02:00:00+00:00,275.16,275.92,274.54,275.89,1143.0
2020-12-14 06:00:00+00:00,275.91,277.58,272.87,275.4,8155.0
2020-12-14 10:00:00+00:00,275.35,275.58,271.54,273.02,4758.0
2020-12-14 14:00:00+00:00,272.77,274.53,268.24,268.98,5526.0
2020-12-14 18:00:00+00:00,269.0,273.45,267.84,271.24,5913.0
2020-12-14 22:00:00+00:00,271.25,271.47,265.12,270.56,5162.0
2020-12-15 02:00:00+00:00,270.58,280.18,270.04,277.06,2848.0
2020-12-15 06:00:00+00:00,277.08,281.98,276.18,277.96,6541.0
2020-12-15 10:00:00+00:00,277.94,280.8,270.12,280.8,6580.0
2020-12-15 14:00:00+00:00,280.86,292.94,275.9,289.35,7582.0
2020-12-15 18:00:00+00:00,289.28,293.21,286.64,292.62,5390.0
2020-12-15 22:00:00+00:00,292.67,299.32,290.5,294.55,4110.0
2020-12-16 02:00:00+00:00,294.54,295.46,285.82,288.6,3240.0
2020-12-16 06:00:00+00:00,288.73,290.05,282.13,285.05,5487.0
2020-12-16 10:00:00+00:00,285.08,288.46,284.04,286.86,3598.0
2020-12-16 14:00:00+00:00,286.82,295.68,283.4,292.59,5476.0
2020-12-16 18:00:00+00:00,292.6,304.54,287.48,303.68,8612.0
2020-12-16 22:00:00+00:00,303.78,306.71,298.59,301.24,7896.0
2020-12-17 02:00:00+00:00,301.46,314.46,299.5,312.4,5479.0
2020-12-17 06:00:00+00:00,312.34,317.89,306.72,308.0,11184.0
2020-12-17 10:00:00+00:00,307.98,313.4,307.59,312.59,3155.0
2020-12-17 14:00:00+00:00,312.58,331.02,306.44,322.48,16456.0
2020-12-17 18:00:00+00:00,322.68,327.64,317.48,325.52,10341.0
2020-12-17 22:00:00+00:00,325.55,331.72,305.1,309.96,10277.0
2020-12-18 02:00:00+00:00,309.94,313.02,301.67,310.93,10192.0
2020-12-18 06:00:00+00:00,310.87,320.0,304.92,314.08,11923.0
2020-12-18 10:00:00+00:00,314.06,318.21,310.62,314.9,11330.0
2020-12-18 14:00:00+00:00,314.87,323.0,312.82,316.0,8634.0
2020-12-18 18:00:00+00:00,316.02,317.46,305.5,307.91,11983.0
2020-12-18 22:00:00+00:00,308.18,311.7,305.18,307.56,4495.0
2020-12-19 02:00:00+00:00,307.56,309.17,305.67,308.13,2289.0
2020-12-21 02:00:00+00:00,347.11,350.5,345.02,349.17,2784.0
2020-12-21 06:00:00+00:00,348.94,379.33,343.64,365.72,16976.0
2020-12-21 10:00:00+00:00,365.76,371.99,360.46,365.56,6863.0
2020-12-21 14:00:00+00:00,365.52,368.0,311.82,314.84,23929.0
2020-12-21 18:00:00+00:00,315.04,329.56,308.04,323.08,16179.0
2020-12-21 22:00:00+00:00,322.96,327.23,312.26,313.54,10421.0
2020-12-22 02:00:00+00:00,313.64,322.64,311.48,313.26,8480.0
2020-12-22 06:00:00+00:00,313.33,316.72,304.1,311.84,7998.0
2020-12-22 10:00:00+00:00,311.9,318.48,303.2,306.86,5090.0
2020-12-22 14:00:00+00:00,306.9,317.16,298.24,315.51,6840.0
2020-12-22 18:00:00+00:00,315.53,323.18,313.53,317.91,15261.0
2020-12-22 22:00:00+00:00,317.9,320.2,311.22,315.5,7857.0
2020-12-23 02:00:00+00:00,315.54,324.7,307.24,322.9,8468.0
2020-12-23 06:00:00+00:00,322.84,326.28,313.36,317.12,14143.0
2020-12-23 10:00:00+00:00,317.08,317.08,300.98,307.0,10596.0
2020-12-23 14:00:00+00:00,306.98,310.22,275.47,287.64,15686.0
2020-12-23 18:00:00+00:00,287.61,303.62,285.76,288.2,18154.0
2020-12-23 22:00:00+00:00,288.18,294.48,284.91,292.3,9863.0
2020-12-24 02:00:00+00:00,292.36,293.7,272.26,275.46,13343.0
2020-12-24 06:00:00+00:00,275.52,281.98,270.82,275.98,14312.0
2020-12-24 10:00:00+00:00,275.96,282.73,272.74,278.5,13846.0
2020-12-24 14:00:00+00:00,278.59,287.33,277.35,283.33,8724.0
2020-12-24 18:00:00+00:00,283.32,293.56,279.72,287.23,11497.0
2020-12-24 22:00:00+00:00,287.28,290.82,283.34,288.36,6966.0
2020-12-25 02:00:00+00:00,288.38,290.04,285.88,288.16,2246.0
2020-12-28 02:00:00+00:00,344.46,347.34,336.18,337.62,4233.0
2020-12-28 06:00:00+00:00,337.56,353.88,333.96,346.1,11736.0
2020-12-28 10:00:00+00:00,346.14,356.54,339.22,352.43,6886.0
2020-12-28 14:00:00+00:00,352.46,373.28,347.28,370.58,11063.0
2020-12-28 18:00:00+00:00,370.5,376.38,356.98,364.96,19468.0
2020-12-28 22:00:00+00:00,364.88,370.32,362.3,364.88,12801.0
2020-12-29 02:00:00+00:00,364.86,368.6,355.4,360.04,10983.0
2020-12-29 06:00:00+00:00,359.94,366.14,340.66,340.66,16569.0
2020-12-29 10:00:00+00:00,340.6,345.29,333.84,343.02,14063.0
2020-12-29 14:00:00+00:00,343.16,354.52,341.9,350.1,18526.0
2020-12-29 18:00:00+00:00,350.12,353.66,340.24,341.78,19556.0
2020-12-29 22:00:00+00:00,341.83,348.0,330.41,347.3,11134.0
2020-12-30 02:00:00+00:00,347.26,354.21,344.8,352.55,7288.0
2020-12-30 06:00:00+00:00,352.5,366.48,350.59,355.44,16175.0
2020-12-30 10:00:00+00:00,355.43,359.12,350.3,353.94,11480.0
2020-12-30 14:00:00+00:00,354.36,362.02,340.78,350.58,15690.0
2020-12-30 18:00:00+00:00,350.54,354.02,345.26,349.92,17607.0
2020-12-30 22:00:00+00:00,349.97,358.24,346.74,356.14,13446.0
2020-12-31 02:00:00+00:00,356.18,360.14,353.54,358.83,10642.0
2020-12-31 06:00:00+00:00,358.9,361.44,346.28,354.06,12186.0
2020-12-31 10:00:00+00:00,354.14,358.9,349.55,355.1,12346.0
2020-12-31 14:00:00+00:00,355.08,355.88,348.36,350.48,11176.0
2020-12-31 18:00:00+00:00,350.55,352.2,334.8,343.1,13239.0
2020-12-31 22:00:00+00:00,343.22,345.94,340.54,342.84,9190.0
2021-01-01 02:00:00+00:00,342.98,344.55,341.08,344.12,4096.0
2021-01-04 02:00:00+00:00,415.09,434.7,410.37,424.71,6965.0
2021-01-04 06:00:00+00:00,424.78,435.51,409.34,434.77,14696.0
2021-01-04 10:00:00+00:00,434.92,466.98,416.22,429.53,27334.0
2021-01-04 14:00:00+00:00,429.49,436.46,379.8,404.02,34561.0
2021-01-04 18:00:00+00:00,404.24,413.6,397.08,403.66,9866.0
2021-01-04 22:00:00+00:00,403.6,405.63,389.73,401.94,10906.0
2021-01-05 02:00:00+00:00,402.01,407.04,393.96,405.72,7478.0
2021-01-05 06:00:00+00:00,405.78,425.7,395.78,396.58,15523.0
2021-01-05 10:00:00+00:00,396.61,404.37,390.0,396.65,9891.0
2021-01-05 14:00:00+00:00,396.72,418.39,396.6,413.72,11896.0
2021-01-05 18:00:00+00:00,413.71,415.72,400.12,409.44,11234.0
2021-01-05 22:00:00+00:00,409.64,420.19,406.62,415.98,10445.0
2021-01-06 02:00:00+00:00,416.03,423.54,412.92,419.7,7788.0
2021-01-06 06:00:00+00:00,419.9,424.08,411.29,415.64,10638.0
2021-01-06 10:00:00+00:00,415.88,436.46,414.58,424.12,10418.0
2021-01-06 14:00:00+00:00,424.14,442.6,420.58,440.57,15971.0
2021-01-06 18:00:00+00:00,440.59,443.46,429.01,437.12,7893.0
2021-01-06 22:00:00+00:00,437.47,459.34,437.24,439.0,10445.0
2021-01-07 02:00:00+00:00,439.04,456.72,430.54,454.57,8480.0
2021-01-07 06:00:00+00:00,454.59,467.92,448.14,462.16,11074.0
2021-01-07 10:00:00+00:00,462.08,462.69,440.9,443.28,11984.0
2021-01-07 14:00:00+00:00,443.38,451.58,433.35,450.44,8832.0
2021-01-07 18:00:00+00:00,450.32,459.05,444.61,456.62,9666.0
2021-01-07 22:00:00+00:00,456.7,484.02,428.1,451.04,28505.0
2021-01-08 02:00:00+00:00,451.1,460.9,441.18,449.02,12772.0
2021-01-08 06:00:00+00:00,449.0,452.11,405.03,421.53,20895.0
2021-01-08 10:00:00+00:00,421.54,433.2,412.66,431.66,13016.0
2021-01-08 14:00:00+00:00,431.54,452.76,421.7,445.16,14710.0
2021-01-08 18:00:00+00:00,445.1,454.33,425.62,432.96,22830.0
2021-01-08 22:00:00+00:00,433.26,453.2,430.03,431.58,9713.0
2021-01-09 02:00:00+00:00,431.53,435.48,423.7,423.73,2667.0
2021-01-11 02:00:00+00:00,593.56,613.31,590.21,600.2,5160.0
2021-01-11 06:00:00+00:00,600.22,602.22,470.2,506.7,40682.0
2021-01-11 10:00:00+00:00,506.73,519.71,453.88,489.45,46191.0
2021-01-11 14:00:00+00:00,489.47,526.18,483.34,485.09,25499.0
2021-01-11 18:00:00+00:00,485.12,498.19,440.43,440.43,40144.0
2021-01-11 22:00:00+00:00,440.42,453.36,397.72,430.52,40633.0
2021-01-12 02:00:00+00:00,430.54,484.64,421.62,477.48,17855.0
2021-01-12 06:00:00+00:00,477.54,487.0,457.66,487.0,25647.0
2021-01-12 10:00:00+00:00,486.02,510.48,476.55,503.68,20137.0
2021-01-12 14:00:00+00:00,503.68,504.19,462.02,477.84,21565.0
2021-01-12 18:00:00+00:00,477.99,484.52,442.98,461.14,20657.0
2021-01-12 22:00:00+00:00,461.19,478.68,455.44,461.26,8356.0
2021-01-13 02:00:00+00:00,461.24,467.6,444.77,451.94,8033.0
2021-01-13 06:00:00+00:00,451.92,485.12,435.05,469.94,22060.0
2021-01-13 10:00:00+00:00,469.9,478.53,455.36,473.82,8177.0
2021-01-13 14:00:00+00:00,473.9,487.26,468.82,475.92,12526.0
2021-01-13 18:00:00+00:00,475.98,482.2,469.56,478.37,7723.0
2021-01-13 22:00:00+00:00,478.45,483.88,471.5,480.55,5402.0
2021-01-14 02:00:00+00:00,480.56,500.88,478.78,496.1,9167.0
2021-01-14 06:00:00+00:00,496.02,507.55,482.6,486.68,14920.0
2021-01-14 10:00:00+00:00,486.66,504.0,483.6,499.38,7237.0
2021-01-14 14:00:00+00:00,499.37,514.86,493.9,507.03,9914.0
2021-01-14 18:00:00+00:00,507.04,523.46,498.1,517.61,14420.0
2021-01-14 22:00:00+00:00,517.68,538.74,517.68,531.88,12705.0
2021-01-15 02:00:00+00:00,531.77,533.42,499.24,526.81,15119.0
2021-01-15 06:00:00+00:00,526.8,535.95,505.44,512.81,10956.0
2021-01-15 10:00:00+00:00,512.72,513.92,495.59,511.78,11585.0
2021-01-15 14:00:00+00:00,511.79,515.62,502.08,504.51,9406.0
2021-01-15 18:00:00+00:00,504.62,512.67,465.42,471.42,18767.0
2021-01-15 22:00:00+00:00,471.4,482.78,452.2,473.59,24900.0
2021-01-16 02:00:00+00:00,473.5,479.32,470.46,478.88,2142.0
2021-01-18 02:00:00+00:00,484.14,485.96,477.14,478.98,1170.0
2021-01-18 06:00:00+00:00,479.17,490.46,470.28,473.14,8408.0
2021-01-18 10:00:00+00:00,472.74,482.22,470.11,478.7,5630.0
2021-01-18 14:00:00+00:00,478.8,485.28,473.44,481.03,7883.0
2021-01-18 18:00:00+00:00,481.02,509.59,479.86,496.96,19060.0
2021-01-18 22:00:00+00:00,497.34,501.05,481.73,489.22,5955.0
2021-01-19 02:00:00+00:00,489.54,514.11,488.42,508.51,5038.0
2021-01-19 06:00:00+00:00,508.5,527.48,502.36,516.24,18690.0
2021-01-19 10:00:00+00:00,516.64,529.87,513.38,528.76,12969.0
2021-01-19 14:00:00+00:00,528.78,536.14,519.87,533.9,16375.0
2021-01-19 18:00:00+00:00,533.96,541.44,519.58,541.22,19501.0
2021-01-19 22:00:00+00:00,541.28,554.06,510.38,518.58,24933.0
2021-01-20 02:00:00+00:00,518.56,527.96,506.06,507.82,9978.0
2021-01-20 06:00:00+00:00,507.8,518.28,495.18,495.62,13418.0
2021-01-20 10:00:00+00:00,495.57,508.6,492.4,504.45,6067.0
2021-01-20 14:00:00+00:00,504.41,506.68,472.56,480.26,11180.0
2021-01-20 18:00:00+00:00,480.17,492.58,473.86,477.95,13674.0
2021-01-20 22:00:00+00:00,477.84,497.8,471.04,496.64,8643.0
2021-01-21 02:00:00+00:00,496.82,499.96,488.47,497.57,4118.0
2021-01-21 06:00:00+00:00,497.58,499.48,480.91,484.99,13554.0
2021-01-21 10:00:00+00:00,485.0,487.38,472.23,479.4,10754.0
2021-01-21 14:00:00+00:00,479.37,479.57,439.84,445.21,20551.0
2021-01-21 18:00:00+00:00,445.19,455.86,434.74,438.17,17333.0
2021-01-21 22:00:00+00:00,438.18,447.78,428.27,444.92,15096.0
2021-01-22 02:00:00+00:00,444.93,445.51,416.54,418.02,10312.0
2021-01-22 06:00:00+00:00,418.0,420.58,391.4,414.17,17406.0
2021-01-22 10:00:00+00:00,414.33,425.24,412.11,414.67,15389.0
2021-01-22 14:00:00+00:00,414.74,434.04,410.44,430.32,13488.0
2021-01-22 18:00:00+00:00,430.42,448.85,428.48,444.69,14310.0
2021-01-22 22:00:00+00:00,444.76,451.32,436.78,449.18,11825.0
2021-01-23 02:00:00+00:00,449.18,450.36,444.06,445.82,3201.0
2021-01-25 02:00:00+00:00,434.24,442.26,434.08,439.78,2347.0
2021-01-25 06:00:00+00:00,439.8,456.56,439.34,455.38,10059.0
2021-01-25 10:00:00+00:00,455.44,457.38,448.16,452.42,7908.0
2021-01-25 14:00:00+00:00,452.48,454.14,442.8,449.5,6283.0
2021-01-25 18:00:00+00:00,449.77,465.2,447.74,459.66,13523.0
2021-01-25 22:00:00+00:00,459.64,463.24,444.04,445.32,10586.0
2021-01-26 02:00:00+00:00,445.36,447.04,432.0,432.4,8944.0
2021-01-26 06:00:00+00:00,432.41,438.44,422.99,425.72,7087.0
2021-01-26 10:00:00+00:00,425.64,432.22,421.28,425.98,5637.0
2021-01-26 14:00:00+00:00,426.05,435.88,424.84,432.14,7544.0
2021-01-26 18:00:00+00:00,432.04,433.26,413.58,421.36,10392.0
2021-01-26 22:00:00+00:00,421.38,430.75,417.18,427.53,12688.0
2021-01-27 02:00:00+00:00,427.52,431.63,421.96,428.06,5514.0
2021-01-27 06:00:00+00:00,427.9,428.28,414.86,417.27,10632.0
2021-01-27 10:00:00+00:00,417.24,417.25,404.96,408.38,4549.0
2021-01-27 14:00:00+00:00,408.28,408.28,389.74,390.0,12615.0
2021-01-27 18:00:00+00:00,389.94,398.37,369.5,383.51,9987.0
2021-01-27 22:00:00+00:00,383.41,386.42,370.24,380.04,14157.0
2021-01-28 02:00:00+00:00,380.03,385.92,375.12,378.14,8380.0
2021-01-28 06:00:00+00:00,378.12,393.94,370.91,392.08,6016.0
2021-01-28 10:00:00+00:00,392.18,399.08,388.0,389.1,9731.0
2021-01-28 14:00:00+00:00,389.02,395.36,386.18,392.44,10452.0
2021-01-28 18:00:00+00:00,392.44,400.35,391.02,397.4,9049.0
2021-01-28 22:00:00+00:00,397.42,400.89,391.44,394.32,10413.0
2021-01-29 02:00:00+00:00,394.38,416.1,392.88,406.26,6937.0
2021-01-29 06:00:00+00:00,406.07,416.78,402.42,403.98,13354.0
2021-01-29 10:00:00+00:00,403.92,413.46,392.06,403.13,15972.0
2021-01-29 14:00:00+00:00,403.18,430.61,396.36,425.18,19895.0
2021-01-29 18:00:00+00:00,425.4,436.07,420.3,425.22,12460.0
2021-01-29 22:00:00+00:00,425.0,427.74,400.94,404.65,16057.0
2021-01-30 02:00:00+00:00,404.66,407.72,402.22,404.56,2762.0
2021-02-01 02:00:00+00:00,399.79,403.38,399.54,399.98,1980.0
2021-02-01 06:00:00+00:00,400.0,404.42,390.12,401.69,6697.0
2021-02-01 10:00:00+00:00,401.66,414.95,399.83,410.26,8797.0
2021-02-01 14:00:00+00:00,410.34,444.88,408.68,431.36,17447.0
2021-02-01 18:00:00+00:00,431.4,433.5,402.26,406.86,11026.0
2021-02-01 22:00:00+00:00,406.92,411.5,404.24,408.06,8387.0
2021-02-02 02:00:00+00:00,407.98,417.35,406.25,414.58,10539.0
2021-02-02 06:00:00+00:00,414.54,421.58,410.98,413.04,13125.0
2021-02-02 10:00:00+00:00,413.06,425.66,411.91,422.04,20551.0
2021-02-02 14:00:00+00:00,422.12,432.42,416.59,421.7,9797.0
2021-02-02 18:00:00+00:00,421.56,429.64,419.74,424.12,9816.0
2021-02-02 22:00:00+00:00,424.08,430.64,420.38,429.51,9084.0
2021-02-03 02:00:00+00:00,429.5,432.5,427.5,430.77,11002.0
2021-02-03 06:00:00+00:00,430.82,444.44,430.64,440.26,8443.0
2021-02-03 10:00:00+00:00,440.27,447.02,436.04,437.69,8988.0
2021-02-03 14:00:00+00:00,437.76,443.08,430.66,432.64,12874.0
2021-02-03 18:00:00+00:00,432.49,443.94,428.92,441.47,9224.0
2021-02-03 22:00:00+00:00,441.78,449.86,434.36,442.31,13045.0
2021-02-04 02:00:00+00:00,442.22,449.02,440.0,446.88,4986.0
2021-02-04 06:00:00+00:00,446.98,455.41,434.56,435.8,8898.0
2021-02-04 10:00:00+00:00,435.78,441.86,434.3,436.42,5868.0
2021-02-04 14:00:00+00:00,436.46,443.59,421.16,425.57,13836.0
2021-02-04 18:00:00+00:00,425.48,429.54,412.96,418.34,12492.0
2021-02-04 22:00:00+00:00,418.36,425.86,415.76,425.0,8589.0
2021-02-05 02:00:00+00:00,425.01,430.22,420.82,421.44,6163.0
2021-02-05 06:00:00+00:00,421.44,432.12,418.01,429.5,12008.0
2021-02-05 10:00:00+00:00,429.52,436.77,426.78,436.64,7600.0
2021-02-05 14:00:00+00:00,436.62,439.02,430.58,438.26,10497.0
2021-02-05 18:00:00+00:00,438.32,442.64,435.16,438.72,13398.0
2021-02-05 22:00:00+00:00,438.75,443.18,429.42,434.02,10376.0
2021-02-06 02:00:00+00:00,433.98,435.99,432.94,434.88,597.0
2021-02-08 02:00:00+00:00,443.96,447.72,443.82,445.88,757.0
2021-02-08 06:00:00+00:00,445.8,450.93,436.77,439.98,6724.0
2021-02-08 10:00:00+00:00,439.88,452.55,439.88,450.6,6998.0
2021-02-08 14:00:00+00:00,450.61,459.64,447.12,455.2,6526.0
2021-02-08 18:00:00+00:00,455.3,478.38,450.14,474.82,19246.0
2021-02-08 22:00:00+00:00,474.86,481.24,465.8,474.7,12833.0
2021-02-09 02:00:00+00:00,474.68,488.42,473.56,484.7,5409.0
2021-02-09 06:00:00+00:00,484.66,496.3,476.2,493.96,10013.0
2021-02-09 10:00:00+00:00,493.92,508.94,493.44,496.38,14368.0
2021-02-09 14:00:00+00:00,496.47,500.5,475.84,487.09,15636.0
2021-02-09 18:00:00+00:00,487.39,497.14,473.59,493.15,9797.0
2021-02-09 22:00:00+00:00,493.22,514.78,487.85,505.56,14080.0
2021-02-10 02:00:00+00:00,505.62,520.2,501.8,515.7,5731.0
2021-02-10 06:00:00+00:00,515.74,533.16,507.93,524.22,12746.0
2021-02-10 10:00:00+00:00,524.18,528.18,504.64,523.61,8357.0
2021-02-10 14:00:00+00:00,523.62,539.56,514.82,527.0,20124.0
2021-02-10 18:00:00+00:00,526.96,526.96,469.52,477.91,39616.0
2021-02-10 22:00:00+00:00,477.95,493.15,471.98,490.54,22491.0
2021-02-11 02:00:00+00:00,490.5,501.06,480.55,495.22,9653.0
2021-02-11 06:00:00+00:00,495.22,508.5,490.94,506.96,13219.0
2021-02-11 10:00:00+00:00,507.47,515.54,499.76,508.52,11993.0
2021-02-11 14:00:00+00:00,508.5,528.47,506.62,520.26,10712.0
2021-02-11 18:00:00+00:00,520.7,542.03,520.64,530.4,13701.0
2021-02-11 22:00:00+00:00,530.38,538.53,519.14,528.64,10431.0
2021-02-12 02:00:00+00:00,528.44,536.02,514.88,530.08,12718.0
2021-02-12 06:00:00+00:00,530.06,547.26,526.59,529.01,17976.0
2021-02-12 10:00:00+00:00,529.0,530.1,510.42,527.5,15243.0
2021-02-12 14:00:00+00:00,527.48,549.59,525.56,543.3,12411.0
2021-02-12 18:00:00+00:00,543.32,556.64,522.76,545.84,21639.0
2021-02-12 22:00:00+00:00,545.94,557.43,545.76,548.96,13252.0
2021-02-13 02:00:00+00:00,549.38,559.2,549.06,557.08,3184.0
2021-02-15 02:00:00+00:00,738.59,743.86,720.0,722.0,8733.0
2021-02-15 06:00:00+00:00,721.51,748.22,602.66,667.0,51162.0
2021-02-15 10:00:00+00:00,666.98,689.56,638.9,682.69,34956.0
2021-02-15 14:00:00+00:00,682.41,735.74,672.22,719.66,29019.0
2021-02-15 18:00:00+00:00,720.12,740.59,701.42,739.85,31499.0
2021-02-15 22:00:00+00:00,739.87,772.98,734.16,752.85,33362.0
2021-02-16 02:00:00+00:00,752.84,756.44,701.9,715.82,27115.0
2021-02-16 06:00:00+00:00,715.88,744.9,687.88,734.41,35996.0
2021-02-16 10:00:00+00:00,734.42,734.42,702.38,722.98,31413.0
2021-02-16 14:00:00+00:00,722.97,725.39,703.97,708.26,20911.0
2021-02-16 18:00:00+00:00,708.58,733.23,684.94,700.33,31036.0
2021-02-16 22:00:00+00:00,700.32,704.14,669.68,692.34,26722.0
2021-02-17 02:00:00+00:00,692.32,710.62,676.9,705.0,16747.0
2021-02-17 06:00:00+00:00,704.89,721.7,688.66,689.19,19141.0
2021-02-17 10:00:00+00:00,689.02,713.52,675.76,713.28,23449.0
2021-02-17 14:00:00+00:00,713.29,725.51,703.6,712.42,19836.0
2021-02-17 18:00:00+00:00,712.4,725.44,706.64,715.36,27425.0
2021-02-17 22:00:00+00:00,715.46,722.16,707.07,716.87,22465.0
2021-02-18 02:00:00+00:00,716.86,728.32,710.26,717.06,28913.0
2021-02-18 06:00:00+00:00,717.24,730.38,715.14,717.81,20936.0
2021-02-18 10:00:00+00:00,717.74,725.22,708.18,716.2,16751.0
2021-02-18 14:00:00+00:00,716.33,720.46,695.31,703.08,22772.0
2021-02-18 18:00:00+00:00,703.12,712.21,689.61,699.98,20823.0
2021-02-18 22:00:00+00:00,699.98,704.7,693.76,695.87,11710.0
2021-02-19 02:00:00+00:00,695.86,712.2,693.04,703.75,12682.0
2021-02-19 06:00:00+00:00,703.72,712.36,680.82,693.81,19067.0
2021-02-19 10:00:00+00:00,693.84,718.04,686.28,715.97,15030.0
2021-02-19 14:00:00+00:00,715.95,723.5,710.76,720.74,13830.0
2021-02-19 18:00:00+00:00,721.02,743.3,711.07,717.43,18114.0
2021-02-19 22:00:00+00:00,717.56,723.64,698.92,713.82,13953.0
2021-02-20 02:00:00+00:00,713.84,721.18,712.14,715.6,2735.0
2021-02-22 02:00:00+00:00,706.02,712.25,702.9,707.54,3764.0
2021-02-22 06:00:00+00:00,707.51,711.29,672.29,675.19,21883.0
2021-02-22 10:00:00+00:00,675.22,694.04,665.57,688.58,21530.0
2021-02-22 14:00:00+00:00,688.56,692.09,644.58,651.66,25108.0
2021-02-22 18:00:00+00:00,651.68,654.06,528.25,608.4,40551.0
2021-02-22 22:00:00+00:00,608.37,622.48,586.08,611.24,35066.0
2021-02-23 02:00:00+00:00,611.26,631.12,609.91,629.42,14564.0
2021-02-23 06:00:00+00:00,629.33,632.49,578.75,589.76,40275.0
2021-02-23 10:00:00+00:00,589.78,600.58,547.15,559.46,50364.0
2021-02-23 14:00:00+00:00,559.44,564.12,409.04,480.45,68164.0
2021-02-23 18:00:00+00:00,480.44,521.78,466.1,514.14,47096.0
2021-02-23 22:00:00+00:00,514.13,525.36,478.59,478.68,46166.0
2021-02-24 02:00:00+00:00,478.7,517.81,475.05,516.63,23776.0
2021-02-24 06:00:00+00:00,516.62,549.61,495.7,544.76,37979.0
2021-02-24 10:00:00+00:00,544.88,552.36,528.03,539.5,27642.0
2021-02-24 14:00:00+00:00,539.52,556.33,535.25,544.0,24830.0
2021-02-24 18:00:00+00:00,543.87,550.2,511.0,533.17,30457.0
2021-02-24 22:00:00+00:00,533.18,544.93,515.81,518.38,28010.0
2021-02-25 02:00:00+00:00,518.36,528.32,505.86,527.97,21948.0
2021-02-25 06:00:00+00:00,527.96,544.5,523.66,528.5,31584.0
2021-02-25 10:00:00+00:00,528.52,539.8,520.0,533.09,23198.0
2021-02-25 14:00:00+00:00,533.1,545.71,515.14,543.59,26694.0
2021-02-25 18:00:00+00:00,543.78,557.6,537.6,546.44,25343.0
2021-02-25 22:00:00+00:00,546.45,548.49,520.94,524.58,27016.0
2021-02-26 02:00:00+00:00,524.24,525.4,493.78,499.48,21155.0
2021-02-26 06:00:00+00:00,499.5,506.61,473.78,491.12,35842.0
2021-02-26 10:00:00+00:00,491.14,496.24,457.49,466.92,30903.0
2021-02-26 14:00:00+00:00,466.7,489.32,466.65,481.86,29294.0
2021-02-26 18:00:00+00:00,481.88,495.16,475.87,493.37,22463.0
2021-02-26 22:00:00+00:00,493.38,508.6,490.43,493.32,24783.0
2021-02-27 02:00:00+00:00,493.31,497.3,483.45,483.67,6809.0
2021-03-01 02:00:00+00:00,461.51,467.69,459.0,461.38,3690.0
2021-03-01 06:00:00+00:00,461.34,472.32,458.13,467.91,14162.0
2021-03-01 10:00:00+00:00,467.98,472.43,460.58,466.44,20477.0
2021-03-01 14:00:00+00:00,466.45,486.96,466.45,483.14,24948.0
2021-03-01 18:00:00+00:00,482.86,502.12,480.2,502.06,22416.0
2021-03-01 22:00:00+00:00,502.06,507.43,484.53,487.44,21764.0
2021-03-02 02:00:00+00:00,487.42,502.84,485.2,501.83,11810.0
2021-03-02 06:00:00+00:00,501.84,510.45,494.81,500.32,22061.0
2021-03-02 10:00:00+00:00,500.34,505.75,494.86,498.6,17527.0
2021-03-02 14:00:00+00:00,498.58,550.05,498.01,539.85,25924.0
2021-03-02 18:00:00+00:00,539.86,546.96,524.04,537.4,23355.0
2021-03-02 22:00:00+00:00,537.38,537.52,508.53,510.06,22841.0
2021-03-03 02:00:00+00:00,510.04,518.37,501.45,517.54,11221.0
2021-03-03 06:00:00+00:00,517.53,526.94,511.0,520.46,8561.0
2021-03-03 10:00:00+00:00,520.48,538.96,520.14,535.59,12804.0
2021-03-03 14:00:00+00:00,535.62,546.96,532.83,538.1,14124.0
2021-03-03 18:00:00+00:00,538.11,556.15,526.52,535.12,13984.0
2021-03-03 22:00:00+00:00,535.1,541.26,530.35,534.26,12633.0
2021-03-04 02:00:00+00:00,534.25,536.0,521.0,521.01,8813.0
2021-03-04 06:00:00+00:00,520.99,538.78,512.91,514.3,13358.0
2021-03-04 10:00:00+00:00,514.32,520.91,508.63,520.74,11944.0
2021-03-04 14:00:00+00:00,520.76,527.0,507.9,516.19,12965.0
2021-03-04 18:00:00+00:00,515.68,524.92,510.06,516.94,14358.0
2021-03-04 22:00:00+00:00,516.92,519.82,492.2,498.59,17797.0
2021-03-05 02:00:00+00:00,498.61,508.88,494.64,505.34,7142.0
2021-03-05 06:00:00+00:00,505.36,505.68,476.23,486.27,18999.0
2021-03-05 10:00:00+00:00,486.2,488.48,478.0,484.68,7482.0
2021-03-05 14:00:00+00:00,484.66,487.03,472.52,486.62,12301.0
2021-03-05 18:00:00+00:00,486.66,500.14,483.06,487.84,14062.0
2021-03-05 22:00:00+00:00,487.78,499.99,480.78,498.86,12535.0
2021-03-06 02:00:00+00:00,499.05,501.84,497.01,501.69,2435.0
2021-03-08 02:00:00+00:00,511.27,518.94,511.22,517.06,1397.0
2021-03-08 06:00:00+00:00,517.07,526.5,514.64,517.08,9273.0
2021-03-08 10:00:00+00:00,516.89,522.82,503.85,507.66,8765.0
2021-03-08 14:00:00+00:00,507.68,510.32,500.7,510.14,9245.0
2021-03-08 18:00:00+00:00,510.15,524.84,504.38,519.1,9454.0
2021-03-08 22:00:00+00:00,519.12,526.62,515.72,520.1,7255.0
2021-03-09 02:00:00+00:00,520.12,529.8,518.18,529.62,3722.0
2021-03-09 06:00:00+00:00,529.6,545.34,523.74,545.11,10620.0
2021-03-09 10:00:00+00:00,545.09,547.72,534.14,535.53,8042.0
2021-03-09 14:00:00+00:00,535.66,546.14,535.45,540.14,8172.0
2021-03-09 18:00:00+00:00,539.98,542.07,530.92,536.8,10176.0
2021-03-09 22:00:00+00:00,536.77,541.52,532.32,534.72,8123.0
2021-03-10 02:00:00+00:00,534.7,545.82,533.5,545.77,6754.0
2021-03-10 06:00:00+00:00,545.75,560.2,517.34,521.04,18828.0
2021-03-10 10:00:00+00:00,521.02,532.12,517.82,530.24,7769.0
2021-03-10 14:00:00+00:00,530.33,539.6,528.33,534.41,10343.0
2021-03-10 18:00:00+00:00,534.51,550.44,533.24,550.06,14510.0
2021-03-10 22:00:00+00:00,550.14,568.56,544.48,561.68,13160.0
2021-03-11 02:00:00+00:00,561.9,562.58,545.46,546.76,14141.0
2021-03-11 06:00:00+00:00,546.74,565.12,534.7,559.0,17740.0
2021-03-11 10:00:00+00:00,558.98,563.79,538.58,539.1,13790.0
2021-03-11 14:00:00+00:00,539.12,545.82,527.88,545.72,17116.0
2021-03-11 18:00:00+00:00,545.74,555.26,535.44,538.44,14890.0
2021-03-11 22:00:00+00:00,538.42,549.34,536.52,542.41,10730.0
2021-03-12 02:00:00+00:00,542.42,555.37,541.28,550.08,13719.0
2021-03-12 06:00:00+00:00,550.06,564.16,541.68,556.2,18823.0
2021-03-12 10:00:00+00:00,556.18,557.22,543.5,547.86,14701.0
2021-03-12 14:00:00+00:00,547.76,553.14,530.89,537.22,13398.0
2021-03-12 18:00:00+00:00,537.13,539.66,508.84,530.22,22792.0
2021-03-12 22:00:00+00:00,530.22,537.63,525.21,525.88,15015.0
2021-03-13 02:00:00+00:00,525.9,529.0,522.54,528.23,4706.0
2021-03-15 01:00:00+00:00,570.85,573.3,551.46,552.7,4127.0
2021-03-15 05:00:00+00:00,552.68,567.84,549.76,565.62,12568.0
2021-03-15 09:00:00+00:00,565.64,568.4,521.17,533.6,26717.0
2021-03-15 13:00:00+00:00,533.62,538.73,515.03,529.11,15052.0
2021-03-15 17:00:00+00:00,529.1,535.55,519.32,522.68,17516.0
2021-03-15 21:00:00+00:00,522.54,531.0,517.82,530.24,16018.0
2021-03-16 01:00:00+00:00,530.28,533.32,522.19,524.03,7510.0
2021-03-16 05:00:00+00:00,524.02,528.32,502.2,517.66,15966.0
2021-03-16 09:00:00+00:00,517.67,538.01,511.88,531.82,9981.0
2021-03-16 13:00:00+00:00,531.94,538.03,521.82,525.24,18261.0
2021-03-16 17:00:00+00:00,524.94,531.84,518.46,529.96,7770.0
2021-03-16 21:00:00+00:00,529.92,531.47,515.24,521.78,9772.0
2021-03-17 01:00:00+00:00,521.7,529.44,520.54,528.88,4328.0
2021-03-17 05:00:00+00:00,528.9,531.04,520.35,520.95,10038.0
2021-03-17 09:00:00+00:00,520.79,534.16,518.34,526.5,7376.0
2021-03-17 13:00:00+00:00,526.51,530.02,512.77,516.0,8422.0
2021-03-17 17:00:00+00:00,516.02,521.46,511.51,517.78,11056.0
2021-03-17 21:00:00+00:00,517.79,538.78,513.82,535.3,7394.0
2021-03-18 01:00:00+00:00,535.24,542.4,531.18,541.8,9234.0
2021-03-18 05:00:00+00:00,541.82,545.36,536.52,537.6,10536.0
2021-03-18 09:00:00+00:00,537.21,540.9,532.59,533.63,8797.0
2021-03-18 13:00:00+00:00,533.6,537.91,530.46,532.12,9709.0
2021-03-18 17:00:00+00:00,532.13,542.96,527.92,542.19,12360.0
2021-03-18 21:00:00+00:00,542.16,547.27,525.02,525.4,10710.0
2021-03-19 01:00:00+00:00,525.42,532.06,522.73,528.05,5920.0
2021-03-19 05:00:00+00:00,528.16,538.06,517.07,534.1,12006.0
2021-03-19 09:00:00+00:00,534.08,538.35,528.06,528.5,12922.0
2021-03-19 13:00:00+00:00,528.6,540.02,527.28,538.88,12398.0
2021-03-19 17:00:00+00:00,538.9,541.18,531.12,537.88,15428.0
2021-03-19 21:00:00+00:00,537.84,550.6,536.08,542.75,6366.0
2021-03-20 01:00:00+00:00,542.78,544.1,534.74,536.48,2563.0
2021-03-22 01:00:00+00:00,524.69,525.91,522.04,523.77,1850.0
2021-03-22 05:00:00+00:00,523.94,525.12,513.08,520.78,12120.0
2021-03-22 09:00:00+00:00,520.68,526.4,517.98,521.76,6298.0
2021-03-22 13:00:00+00:00,521.67,527.14,515.46,525.46,21172.0
2021-03-22 17:00:00+00:00,525.49,539.77,520.88,531.78,14727.0
2021-03-22 21:00:00+00:00,531.76,538.76,523.68,524.5,11913.0
2021-03-23 01:00:00+00:00,524.48,527.64,509.38,509.72,9757.0
2021-03-23 05:00:00+00:00,509.71,531.2,505.67,529.82,12772.0
2021-03-23 09:00:00+00:00,530.07,533.06,512.29,519.5,12842.0
2021-03-23 13:00:00+00:00,519.48,529.94,513.79,519.76,12795.0
2021-03-23 17:00:00+00:00,519.8,528.82,519.8,522.56,8904.0
2021-03-23 21:00:00+00:00,522.64,525.49,514.94,515.55,5181.0
2021-03-24 01:00:00+00:00,515.52,517.2,510.43,510.96,4223.0
2021-03-24 05:00:00+00:00,510.98,516.21,504.88,513.09,8821.0
2021-03-24 09:00:00+00:00,513.16,520.2,509.11,519.72,11247.0
2021-03-24 13:00:00+00:00,519.74,524.59,519.08,523.5,6995.0
2021-03-24 17:00:00+00:00,523.52,529.33,520.2,523.14,8819.0
2021-03-24 21:00:00+00:00,523.24,524.76,507.03,507.14,6564.0
2021-03-25 01:00:00+00:00,506.99,510.44,471.29,473.73,7080.0
2021-03-25 05:00:00+00:00,473.75,478.55,450.82,463.3,19206.0
2021-03-25 09:00:00+00:00,463.28,473.47,459.8,464.67,8767.0
2021-03-25 13:00:00+00:00,464.7,478.46,464.04,471.76,11280.0
2021-03-25 17:00:00+00:00,471.75,474.92,456.16,467.5,12794.0
2021-03-25 21:00:00+00:00,467.52,481.23,464.4,480.82,9021.0
2021-03-26 01:00:00+00:00,480.96,482.48,472.36,473.16,3277.0
2021-03-26 05:00:00+00:00,473.08,479.8,470.87,476.29,6433.0
2021-03-26 09:00:00+00:00,476.36,478.98,471.6,476.62,6761.0
2021-03-26 13:00:00+00:00,476.63,494.78,474.96,489.64,8723.0
2021-03-26 17:00:00+00:00,489.6,498.4,487.4,492.9,10637.0
2021-03-26 21:00:00+00:00,492.86,498.33,489.42,497.76,8558.0
2021-03-27 01:00:00+00:00,497.74,502.34,497.74,500.46,1829.0
2021-03-29 01:00:00+00:00,493.66,495.1,493.17,494.94,157.0
2021-03-29 05:00:00+00:00,495.15,499.01,491.6,497.12,2731.0
2021-03-29 09:00:00+00:00,497.07,507.46,496.24,504.8,8191.0
2021-03-29 13:00:00+00:00,504.82,519.96,504.17,519.11,7529.0
2021-03-29 17:00:00+00:00,519.48,523.92,515.43,518.14,8726.0
2021-03-29 21:00:00+00:00,518.15,522.63,512.3,519.37,10088.0
2021-03-30 01:00:00+00:00,519.4,520.2,515.28,517.26,9422.0
2021-03-30 05:00:00+00:00,517.11,520.03,510.74,514.92,12094.0
2021-03-30 09:00:00+00:00,514.81,520.26,511.25,519.02,9218.0
2021-03-30 13:00:00+00:00,518.96,532.44,516.84,528.63,11969.0
2021-03-30 17:00:00+00:00,528.58,536.36,523.84,527.08,11148.0
2021-03-30 21:00:00+00:00,527.05,531.46,523.86,528.42,4149.0
2021-03-31 01:00:00+00:00,528.41,532.1,523.24,524.82,4540.0
2021-03-31 05:00:00+00:00,524.76,533.46,523.32,528.41,7589.0
2021-03-31 09:00:00+00:00,528.07,533.36,519.01,530.96,6730.0
2021-03-31 13:00:00+00:00,530.94,531.92,502.0,513.81,21249.0
2021-03-31 17:00:00+00:00,513.8,525.54,513.73,522.94,17295.0
2021-03-31 21:00:00+00:00,522.96,531.61,520.8,530.61,20179.0
2021-04-01 01:00:00+00:00,530.62,540.89,523.84,538.54,19701.0
2021-04-01 05:00:00+00:00,538.52,554.64,535.4,545.7,14899.0
2021-04-01 09:00:00+00:00,545.73,545.8,534.46,536.66,13545.0
2021-04-01 13:00:00+00:00,536.76,546.64,531.73,535.77,14598.0
2021-04-01 17:00:00+00:00,535.78,545.9,529.16,545.88,21754.0
2021-04-01 21:00:00+00:00,545.58,559.12,530.2,540.88,24836.0
2021-04-02 01:00:00+00:00,540.89,558.66,540.88,554.72,10531.0
2021-04-02 05:00:00+00:00,554.7,565.04,544.66,557.26,18937.0
2021-04-02 09:00:00+00:00,557.27,562.01,551.88,555.1,13420.0
2021-04-02 13:00:00+00:00,554.79,564.33,554.79,560.74,21303.0
2021-04-02 17:00:00+00:00,560.84,583.38,559.46,581.88,28299.0
2021-04-02 21:00:00+00:00,581.86,598.21,581.38,585.98,22864.0
2021-04-03 01:00:00+00:00,586.02,586.02,575.97,579.04,14068.0
2021-04-05 01:00:00+00:00,556.18,558.26,553.7,557.76,5710.0
2021-04-05 05:00:00+00:00,557.88,582.04,553.64,578.66,21303.0
2021-04-05 09:00:00+00:00,578.42,583.36,560.6,562.5,23887.0
2021-04-05 13:00:00+00:00,562.46,595.04,559.84,590.81,25774.0
2021-04-05 17:00:00+00:00,590.82,618.15,589.04,610.26,32592.0
2021-04-05 21:00:00+00:00,610.28,628.66,605.62,613.53,27611.0
2021-04-06 01:00:00+00:00,613.51,638.92,610.32,638.3,19245.0
2021-04-06 05:00:00+00:00,638.32,660.5,628.79,640.82,27544.0
2021-04-06 09:00:00+00:00,640.84,650.76,631.1,639.57,19632.0
2021-04-06 13:00:00+00:00,639.48,670.29,625.12,646.06,30823.0
2021-04-06 17:00:00+00:00,646.2,674.06,615.17,638.32,37240.0
2021-04-06 21:00:00+00:00,638.54,660.36,627.34,654.67,26804.0
2021-04-07 01:00:00+00:00,654.64,662.36,644.06,661.11,13745.0
2021-04-07 05:00:00+00:00,661.14,670.01,646.7,666.72,24283.0
2021-04-07 09:00:00+00:00,666.74,693.72,659.88,662.26,30130.0
2021-04-07 13:00:00+00:00,662.24,674.13,608.72,613.69,41999.0
2021-04-07 17:00:00+00:00,613.67,639.04,595.24,628.36,43553.0
2021-04-07 21:00:00+00:00,628.34,641.82,613.92,616.04,32741.0
2021-04-08 01:00:00+00:00,616.02,631.86,603.89,630.64,21728.0
2021-04-08 05:00:00+00:00,630.66,633.08,610.12,621.73,21709.0
2021-04-08 09:00:00+00:00,621.75,636.86,613.06,636.24,17450.0
2021-04-08 13:00:00+00:00,636.22,641.18,609.96,620.74,21928.0
2021-04-08 17:00:00+00:00,621.17,641.85,614.84,631.96,19650.0
2021-04-08 21:00:00+00:00,631.98,642.06,626.62,630.77,19684.0
2021-04-09 01:00:00+00:00,630.75,641.71,625.58,639.2,11845.0
2021-04-09 05:00:00+00:00,639.23,649.98,635.78,636.68,18150.0
2021-04-09 09:00:00+00:00,636.7,646.18,633.8,636.66,12790.0
2021-04-09 13:00:00+00:00,636.68,642.6,628.74,639.64,12654.0
2021-04-09 17:00:00+00:00,640.06,642.42,625.4,630.62,15751.0
2021-04-09 21:00:00+00:00,630.6,640.72,628.14,635.34,13170.0
2021-04-10 01:00:00+00:00,635.36,638.26,633.56,637.36,3805.0
2021-04-12 01:00:00+00:00,674.02,688.03,671.66,686.3,2712.0
2021-04-12 05:00:00+00:00,686.28,691.7,676.8,678.92,16091.0
2021-04-12 09:00:00+00:00,678.88,695.04,677.77,694.38,21296.0
2021-04-12 13:00:00+00:00,694.4,696.3,664.4,671.7,25123.0
2021-04-12 17:00:00+00:00,671.73,682.57,664.36,664.42,24100.0
2021-04-12 21:00:00+00:00,664.54,673.92,651.84,672.52,23092.0
2021-04-13 01:00:00+00:00,672.54,676.16,669.57,675.7,14570.0
2021-04-13 05:00:00+00:00,675.72,679.75,667.1,673.95,17852.0
2021-04-13 09:00:00+00:00,673.97,686.39,667.7,675.37,22045.0
2021-04-13 13:00:00+00:00,675.36,712.55,675.13,710.83,27574.0
2021-04-13 17:00:00+00:00,710.85,730.82,707.36,725.52,28124.0
2021-04-13 21:00:00+00:00,725.76,747.94,721.68,727.76,28266.0
2021-04-14 01:00:00+00:00,727.98,743.35,719.94,728.71,24522.0
2021-04-14 05:00:00+00:00,728.72,808.79,725.02,808.09,32466.0
2021-04-14 09:00:00+00:00,808.11,829.59,806.36,818.54,32871.0
2021-04-14 13:00:00+00:00,818.52,823.04,767.04,818.76,39592.0
2021-04-14 17:00:00+00:00,818.79,821.43,758.54,777.26,45339.0
2021-04-14 21:00:00+00:00,777.24,846.02,772.41,806.29,56153.0
2021-04-15 01:00:00+00:00,806.26,829.98,789.71,821.56,25868.0
2021-04-15 05:00:00+00:00,821.58,827.41,798.15,803.61,32582.0
2021-04-15 09:00:00+00:00,803.58,838.03,798.72,825.96,27571.0
2021-04-15 13:00:00+00:00,825.98,834.79,804.09,804.28,27325.0
2021-04-15 17:00:00+00:00,804.3,843.64,799.02,828.95,26831.0
2021-04-15 21:00:00+00:00,828.98,859.74,821.12,841.26,40537.0
2021-04-16 01:00:00+00:00,841.28,877.17,835.62,869.38,26290.0
2021-04-16 05:00:00+00:00,869.36,928.65,861.69,908.12,40368.0
2021-04-16 09:00:00+00:00,908.13,968.04,892.7,909.98,68744.0
2021-04-16 13:00:00+00:00,910.19,930.09,875.14,877.28,53326.0
2021-04-16 17:00:00+00:00,877.22,904.7,817.48,877.83,60274.0
2021-04-16 21:00:00+00:00,877.78,1174.87,875.53,1084.52,74153.0
2021-04-17 01:00:00+00:00,1084.33,1084.33,1013.2,1042.92,14466.0
2021-04-19 01:00:00+00:00,935.86,974.32,934.28,974.32,11049.0
2021-04-19 05:00:00+00:00,974.42,1042.34,937.58,1024.14,47817.0
2021-04-19 09:00:00+00:00,1024.08,1031.98,983.04,1014.57,32980.0
2021-04-19 13:00:00+00:00,1014.4,1017.36,918.25,938.15,40834.0
2021-04-19 17:00:00+00:00,938.18,975.6,879.64,901.22,46229.0
2021-04-19 21:00:00+00:00,901.04,934.38,873.93,922.3,43011.0
2021-04-20 01:00:00+00:00,922.28,940.62,902.82,907.71,17291.0
2021-04-20 05:00:00+00:00,907.7,911.8,829.08,861.7,48060.0
2021-04-20 09:00:00+00:00,861.76,908.24,842.08,851.96,33475.0
2021-04-20 13:00:00+00:00,851.94,973.94,842.8,946.42,54058.0
2021-04-20 17:00:00+00:00,947.03,965.08,895.76,905.22,41563.0
2021-04-20 21:00:00+00:00,905.26,957.86,898.12,935.22,42766.0
2021-04-21 01:00:00+00:00,935.2,965.84,931.46,938.98,23023.0
2021-04-21 05:00:00+00:00,939.0,999.0,938.74,982.36,41370.0
2021-04-21 09:00:00+00:00,982.33,983.34,939.32,960.09,32206.0
2021-04-21 13:00:00+00:00,960.12,962.04,908.44,910.36,36423.0
2021-04-21 17:00:00+00:00,910.32,973.92,900.66,972.6,41408.0
2021-04-21 21:00:00+00:00,972.62,989.94,948.66,951.52,24991.0
2021-04-22 01:00:00+00:00,951.57,969.1,910.62,918.06,17819.0
2021-04-22 05:00:00+00:00,918.24,931.62,885.47,909.03,35929.0
2021-04-22 09:00:00+00:00,909.0,938.64,895.14,927.56,35437.0
2021-04-22 13:00:00+00:00,927.39,941.36,889.88,917.58,37334.0
2021-04-22 17:00:00+00:00,917.56,968.32,915.6,943.92,43181.0
2021-04-22 21:00:00+00:00,943.94,972.12,911.66,929.04,39846.0
2021-04-23 01:00:00+00:00,928.92,933.69,850.65,863.28,35448.0
2021-04-23 05:00:00+00:00,863.08,877.62,681.84,762.98,49026.0
2021-04-23 09:00:00+00:00,763.09,793.97,729.98,771.45,54175.0
2021-04-23 13:00:00+00:00,771.47,799.94,738.03,793.26,49629.0
2021-04-23 17:00:00+00:00,793.55,813.74,765.44,795.82,46019.0
2021-04-23 21:00:00+00:00,795.84,819.54,778.88,817.75,43633.0
2021-04-24 01:00:00+00:00,817.78,820.34,806.88,817.36,6327.0
2021-04-26 01:00:00+00:00,733.86,751.55,729.3,750.72,6781.0
2021-04-26 05:00:00+00:00,750.7,814.37,747.16,804.84,35911.0
2021-04-26 09:00:00+00:00,804.86,829.82,801.16,823.7,27042.0
2021-04-26 13:00:00+00:00,823.72,836.55,807.04,828.06,31065.0
2021-04-26 17:00:00+00:00,828.09,840.22,822.64,828.29,43716.0
2021-04-26 21:00:00+00:00,828.33,844.45,816.22,844.18,43212.0
2021-04-27 01:00:00+00:00,844.2,844.48,820.95,834.64,23149.0
2021-04-27 05:00:00+00:00,834.62,869.44,831.98,859.16,21632.0
2021-04-27 09:00:00+00:00,859.17,873.48,846.46,870.76,17505.0
2021-04-27 13:00:00+00:00,870.74,873.33,855.02,869.46,23958.0
2021-04-27 17:00:00+00:00,869.44,883.3,852.18,871.28,27587.0
2021-04-27 21:00:00+00:00,871.33,893.68,866.55,879.26,41894.0
2021-04-28 01:00:00+00:00,879.29,888.04,864.7,881.34,21594.0
2021-04-28 05:00:00+00:00,881.33,929.94,876.84,904.44,17527.0
2021-04-28 09:00:00+00:00,904.69,912.78,853.54,866.67,23787.0
2021-04-28 13:00:00+00:00,866.64,886.1,861.1,879.3,20432.0
2021-04-28 17:00:00+00:00,879.26,898.64,874.64,876.99,21195.0
2021-04-28 21:00:00+00:00,877.02,892.26,866.79,888.56,15155.0
2021-04-29 01:00:00+00:00,888.54,910.08,876.72,892.03,12114.0
2021-04-29 05:00:00+00:00,892.0,915.2,878.71,892.08,19332.0
2021-04-29 09:00:00+00:00,892.06,894.02,872.94,888.95,21321.0
2021-04-29 13:00:00+00:00,889.21,902.59,881.09,900.96,19567.0
2021-04-29 17:00:00+00:00,900.91,908.26,882.1,884.46,19233.0
2021-04-29 21:00:00+00:00,884.44,890.27,860.28,873.05,21764.0
2021-04-30 01:00:00+00:00,873.14,879.13,859.71,878.45,12911.0
2021-04-30 05:00:00+00:00,878.52,890.22,870.08,880.07,30878.0
2021-04-30 09:00:00+00:00,880.1,925.14,877.3,922.84,35615.0
2021-04-30 13:00:00+00:00,922.3,936.12,911.12,918.14,36920.0
2021-04-30 17:00:00+00:00,917.7,956.02,915.54,942.48,52110.0
2021-04-30 21:00:00+00:00,942.51,1002.06,942.51,985.24,54326.0
2021-05-01 01:00:00+00:00,985.27,992.06,983.24,988.29,8512.0
2021-05-03 01:00:00+00:00,978.28,981.37,968.38,971.8,3249.0
2021-05-03 05:00:00+00:00,971.76,1007.95,969.63,1002.7,13362.0
2021-05-03 09:00:00+00:00,1002.66,1006.28,994.4,1002.38,16224.0
2021-05-03 13:00:00+00:00,1002.36,1039.98,998.86,1019.1,16504.0
2021-05-03 17:00:00+00:00,1019.04,1030.77,990.7,1002.16,28073.0
2021-05-03 21:00:00+00:00,1002.18,1049.69,994.91,1029.24,38030.0
2021-05-04 01:00:00+00:00,1029.27,1030.42,1003.46,1023.04,18551.0
2021-05-04 05:00:00+00:00,1023.09,1024.3,941.45,953.66,19309.0
2021-05-04 09:00:00+00:00,953.64,974.84,945.32,969.44,18817.0
2021-05-04 13:00:00+00:00,969.56,1037.63,951.94,1035.78,44311.0
2021-05-04 17:00:00+00:00,1035.76,1055.64,973.55,992.08,59005.0
2021-05-04 21:00:00+00:00,991.16,998.3,932.16,976.32,47639.0
2021-05-05 01:00:00+00:00,976.23,986.27,959.13,977.66,23337.0
2021-05-05 05:00:00+00:00,977.64,1097.0,940.36,1096.46,24352.0
2021-05-05 09:00:00+00:00,1096.42,1098.31,1044.16,1065.91,18199.0
2021-05-05 13:00:00+00:00,1065.96,1187.96,1062.17,1170.96,23608.0
2021-05-05 17:00:00+00:00,1171.12,1241.92,1168.7,1232.79,23306.0
2021-05-05 21:00:00+00:00,1232.77,1352.52,1232.77,1340.82,26699.0
2021-05-06 01:00:00+00:00,1340.78,1478.02,1305.15,1434.51,18082.0
2021-05-06 05:00:00+00:00,1434.47,1470.33,1309.84,1364.58,28137.0
2021-05-06 09:00:00+00:00,1364.57,1382.4,1272.08,1286.54,53508.0
2021-05-06 13:00:00+00:00,1287.48,1462.68,1272.11,1447.24,62615.0
2021-05-06 17:00:00+00:00,1447.28,1464.17,1365.3,1420.0,48582.0
2021-05-06 21:00:00+00:00,1420.04,1608.51,1363.9,1433.7,60398.0
2021-05-07 01:00:00+00:00,1433.66,1574.4,1391.54,1528.72,45607.0
2021-05-07 05:00:00+00:00,1528.76,1531.78,1369.65,1405.42,59558.0
2021-05-07 09:00:00+00:00,1405.4,1434.58,1342.5,1409.28,52762.0
2021-05-07 13:00:00+00:00,1409.32,1444.56,1367.9,1410.77,42385.0
2021-05-07 17:00:00+00:00,1411.25,1453.06,1380.2,1412.82,49579.0
2021-05-07 21:00:00+00:00,1412.86,1420.94,1350.2,1358.14,57753.0
2021-05-08 01:00:00+00:00,1358.15,1365.9,1311.34,1343.19,14516.0
2021-05-10 01:00:00+00:00,1368.99,1390.0,1359.56,1382.96,3872.0
2021-05-10 05:00:00+00:00,1383.14,1475.34,1383.14,1471.4,21178.0
2021-05-10 09:00:00+00:00,1471.36,1573.46,1462.84,1521.5,22282.0
2021-05-10 13:00:00+00:00,1521.46,1530.46,1437.48,1452.18,56067.0
2021-05-10 17:00:00+00:00,1452.4,1486.71,1406.04,1406.04,63439.0
2021-05-10 21:00:00+00:00,1405.68,1509.47,1403.4,1422.12,69407.0
2021-05-11 01:00:00+00:00,1422.08,1433.64,1200.99,1364.88,45635.0
2021-05-11 05:00:00+00:00,1364.92,1383.52,1299.76,1318.04,62719.0
2021-05-11 09:00:00+00:00,1317.94,1364.58,1302.92,1356.28,60623.0
2021-05-11 13:00:00+00:00,1356.24,1397.59,1334.52,1379.96,57983.0
2021-05-11 17:00:00+00:00,1380.0,1438.12,1324.41,1432.16,68272.0
2021-05-11 21:00:00+00:00,1432.12,1496.7,1431.18,1485.2,69750.0
2021-05-12 01:00:00+00:00,1485.22,1496.72,1451.76,1494.33,33244.0
2021-05-12 05:00:00+00:00,1494.02,1641.68,1478.06,1583.3,65191.0
2021-05-12 09:00:00+00:00,1583.34,1600.94,1522.63,1531.48,51098.0
2021-05-12 13:00:00+00:00,1531.54,1549.92,1462.48,1467.44,60647.0
2021-05-12 17:00:00+00:00,1467.48,1516.38,1432.23,1472.51,63941.0
2021-05-12 21:00:00+00:00,1472.54,1478.29,1352.8,1412.33,67177.0
2021-05-13 01:00:00+00:00,1412.4,1450.8,1348.9,1392.92,42223.0
2021-05-13 05:00:00+00:00,1392.96,1393.04,1162.62,1308.91,67536.0
2021-05-13 09:00:00+00:00,1308.88,1344.84,1269.42,1344.1,53694.0
2021-05-13 13:00:00+00:00,1344.13,1345.78,1173.42,1199.18,57966.0
2021-05-13 17:00:00+00:00,1198.82,1294.02,1182.08,1269.56,59188.0
2021-05-13 21:00:00+00:00,1269.52,1272.8,1134.09,1144.22,56124.0
2021-05-14 01:00:00+00:00,1144.28,1233.84,1144.28,1204.0,29759.0
2021-05-14 05:00:00+00:00,1203.96,1277.94,1180.02,1235.24,27864.0
2021-05-14 09:00:00+00:00,1235.28,1271.36,1225.12,1243.45,20898.0
2021-05-14 13:00:00+00:00,1243.36,1320.18,1243.36,1311.86,18706.0
2021-05-14 17:00:00+00:00,1311.89,1335.16,1284.86,1326.12,24137.0
2021-05-14 21:00:00+00:00,1326.14,1363.48,1295.64,1303.4,23666.0
2021-05-15 01:00:00+00:00,1303.38,1304.0,1290.6,1294.52,5665.0
2021-05-17 01:00:00+00:00,1134.35,1159.91,1131.36,1147.88,6376.0
2021-05-17 05:00:00+00:00,1147.89,1171.63,1070.84,1075.94,31809.0
2021-05-17 09:00:00+00:00,1075.9,1101.13,988.56,1079.66,36508.0
2021-05-17 13:00:00+00:00,1078.95,1135.96,1075.75,1096.84,32668.0
2021-05-17 17:00:00+00:00,1097.44,1139.27,1064.62,1086.68,34592.0
2021-05-17 21:00:00+00:00,1086.66,1095.67,1001.96,1078.52,32229.0
2021-05-18 01:00:00+00:00,1078.48,1116.96,1040.2,1047.48,21320.0
2021-05-18 05:00:00+00:00,1047.46,1139.96,1039.58,1125.49,29196.0
2021-05-18 09:00:00+00:00,1125.51,1146.72,1114.82,1116.7,26952.0
2021-05-18 13:00:00+00:00,1117.52,1147.58,1112.04,1146.3,29426.0
2021-05-18 17:00:00+00:00,1146.51,1167.16,1059.08,1077.32,36528.0
2021-05-18 21:00:00+00:00,1076.86,1125.54,1061.2,1080.97,31173.0
2021-05-19 01:00:00+00:00,1081.0,1113.34,1074.34,1091.09,18087.0
2021-05-19 05:00:00+00:00,1091.06,1113.09,1000.7,1001.4,31123.0
2021-05-19 09:00:00+00:00,1001.57,1020.2,911.68,943.35,38668.0
2021-05-19 13:00:00+00:00,943.7,972.76,914.69,930.91,51242.0
2021-05-19 17:00:00+00:00,930.94,934.42,478.15,754.8,61516.0
2021-05-19 21:00:00+00:00,754.82,859.51,724.53,742.82,31391.0
2021-05-20 01:00:00+00:00,742.84,805.48,736.46,774.97,16490.0
2021-05-20 05:00:00+00:00,774.98,779.44,615.35,717.08,34305.0
2021-05-20 09:00:00+00:00,717.1,788.36,709.81,778.66,28029.0
2021-05-20 13:00:00+00:00,778.59,833.5,760.74,811.72,38695.0
2021-05-20 17:00:00+00:00,811.76,867.01,787.96,840.76,42727.0
2021-05-20 21:00:00+00:00,840.78,860.78,763.35,814.8,35520.0
2021-05-21 01:00:00+00:00,814.81,833.98,787.66,827.44,23992.0
2021-05-21 05:00:00+00:00,827.42,852.76,806.9,830.18,37485.0
2021-05-21 09:00:00+00:00,830.2,832.9,774.98,804.72,43454.0
2021-05-21 13:00:00+00:00,804.75,831.12,750.36,804.68,50554.0
2021-05-21 17:00:00+00:00,804.66,815.6,678.77,720.14,43859.0
2021-05-21 21:00:00+00:00,720.54,737.54,668.48,686.92,53125.0
2021-05-22 01:00:00+00:00,686.93,687.68,652.31,664.88,13382.0
2021-05-24 01:00:00+00:00,544.43,562.02,536.34,540.13,7159.0
2021-05-24 05:00:00+00:00,540.12,571.11,539.38,568.72,38208.0
2021-05-24 09:00:00+00:00,568.76,599.34,560.06,595.1,34199.0
2021-05-24 13:00:00+00:00,595.12,630.09,595.12,618.24,45460.0
2021-05-24 17:00:00+00:00,618.22,682.74,617.22,658.74,48585.0
2021-05-24 21:00:00+00:00,658.76,691.33,650.16,665.56,43041.0
2021-05-25 01:00:00+00:00,665.55,740.4,659.84,726.17,28687.0
2021-05-25 05:00:00+00:00,726.19,793.84,714.42,715.6,54623.0
2021-05-25 09:00:00+00:00,715.64,761.68,694.56,756.18,48911.0
2021-05-25 13:00:00+00:00,756.15,761.88,676.34,689.22,44852.0
2021-05-25 17:00:00+00:00,689.24,720.04,670.58,700.84,49986.0
2021-05-25 21:00:00+00:00,700.6,709.14,683.1,696.12,40050.0
2021-05-26 01:00:00+00:00,696.1,723.28,673.34,719.9,26387.0
2021-05-26 05:00:00+00:00,719.92,753.1,708.1,742.18,34968.0
2021-05-26 09:00:00+00:00,742.2,784.15,739.18,777.96,32670.0
2021-05-26 13:00:00+00:00,777.98,790.32,752.2,764.39,38745.0
2021-05-26 17:00:00+00:00,764.41,777.58,723.17,739.52,37739.0
2021-05-26 21:00:00+00:00,739.54,746.88,721.17,736.48,36301.0
2021-05-27 01:00:00+00:00,736.49,756.2,721.72,755.77,15490.0
2021-05-27 05:00:00+00:00,755.8,775.85,708.75,721.66,42358.0
2021-05-27 09:00:00+00:00,721.62,740.36,701.54,738.76,30462.0
2021-05-27 13:00:00+00:00,738.78,769.64,725.69,756.08,27712.0
2021-05-27 17:00:00+00:00,755.64,807.03,755.6,794.42,41695.0
2021-05-27 21:00:00+00:00,794.5,801.1,757.78,773.48,35558.0
2021-05-28 01:00:00+00:00,773.49,774.64,748.6,753.94,30289.0
2021-05-28 05:00:00+00:00,753.95,762.14,726.23,745.16,38207.0
2021-05-28 09:00:00+00:00,745.14,745.14,674.86,698.8,39531.0
2021-05-28 13:00:00+00:00,698.83,712.6,658.22,678.5,47652.0
2021-05-28 17:00:00+00:00,678.48,704.46,653.18,691.38,43681.0
2021-05-28 21:00:00+00:00,691.36,709.7,670.32,700.92,39266.0
2021-05-29 01:00:00+00:00,700.96,710.24,695.35,699.34,10538.0
2021-05-31 01:00:00+00:00,663.6,668.58,658.16,662.24,3093.0
2021-05-31 05:00:00+00:00,662.26,673.52,638.68,644.16,18917.0
2021-05-31 09:00:00+00:00,644.55,661.08,634.94,659.2,19611.0
2021-05-31 13:00:00+00:00,659.18,695.43,657.82,692.92,17178.0
2021-05-31 17:00:00+00:00,692.93,698.79,675.64,684.56,18778.0
2021-05-31 21:00:00+00:00,684.54,709.5,684.25,694.62,19068.0
2021-06-01 01:00:00+00:00,694.64,707.57,692.82,701.4,10198.0
2021-06-01 05:00:00+00:00,701.51,721.54,684.14,690.62,20870.0
2021-06-01 09:00:00+00:00,690.61,706.64,681.7,696.62,18883.0
2021-06-01 13:00:00+00:00,696.64,700.6,671.58,686.18,19547.0
2021-06-01 17:00:00+00:00,686.32,701.17,668.48,687.22,26641.0
2021-06-01 21:00:00+00:00,687.2,687.2,672.3,682.86,28680.0
2021-06-02 01:00:00+00:00,682.87,688.81,673.26,684.8,16408.0
2021-06-02 05:00:00+00:00,684.77,695.98,674.34,682.2,24863.0
2021-06-02 09:00:00+00:00,682.24,692.54,681.7,683.52,15636.0
2021-06-02 13:00:00+00:00,683.54,703.78,683.34,695.44,19557.0
2021-06-02 17:00:00+00:00,695.46,707.43,688.3,702.65,23672.0
2021-06-02 21:00:00+00:00,702.67,716.24,702.12,705.97,23028.0
2021-06-03 01:00:00+00:00,705.87,707.72,692.19,696.92,13180.0
2021-06-03 05:00:00+00:00,696.9,702.72,687.38,694.4,20489.0
2021-06-03 09:00:00+00:00,694.42,720.25,692.25,719.84,18427.0
2021-06-03 13:00:00+00:00,719.82,735.63,709.99,727.62,19346.0
2021-06-03 17:00:00+00:00,727.59,729.07,706.55,711.86,25216.0
2021-06-03 21:00:00+00:00,711.88,724.36,707.78,711.34,16419.0
2021-06-04 01:00:00+00:00,711.32,717.84,706.12,716.08,13212.0
2021-06-04 05:00:00+00:00,716.05,720.0,676.44,688.22,30192.0
2021-06-04 09:00:00+00:00,688.34,693.2,656.58,662.92,23510.0
2021-06-04 13:00:00+00:00,662.94,669.99,650.0,659.64,22150.0
2021-06-04 17:00:00+00:00,659.62,669.64,643.04,664.12,25562.0
2021-06-04 21:00:00+00:00,664.14,674.75,662.79,672.94,16343.0
2021-06-05 01:00:00+00:00,672.96,674.76,668.22,670.22,3166.0
2021-06-07 01:00:00+00:00,655.36,655.96,644.64,649.3,2862.0
2021-06-07 05:00:00+00:00,649.32,670.58,648.56,667.82,15922.0
2021-06-07 09:00:00+00:00,667.8,669.84,659.18,659.9,13478.0
2021-06-07 13:00:00+00:00,659.92,669.09,655.6,666.88,17526.0
2021-06-07 17:00:00+00:00,666.86,668.94,649.7,652.58,16405.0
2021-06-07 21:00:00+00:00,652.56,653.9,634.8,636.94,16197.0
2021-06-08 01:00:00+00:00,636.95,641.98,605.82,610.8,13513.0
2021-06-08 05:00:00+00:00,610.71,610.72,571.54,578.01,29551.0
2021-06-08 09:00:00+00:00,578.02,588.16,566.27,571.48,25755.0
2021-06-08 13:00:00+00:00,571.46,593.19,565.08,580.16,24733.0
2021-06-08 17:00:00+00:00,580.18,602.2,553.06,560.04,27473.0
2021-06-08 21:00:00+00:00,560.06,594.18,543.58,590.1,32497.0
2021-06-09 01:00:00+00:00,590.09,605.2,588.2,597.6,19618.0
2021-06-09 05:00:00+00:00,597.62,603.5,566.86,573.42,20796.0
2021-06-09 09:00:00+00:00,573.46,598.4,566.31,596.53,20470.0
2021-06-09 13:00:00+00:00,596.55,598.48,583.9,590.34,19053.0
2021-06-09 17:00:00+00:00,590.36,611.73,587.35,592.8,21953.0
2021-06-09 21:00:00+00:00,592.99,633.97,592.99,619.44,23790.0
2021-06-10 01:00:00+00:00,619.42,635.2,615.92,630.88,12148.0
2021-06-10 05:00:00+00:00,630.86,639.72,623.8,627.69,21467.0
2021-06-10 09:00:00+00:00,627.67,633.61,610.8,613.65,15522.0
2021-06-10 13:00:00+00:00,613.55,632.78,602.03,624.85,20801.0
2021-06-10 17:00:00+00:00,624.83,628.48,601.52,607.64,21849.0
2021-06-10 21:00:00+00:00,607.62,610.98,594.94,602.66,20934.0
2021-06-11 01:00:00+00:00,602.64,607.73,589.04,604.64,12741.0
2021-06-11 05:00:00+00:00,604.99,608.24,585.48,594.9,16495.0
2021-06-11 09:00:00+00:00,595.12,606.34,593.14,594.48,13887.0
2021-06-11 13:00:00+00:00,594.5,611.4,592.98,606.76,12888.0
2021-06-11 17:00:00+00:00,606.78,611.36,597.2,599.96,14626.0
2021-06-11 21:00:00+00:00,599.94,599.94,581.88,589.24,12661.0
2021-06-12 01:00:00+00:00,589.22,589.48,582.82,584.72,1622.0
2021-06-14 01:00:00+00:00,613.17,615.02,607.16,614.93,1437.0
2021-06-14 05:00:00+00:00,614.68,622.39,608.54,614.16,12162.0
2021-06-14 09:00:00+00:00,614.18,617.0,607.07,615.34,10852.0
2021-06-14 13:00:00+00:00,615.3,615.48,598.46,604.08,13955.0
2021-06-14 17:00:00+00:00,603.94,631.72,599.14,624.06,18163.0
2021-06-14 21:00:00+00:00,624.44,636.14,616.43,622.15,18279.0
2021-06-15 01:00:00+00:00,622.19,633.76,618.53,630.32,11781.0
2021-06-15 05:00:00+00:00,630.48,646.72,629.7,636.48,18023.0
2021-06-15 09:00:00+00:00,636.51,650.54,636.51,644.48,11862.0
2021-06-15 13:00:00+00:00,644.46,648.04,630.58,631.94,13143.0
2021-06-15 17:00:00+00:00,631.91,635.5,616.26,621.2,19740.0
2021-06-15 21:00:00+00:00,621.18,633.9,616.44,627.96,20349.0
2021-06-16 01:00:00+00:00,627.94,634.74,623.32,629.72,12151.0
2021-06-16 05:00:00+00:00,629.76,632.16,612.42,621.08,11353.0
2021-06-16 09:00:00+00:00,620.71,628.52,617.98,625.65,12097.0
2021-06-16 13:00:00+00:00,625.68,626.56,614.18,615.44,13459.0
2021-06-16 17:00:00+00:00,615.42,615.78,595.16,596.18,21824.0
2021-06-16 21:00:00+00:00,595.67,606.52,590.26,602.1,20617.0
2021-06-17 01:00:00+00:00,602.08,607.44,596.55,597.12,9301.0
2021-06-17 05:00:00+00:00,597.1,612.6,589.76,610.34,15434.0
2021-06-17 09:00:00+00:00,610.28,618.33,608.14,617.76,11803.0
2021-06-17 13:00:00+00:00,617.84,621.04,615.34,617.34,10776.0
2021-06-17 17:00:00+00:00,617.37,621.04,604.03,609.18,14121.0
2021-06-17 21:00:00+00:00,609.2,614.35,583.24,586.81,12880.0
2021-06-18 01:00:00+00:00,586.78,594.52,584.4,594.22,6570.0
2021-06-18 05:00:00+00:00,594.24,599.41,584.12,592.46,9314.0
2021-06-18 09:00:00+00:00,592.33,597.57,587.74,588.46,8064.0
2021-06-18 13:00:00+00:00,588.48,599.51,581.66,594.16,11465.0
2021-06-18 17:00:00+00:00,594.18,597.43,566.55,570.38,16166.0
2021-06-18 21:00:00+00:00,570.26,573.72,544.93,547.84,19864.0
2021-06-19 01:00:00+00:00,547.83,554.04,547.26,547.5,4355.0
2021-06-21 01:00:00+00:00,555.96,559.12,553.64,556.64,1853.0
2021-06-21 05:00:00+00:00,556.66,560.26,539.68,543.62,10624.0
2021-06-21 09:00:00+00:00,543.61,543.88,496.0,504.24,17297.0
2021-06-21 13:00:00+00:00,504.26,510.58,477.7,478.82,20416.0
2021-06-21 17:00:00+00:00,478.64,501.78,463.86,494.12,16488.0
2021-06-21 21:00:00+00:00,494.38,497.55,472.68,488.22,23027.0
2021-06-22 01:00:00+00:00,488.2,491.44,455.94,456.21,9855.0
2021-06-22 05:00:00+00:00,456.24,478.59,435.58,471.47,12728.0
2021-06-22 09:00:00+00:00,471.5,476.94,455.82,465.3,13014.0
2021-06-22 13:00:00+00:00,465.32,465.64,417.47,432.85,15598.0
2021-06-22 17:00:00+00:00,432.84,435.07,386.22,422.26,33707.0
2021-06-22 21:00:00+00:00,422.28,453.7,416.76,449.76,29269.0
2021-06-23 01:00:00+00:00,449.78,452.58,435.58,441.29,13039.0
2021-06-23 05:00:00+00:00,441.26,478.05,428.55,471.02,17534.0
2021-06-23 09:00:00+00:00,471.04,481.76,467.31,474.58,11965.0
2021-06-23 13:00:00+00:00,474.6,480.3,467.84,476.41,14375.0
2021-06-23 17:00:00+00:00,476.4,485.96,466.68,473.6,14376.0
2021-06-23 21:00:00+00:00,473.59,473.97,456.8,458.62,13700.0
2021-06-24 01:00:00+00:00,458.63,468.33,452.16,467.82,4321.0
2021-06-24 05:00:00+00:00,467.8,478.34,455.34,457.09,14766.0
2021-06-24 09:00:00+00:00,457.08,486.88,455.81,483.29,17285.0
2021-06-24 13:00:00+00:00,483.3,493.16,480.43,483.66,13482.0
2021-06-24 17:00:00+00:00,483.78,496.18,483.78,486.16,14589.0
2021-06-24 21:00:00+00:00,486.14,495.58,484.66,488.68,15035.0
2021-06-25 01:00:00+00:00,488.7,489.2,481.32,484.72,7124.0
2021-06-25 05:00:00+00:00,484.54,497.37,478.67,491.38,12023.0
2021-06-25 09:00:00+00:00,491.36,493.14,477.22,481.36,13182.0
2021-06-25 13:00:00+00:00,481.32,481.34,465.45,471.27,15999.0
2021-06-25 17:00:00+00:00,471.03,476.32,462.88,464.83,20173.0
2021-06-25 21:00:00+00:00,464.82,467.16,451.95,462.29,19931.0
2021-06-26 01:00:00+00:00,462.3,466.02,457.5,463.7,3663.0
2021-06-28 01:00:00+00:00,455.44,474.13,454.8,471.45,3223.0
2021-06-28 05:00:00+00:00,471.71,479.43,469.7,475.1,14228.0
2021-06-28 09:00:00+00:00,475.08,482.74,474.15,479.96,8235.0
2021-06-28 13:00:00+00:00,479.97,488.55,475.41,476.64,14946.0
2021-06-28 17:00:00+00:00,476.62,490.76,472.46,488.8,12876.0
2021-06-28 21:00:00+00:00,488.79,518.08,487.78,501.65,15450.0
2021-06-29 01:00:00+00:00,501.54,507.74,498.84,502.2,9272.0
2021-06-29 05:00:00+00:00,502.18,513.88,494.96,501.65,12209.0
2021-06-29 09:00:00+00:00,501.63,519.16,500.56,517.4,15508.0
2021-06-29 13:00:00+00:00,517.37,544.2,515.88,543.18,19826.0
2021-06-29 17:00:00+00:00,543.2,547.04,533.54,536.1,17972.0
2021-06-29 21:00:00+00:00,536.12,540.79,527.24,531.81,20450.0
2021-06-30 01:00:00+00:00,531.64,534.74,518.38,520.24,7810.0
2021-06-30 05:00:00+00:00,520.26,534.48,516.32,529.1,15368.0
2021-06-30 09:00:00+00:00,529.07,529.07,508.62,516.12,12382.0
2021-06-30 13:00:00+00:00,516.14,519.77,504.13,512.02,20137.0
2021-06-30 17:00:00+00:00,512.03,516.88,504.5,508.0,18862.0
2021-06-30 21:00:00+00:00,507.82,520.06,498.36,519.58,23746.0
2021-07-01 01:00:00+00:00,519.59,525.52,514.45,522.26,12238.0
2021-07-01 05:00:00+00:00,522.3,528.4,511.76,511.82,16833.0
2021-07-01 09:00:00+00:00,511.82,514.79,495.66,496.62,26996.0
2021-07-01 13:00:00+00:00,496.6,500.06,486.58,490.71,24054.0
2021-07-01 17:00:00+00:00,490.68,497.64,486.24,489.98,19034.0
2021-07-01 21:00:00+00:00,489.96,501.04,488.56,497.58,20410.0
2021-07-02 01:00:00+00:00,497.6,502.68,487.04,501.63,19026.0
2021-07-02 05:00:00+00:00,501.71,504.66,489.86,494.32,17571.0
2021-07-02 09:00:00+00:00,494.34,494.58,477.34,481.06,19133.0
2021-07-02 13:00:00+00:00,481.08,490.42,475.64,480.02,17169.0
2021-07-02 17:00:00+00:00,480.04,492.84,478.12,492.2,18104.0
2021-07-02 21:00:00+00:00,492.21,493.59,483.8,484.86,12635.0
2021-07-03 01:00:00+00:00,484.88,487.7,483.76,487.42,2796.0
2021-07-05 01:00:00+00:00,537.92,537.92,527.06,527.68,2369.0
2021-07-05 05:00:00+00:00,527.66,532.0,514.68,518.64,13437.0
2021-07-05 09:00:00+00:00,518.5,520.08,511.9,517.94,12968.0
2021-07-05 13:00:00+00:00,517.92,519.3,511.32,518.72,11241.0
2021-07-05 17:00:00+00:00,518.45,518.52,487.63,503.5,18298.0
2021-07-05 21:00:00+00:00,503.52,514.21,496.67,511.02,15538.0
2021-07-06 01:00:00+00:00,511.04,514.8,507.38,510.17,10465.0
2021-07-06 05:00:00+00:00,510.3,516.37,503.7,510.9,11636.0
2021-07-06 09:00:00+00:00,510.92,526.43,510.4,521.79,9369.0
2021-07-06 13:00:00+00:00,521.8,525.17,503.16,506.3,14073.0
2021-07-06 17:00:00+00:00,506.28,515.92,503.89,511.06,14616.0
2021-07-06 21:00:00+00:00,511.04,511.04,501.02,505.94,13227.0
2021-07-07 01:00:00+00:00,505.91,509.0,500.78,507.23,5775.0
2021-07-07 05:00:00+00:00,507.11,514.61,505.38,513.2,9887.0
2021-07-07 09:00:00+00:00,513.66,527.92,513.66,524.39,11098.0
2021-07-07 13:00:00+00:00,524.4,531.76,522.49,527.62,11366.0
2021-07-07 17:00:00+00:00,527.61,537.98,522.44,523.81,10022.0
2021-07-07 21:00:00+00:00,523.8,525.24,518.98,521.1,15456.0
2021-07-08 01:00:00+00:00,521.09,521.62,510.6,512.73,5744.0
2021-07-08 05:00:00+00:00,512.72,512.72,493.06,500.67,19626.0
2021-07-08 09:00:00+00:00,500.68,502.86,490.92,494.02,21905.0
2021-07-08 13:00:00+00:00,494.0,498.07,480.46,485.14,26573.0
2021-07-08 17:00:00+00:00,485.23,497.81,479.39,493.08,17870.0
2021-07-08 21:00:00+00:00,493.04,498.22,491.48,495.51,13529.0
2021-07-09 01:00:00+00:00,495.73,499.34,483.93,484.77,8154.0
2021-07-09 05:00:00+00:00,484.78,491.67,471.3,480.03,12032.0
2021-07-09 09:00:00+00:00,480.02,495.9,479.12,486.24,14532.0
2021-07-09 13:00:00+00:00,486.29,489.04,479.62,482.18,13715.0
2021-07-09 17:00:00+00:00,482.16,504.25,476.14,503.95,17402.0
2021-07-09 21:00:00+00:00,504.06,506.06,500.16,501.36,13688.0
2021-07-10 01:00:00+00:00,501.32,502.68,499.33,501.98,1878.0
2021-07-12 01:00:00+00:00,502.14,503.4,498.38,499.11,1430.0
2021-07-12 05:00:00+00:00,499.14,503.01,496.32,502.48,5670.0
2021-07-12 09:00:00+00:00,502.51,509.13,502.38,504.7,6388.0
2021-07-12 13:00:00+00:00,504.7,505.73,485.98,489.74,7581.0
2021-07-12 17:00:00+00:00,489.72,490.54,486.64,487.8,9012.0
2021-07-12 21:00:00+00:00,487.8,492.25,473.12,477.43,10926.0
2021-07-13 01:00:00+00:00,477.5,481.86,471.13,479.8,8679.0
2021-07-13 05:00:00+00:00,479.81,484.64,475.94,482.17,8235.0
2021-07-13 09:00:00+00:00,482.06,484.54,470.22,477.07,10704.0
2021-07-13 13:00:00+00:00,477.14,483.14,477.14,478.64,6829.0
2021-07-13 17:00:00+00:00,478.65,479.88,466.16,470.0,12284.0
2021-07-13 21:00:00+00:00,470.02,475.64,467.88,468.6,8891.0
2021-07-14 01:00:00+00:00,468.58,469.82,459.86,465.33,7626.0
2021-07-14 05:00:00+00:00,465.32,468.55,452.06,460.17,13986.0
2021-07-14 09:00:00+00:00,460.19,460.72,443.78,445.95,14628.0
2021-07-14 13:00:00+00:00,445.94,466.37,444.32,463.98,11038.0
2021-07-14 17:00:00+00:00,463.96,478.28,461.46,475.8,7999.0
2021-07-14 21:00:00+00:00,475.87,477.13,468.8,470.06,6295.0
2021-07-15 01:00:00+00:00,470.08,472.21,468.2,469.28,4187.0
2021-07-15 05:00:00+00:00,469.3,473.66,461.28,461.8,7478.0
2021-07-15 09:00:00+00:00,461.78,461.78,452.72,453.78,8014.0
2021-07-15 13:00:00+00:00,453.77,462.68,447.52,448.6,8075.0
2021-07-15 17:00:00+00:00,448.62,454.67,446.01,450.94,10891.0
2021-07-15 21:00:00+00:00,450.92,454.22,443.96,453.0,10387.0
2021-07-16 01:00:00+00:00,452.98,458.02,452.98,456.1,3661.0
2021-07-16 05:00:00+00:00,456.24,463.14,450.07,461.81,6009.0
2021-07-16 09:00:00+00:00,461.86,464.8,454.28,455.36,5209.0
2021-07-16 13:00:00+00:00,455.37,457.24,437.74,441.24,8247.0
2021-07-16 17:00:00+00:00,440.91,448.63,436.96,445.78,7901.0
2021-07-16 21:00:00+00:00,445.76,450.94,444.36,445.46,5089.0
2021-07-17 01:00:00+00:00,445.44,448.16,444.5,445.28,1063.0
2021-07-19 01:00:00+00:00,442.98,443.47,434.68,435.44,1288.0
2021-07-19 05:00:00+00:00,435.42,440.43,432.02,435.62,5000.0
2021-07-19 09:00:00+00:00,435.63,441.46,435.0,440.61,5090.0
2021-07-19 13:00:00+00:00,440.7,441.41,431.4,431.7,4342.0
2021-07-19 17:00:00+00:00,431.69,435.12,413.13,416.94,7279.0
2021-07-19 21:00:00+00:00,416.92,419.02,413.48,415.62,4805.0
2021-07-20 01:00:00+00:00,415.68,418.39,413.72,416.54,3298.0
2021-07-20 05:00:00+00:00,416.52,422.22,399.46,400.34,8307.0
2021-07-20 09:00:00+00:00,400.36,402.12,391.4,393.82,6929.0
2021-07-20 13:00:00+00:00,393.92,396.02,384.24,390.08,5414.0
2021-07-20 17:00:00+00:00,390.09,397.06,387.52,395.92,6369.0
2021-07-20 21:00:00+00:00,395.94,405.1,394.98,401.78,6863.0
2021-07-21 01:00:00+00:00,401.8,405.64,396.4,397.06,5100.0
2021-07-21 05:00:00+00:00,397.07,402.32,393.0,400.78,5949.0
2021-07-21 09:00:00+00:00,400.8,416.97,399.52,415.92,6171.0
2021-07-21 13:00:00+00:00,416.2,420.03,411.08,418.74,7666.0
2021-07-21 17:00:00+00:00,418.88,425.59,417.88,424.98,6729.0
2021-07-21 21:00:00+00:00,425.07,435.22,421.22,421.68,11634.0
2021-07-22 01:00:00+00:00,421.67,429.66,421.26,429.57,6579.0
2021-07-22 05:00:00+00:00,429.58,436.75,424.51,424.74,7238.0
2021-07-22 09:00:00+00:00,424.64,434.26,424.48,433.28,6589.0
2021-07-22 13:00:00+00:00,433.3,437.64,427.84,432.77,7101.0
2021-07-22 17:00:00+00:00,432.9,440.76,425.32,438.92,5844.0
2021-07-22 21:00:00+00:00,438.9,445.58,438.42,441.36,5887.0
2021-07-23 01:00:00+00:00,441.38,442.74,435.48,438.1,4127.0
2021-07-23 05:00:00+00:00,438.09,450.67,437.44,446.61,5763.0
2021-07-23 09:00:00+00:00,446.66,448.59,442.22,443.36,7116.0
2021-07-23 13:00:00+00:00,443.34,445.25,436.84,440.26,8013.0
2021-07-23 17:00:00+00:00,440.24,446.74,438.46,442.45,8056.0
2021-07-23 21:00:00+00:00,442.43,442.66,431.56,435.28,6228.0
2021-07-24 01:00:00+00:00,435.26,437.76,435.08,437.26,1107.0
2021-07-26 01:00:00+00:00,446.53,447.91,444.72,447.89,516.0
2021-07-26 05:00:00+00:00,447.88,500.44,446.85,490.76,11452.0
2021-07-26 09:00:00+00:00,490.78,512.34,490.38,504.34,12694.0
2021-07-26 13:00:00+00:00,504.36,511.47,496.32,511.24,11870.0
2021-07-26 17:00:00+00:00,511.16,511.16,487.35,498.87,10834.0
2021-07-26 21:00:00+00:00,498.83,513.89,497.42,511.28,11215.0
2021-07-27 01:00:00+00:00,511.32,518.02,481.4,487.8,10705.0
2021-07-27 05:00:00+00:00,487.88,487.9,468.68,468.68,13949.0
2021-07-27 09:00:00+00:00,468.66,478.14,468.1,474.02,11518.0
2021-07-27 13:00:00+00:00,473.98,484.82,473.28,483.25,10825.0
2021-07-27 17:00:00+00:00,483.26,503.04,482.37,494.96,11856.0
2021-07-27 21:00:00+00:00,495.16,499.01,485.21,493.08,11894.0
2021-07-28 01:00:00+00:00,493.1,504.36,491.72,501.81,5919.0
2021-07-28 05:00:00+00:00,501.83,505.28,492.69,501.51,9505.0
2021-07-28 09:00:00+00:00,501.52,502.76,490.16,491.86,10207.0
2021-07-28 13:00:00+00:00,491.9,519.57,491.78,511.4,12099.0
2021-07-28 17:00:00+00:00,511.42,517.43,501.64,506.3,10554.0
2021-07-28 21:00:00+00:00,506.28,515.7,498.86,512.16,8814.0
2021-07-29 01:00:00+00:00,512.18,514.18,503.97,506.2,5327.0
2021-07-29 05:00:00+00:00,505.97,513.3,500.7,504.37,9573.0
2021-07-29 09:00:00+00:00,504.53,510.5,502.54,507.46,7554.0
2021-07-29 13:00:00+00:00,507.49,512.67,504.52,506.84,7645.0
2021-07-29 17:00:00+00:00,506.81,510.49,498.86,510.02,8908.0
2021-07-29 21:00:00+00:00,510.38,547.21,508.25,536.42,10728.0
2021-07-30 01:00:00+00:00,536.44,539.67,530.62,536.6,6146.0
2021-07-30 05:00:00+00:00,536.58,548.25,534.4,540.0,7898.0
2021-07-30 09:00:00+00:00,540.01,541.68,530.66,538.38,4364.0
2021-07-30 13:00:00+00:00,538.4,538.62,517.52,526.22,7679.0
2021-07-30 17:00:00+00:00,526.02,530.32,521.24,530.24,6621.0
2021-07-30 21:00:00+00:00,530.12,534.96,524.99,532.9,5816.0
2021-07-31 01:00:00+00:00,532.92,537.14,532.76,535.22,1797.0
2021-08-02 01:00:00+00:00,545.98,548.08,538.5,540.24,2563.0
2021-08-02 05:00:00+00:00,540.22,542.16,514.08,534.04,10675.0
2021-08-02 09:00:00+00:00,534.05,555.09,532.94,553.18,5726.0
2021-08-02 13:00:00+00:00,553.48,564.76,543.52,558.08,10023.0
2021-08-02 17:00:00+00:00,558.04,567.24,550.63,557.24,10131.0
2021-08-02 21:00:00+00:00,557.22,557.82,546.62,550.89,9491.0
2021-08-03 01:00:00+00:00,550.87,551.59,541.7,547.23,8191.0
2021-08-03 05:00:00+00:00,547.06,552.1,536.86,539.9,5718.0
2021-08-03 09:00:00+00:00,539.88,541.62,523.11,529.78,5103.0
2021-08-03 13:00:00+00:00,529.7,536.01,526.76,532.99,4296.0
2021-08-03 17:00:00+00:00,532.93,538.66,521.42,533.84,4421.0
2021-08-03 21:00:00+00:00,533.82,538.94,527.91,538.8,5419.0
2021-08-04 01:00:00+00:00,538.82,543.34,534.77,541.31,5798.0
2021-08-04 05:00:00+00:00,541.26,543.94,533.44,536.14,17982.0
2021-08-04 09:00:00+00:00,536.24,536.56,527.46,529.64,17080.0
2021-08-04 13:00:00+00:00,529.75,532.64,524.44,530.9,17101.0
2021-08-04 17:00:00+00:00,530.92,542.52,530.28,541.88,18570.0
2021-08-04 21:00:00+00:00,541.98,550.74,541.42,544.98,16973.0
2021-08-05 01:00:00+00:00,545.1,550.77,544.08,547.62,11051.0
2021-08-05 05:00:00+00:00,547.65,553.0,537.9,540.86,17614.0
2021-08-05 09:00:00+00:00,540.9,542.9,531.14,531.86,16952.0
2021-08-05 13:00:00+00:00,531.85,536.06,523.96,529.33,18942.0
2021-08-05 17:00:00+00:00,529.47,536.56,522.88,536.14,19077.0
2021-08-05 21:00:00+00:00,536.24,548.77,531.07,545.12,16537.0
2021-08-06 01:00:00+00:00,545.22,551.06,544.48,549.08,13163.0
2021-08-06 05:00:00+00:00,549.01,551.0,541.72,542.94,19242.0
2021-08-06 09:00:00+00:00,542.8,550.08,541.2,547.48,17685.0
2021-08-06 13:00:00+00:00,547.54,547.91,538.3,540.42,17604.0
2021-08-06 17:00:00+00:00,540.28,545.76,537.39,541.12,17207.0
2021-08-06 21:00:00+00:00,541.08,561.42,539.97,553.01,19283.0
2021-08-07 01:00:00+00:00,553.0,557.23,552.98,555.7,4779.0
2021-08-09 01:00:00+00:00,562.3,566.02,561.49,564.46,4663.0
2021-08-09 05:00:00+00:00,564.54,565.82,543.34,549.74,21186.0
2021-08-09 09:00:00+00:00,549.56,556.82,547.0,552.92,19194.0
2021-08-09 13:00:00+00:00,552.84,575.44,552.8,574.91,20544.0
2021-08-09 17:00:00+00:00,574.9,588.0,572.3,583.54,21641.0
2021-08-09 21:00:00+00:00,583.62,599.92,583.62,594.8,18799.0
2021-08-10 01:00:00+00:00,594.78,600.78,584.42,594.23,14438.0
2021-08-10 05:00:00+00:00,594.06,596.37,582.88,590.36,21300.0
2021-08-10 09:00:00+00:00,590.28,591.84,578.24,586.79,19317.0
2021-08-10 13:00:00+00:00,586.54,590.84,579.67,580.98,19813.0
2021-08-10 17:00:00+00:00,581.12,606.78,580.18,587.58,20893.0
2021-08-10 21:00:00+00:00,587.51,589.03,573.3,586.82,20915.0
2021-08-11 01:00:00+00:00,586.92,598.58,586.34,590.53,11142.0
2021-08-11 05:00:00+00:00,590.48,602.48,587.98,593.8,11050.0
2021-08-11 09:00:00+00:00,593.68,613.6,592.54,611.43,7881.0
2021-08-11 13:00:00+00:00,611.45,615.78,604.06,607.06,9721.0
2021-08-11 17:00:00+00:00,607.16,622.94,602.74,619.14,10038.0
2021-08-11 21:00:00+00:00,619.13,626.0,614.81,619.24,9479.0
2021-08-12 01:00:00+00:00,619.14,632.76,612.7,618.46,8912.0
2021-08-12 05:00:00+00:00,618.41,650.0,616.85,647.54,13943.0
2021-08-12 09:00:00+00:00,647.52,647.54,606.39,616.57,15023.0
2021-08-12 13:00:00+00:00,616.62,627.15,612.44,622.61,11304.0
2021-08-12 17:00:00+00:00,622.62,624.51,596.38,599.49,14910.0
2021-08-12 21:00:00+00:00,599.5,609.16,592.64,608.15,11883.0
2021-08-13 01:00:00+00:00,608.17,610.04,595.53,598.12,6609.0
2021-08-13 05:00:00+00:00,598.14,621.32,598.14,619.18,11115.0
2021-08-13 09:00:00+00:00,619.42,635.58,615.47,634.82,4977.0
2021-08-13 13:00:00+00:00,634.84,643.86,629.61,638.46,10816.0
2021-08-13 17:00:00+00:00,638.6,643.56,630.26,633.14,8880.0
2021-08-13 21:00:00+00:00,633.12,634.88,623.74,631.84,11236.0
2021-08-14 01:00:00+00:00,631.86,634.54,628.44,631.3,2481.0
2021-08-16 01:00:00+00:00,697.86,706.1,697.54,705.8,2915.0
2021-08-16 05:00:00+00:00,705.82,714.99,699.58,708.96,11549.0
2021-08-16 09:00:00+00:00,708.98,709.42,695.08,696.73,9032.0
2021-08-16 13:00:00+00:00,696.57,705.83,693.1,704.99,9035.0
2021-08-16 17:00:00+00:00,704.98,707.22,679.14,679.37,12127.0
2021-08-16 21:00:00+00:00,679.34,691.92,679.06,690.47,10742.0
2021-08-17 01:00:00+00:00,690.48,690.48,675.2,683.45,8697.0
2021-08-17 05:00:00+00:00,683.44,684.72,659.86,684.35,14645.0
2021-08-17 09:00:00+00:00,684.33,691.3,671.16,671.34,11571.0
2021-08-17 13:00:00+00:00,671.52,690.36,669.79,683.77,13675.0
2021-08-17 17:00:00+00:00,683.84,691.32,672.08,672.4,11288.0
2021-08-17 21:00:00+00:00,672.42,676.0,663.32,670.82,13011.0
2021-08-18 01:00:00+00:00,670.83,671.72,640.44,650.92,10993.0
2021-08-18 05:00:00+00:00,650.9,650.9,620.54,636.22,15772.0
2021-08-18 09:00:00+00:00,636.3,646.53,630.66,642.46,10439.0
2021-08-18 13:00:00+00:00,642.48,647.44,635.02,639.9,11824.0
2021-08-18 17:00:00+00:00,639.86,646.04,633.32,642.94,10459.0
2021-08-18 21:00:00+00:00,642.76,655.4,636.19,643.88,11119.0
2021-08-19 01:00:00+00:00,643.62,647.44,630.64,637.58,7388.0
2021-08-19 05:00:00+00:00,637.56,641.62,629.12,631.93,11318.0
2021-08-19 09:00:00+00:00,631.9,632.45,622.64,626.71,10271.0
2021-08-19 13:00:00+00:00,626.74,633.34,622.58,624.32,10725.0
2021-08-19 17:00:00+00:00,624.31,637.66,619.72,636.56,9790.0
2021-08-19 21:00:00+00:00,636.74,651.46,635.72,650.76,11903.0
2021-08-20 01:00:00+00:00,650.78,656.52,647.82,656.52,6433.0
2021-08-20 05:00:00+00:00,656.56,666.5,654.08,661.27,9899.0
2021-08-20 09:00:00+00:00,661.29,662.78,653.08,658.11,8491.0
2021-08-20 13:00:00+00:00,658.1,663.84,652.28,663.06,9049.0
2021-08-20 17:00:00+00:00,663.08,680.74,658.32,680.34,9980.0
2021-08-20 21:00:00+00:00,680.24,684.56,673.79,677.32,10369.0
2021-08-21 01:00:00+00:00,677.66,682.26,675.96,676.82,1787.0
2021-08-23 01:00:00+00:00,660.83,669.11,659.04,668.38,1687.0
2021-08-23 05:00:00+00:00,668.36,687.43,668.35,686.73,9660.0
2021-08-23 09:00:00+00:00,686.67,692.4,680.12,681.35,7356.0
2021-08-23 13:00:00+00:00,681.48,691.38,679.47,685.14,6708.0
2021-08-23 17:00:00+00:00,685.16,694.75,679.78,680.07,8291.0
2021-08-23 21:00:00+00:00,680.08,682.92,669.02,669.56,5925.0
2021-08-24 01:00:00+00:00,669.53,680.52,664.54,679.92,4221.0
2021-08-24 05:00:00+00:00,679.82,681.62,665.86,671.0,8157.0
2021-08-24 09:00:00+00:00,671.02,680.35,669.72,680.35,5613.0
2021-08-24 13:00:00+00:00,680.27,684.46,673.33,674.06,6880.0
2021-08-24 17:00:00+00:00,674.02,675.31,643.36,651.79,10922.0
2021-08-24 21:00:00+00:00,651.46,654.06,634.39,639.22,12685.0
2021-08-25 01:00:00+00:00,639.22,648.96,636.11,647.6,5074.0
2021-08-25 05:00:00+00:00,647.58,648.99,636.26,647.7,8759.0
2021-08-25 09:00:00+00:00,647.66,659.14,638.74,655.18,5935.0
2021-08-25 13:00:00+00:00,655.16,657.24,627.61,631.73,9780.0
2021-08-25 17:00:00+00:00,631.72,645.98,628.45,645.24,7742.0
2021-08-25 21:00:00+00:00,645.32,647.96,640.84,645.61,6486.0
2021-08-26 01:00:00+00:00,645.52,650.44,640.81,646.54,5215.0
2021-08-26 05:00:00+00:00,646.64,657.58,643.22,644.11,7047.0
2021-08-26 09:00:00+00:00,644.08,644.3,619.82,620.59,12470.0
2021-08-26 13:00:00+00:00,620.57,620.57,612.39,617.64,10110.0
2021-08-26 17:00:00+00:00,617.68,621.72,606.56,615.88,12720.0
2021-08-26 21:00:00+00:00,615.9,617.68,605.06,612.76,9421.0
2021-08-27 01:00:00+00:00,612.79,617.2,608.06,612.53,6087.0
2021-08-27 05:00:00+00:00,612.54,614.38,597.0,607.32,9635.0
2021-08-27 09:00:00+00:00,607.3,611.64,599.56,610.96,9346.0
2021-08-27 13:00:00+00:00,610.98,613.71,605.2,609.42,8902.0
2021-08-27 17:00:00+00:00,609.32,627.12,608.54,625.64,11481.0
2021-08-27 21:00:00+00:00,625.78,630.04,621.62,622.5,8202.0
2021-08-28 01:00:00+00:00,622.47,624.7,621.24,622.69,2141.0
2021-08-30 01:00:00+00:00,665.0,670.11,662.86,668.12,1612.0
2021-08-30 05:00:00+00:00,668.14,670.36,650.48,650.58,8010.0
2021-08-30 09:00:00+00:00,650.41,652.24,641.31,644.91,9508.0
2021-08-30 13:00:00+00:00,644.9,653.4,642.94,648.22,5914.0
2021-08-30 17:00:00+00:00,648.2,648.44,635.64,636.78,8711.0
2021-08-30 21:00:00+00:00,636.8,650.32,636.52,648.71,5933.0
2021-08-31 01:00:00+00:00,648.72,652.72,639.91,641.43,4630.0
2021-08-31 05:00:00+00:00,641.38,641.38,624.07,629.2,9139.0
2021-08-31 09:00:00+00:00,629.1,633.64,626.04,627.74,5768.0
2021-08-31 13:00:00+00:00,627.68,648.93,624.66,638.88,8641.0
2021-08-31 17:00:00+00:00,638.87,651.48,636.78,637.56,10115.0
2021-08-31 21:00:00+00:00,637.48,643.38,631.37,636.46,8496.0
2021-09-01 01:00:00+00:00,636.44,638.47,628.56,634.44,4546.0
2021-09-01 05:00:00+00:00,634.46,638.96,625.72,632.38,8489.0
2021-09-01 09:00:00+00:00,632.3,640.25,628.78,636.4,6823.0
2021-09-01 13:00:00+00:00,636.57,643.64,635.29,640.4,7924.0
2021-09-01 17:00:00+00:00,640.42,645.2,637.71,640.35,6927.0
2021-09-01 21:00:00+00:00,640.37,651.62,639.56,647.68,9546.0
2021-09-02 01:00:00+00:00,647.7,650.68,642.08,646.98,3944.0
2021-09-02 05:00:00+00:00,646.96,668.16,646.96,664.32,7633.0
2021-09-02 09:00:00+00:00,663.82,670.0,659.94,669.38,6126.0
2021-09-02 13:00:00+00:00,669.42,673.6,664.42,672.88,8647.0
2021-09-02 17:00:00+00:00,672.9,674.28,659.93,661.27,9279.0
2021-09-02 21:00:00+00:00,661.25,664.86,655.58,662.2,8240.0
2021-09-03 01:00:00+00:00,662.22,668.07,661.23,666.74,3996.0
2021-09-03 05:00:00+00:00,666.78,675.06,650.86,657.08,9245.0
2021-09-03 09:00:00+00:00,657.12,673.08,657.04,666.63,9080.0
2021-09-03 13:00:00+00:00,666.65,685.38,664.66,676.36,10087.0
2021-09-03 17:00:00+00:00,676.62,698.92,671.8,695.5,13841.0
2021-09-03 21:00:00+00:00,695.52,721.48,695.44,720.12,10192.0
2021-09-04 01:00:00+00:00,720.42,721.62,715.46,720.06,1061.0
2021-09-06 01:00:00+00:00,744.2,748.2,741.32,747.9,2415.0
2021-09-06 05:00:00+00:00,747.93,768.16,741.35,743.16,8900.0
2021-09-06 09:00:00+00:00,743.13,781.04,742.26,779.09,6792.0
2021-09-06 13:00:00+00:00,779.1,803.9,775.23,797.42,10538.0
2021-09-06 17:00:00+00:00,797.52,798.91,753.87,787.58,12142.0
2021-09-06 21:00:00+00:00,787.49,791.52,775.02,788.6,7788.0
2021-09-07 01:00:00+00:00,788.62,796.7,783.29,786.28,6458.0
2021-09-07 05:00:00+00:00,786.3,787.96,776.92,781.6,7640.0
2021-09-07 09:00:00+00:00,781.88,783.88,768.03,768.18,7384.0
2021-09-07 13:00:00+00:00,768.16,770.25,722.13,740.18,13710.0
2021-09-07 17:00:00+00:00,740.22,741.91,671.62,671.63,10797.0
2021-09-07 21:00:00+00:00,670.92,689.12,586.9,659.6,14277.0
2021-09-08 01:00:00+00:00,659.59,669.03,650.83,666.39,7740.0
2021-09-08 05:00:00+00:00,666.41,679.77,662.92,674.91,10349.0
2021-09-08 09:00:00+00:00,674.89,679.2,650.24,650.64,14219.0
2021-09-08 13:00:00+00:00,650.62,663.35,645.02,659.98,13202.0
2021-09-08 17:00:00+00:00,660.0,666.18,653.44,654.74,12801.0
2021-09-08 21:00:00+00:00,654.77,667.14,654.41,666.84,11719.0
2021-09-09 01:00:00+00:00,666.87,669.83,657.4,668.24,9542.0
2021-09-09 05:00:00+00:00,668.22,670.0,657.92,658.64,8634.0
2021-09-09 09:00:00+00:00,658.66,671.16,655.8,668.35,6955.0
2021-09-09 13:00:00+00:00,668.26,673.38,660.73,665.9,6670.0
2021-09-09 17:00:00+00:00,665.82,674.68,655.98,669.86,9085.0
2021-09-09 21:00:00+00:00,670.0,673.13,663.64,664.86,6718.0
2021-09-10 01:00:00+00:00,664.88,665.68,658.4,662.96,4196.0
2021-09-10 05:00:00+00:00,662.94,674.08,658.44,668.26,8279.0
2021-09-10 09:00:00+00:00,668.24,670.08,662.22,663.42,7055.0
2021-09-10 13:00:00+00:00,663.38,665.26,650.8,653.28,9227.0
2021-09-10 17:00:00+00:00,653.3,656.49,628.48,631.24,10476.0
2021-09-10 21:00:00+00:00,631.26,639.12,624.71,637.94,9938.0
2021-09-11 01:00:00+00:00,637.96,638.6,635.04,636.24,1743.0
2021-09-13 01:00:00+00:00,644.91,652.91,644.66,652.22,2186.0
2021-09-13 05:00:00+00:00,652.2,655.2,630.18,632.98,10776.0
2021-09-13 09:00:00+00:00,633.01,634.55,619.26,623.92,12254.0
2021-09-13 13:00:00+00:00,623.94,625.92,602.5,609.7,11845.0
2021-09-13 17:00:00+00:00,609.68,659.8,592.6,609.4,13248.0
2021-09-13 21:00:00+00:00,609.39,619.38,608.29,614.12,12696.0
2021-09-14 01:00:00+00:00,614.14,621.28,611.47,618.18,6594.0
2021-09-14 05:00:00+00:00,618.22,619.77,608.61,613.18,9982.0
2021-09-14 09:00:00+00:00,613.2,621.22,610.73,618.49,7404.0
2021-09-14 13:00:00+00:00,618.55,626.52,614.99,626.52,8494.0
2021-09-14 17:00:00+00:00,626.54,638.0,616.76,637.98,11003.0
2021-09-14 21:00:00+00:00,637.94,643.03,634.82,636.81,10333.0
2021-09-15 01:00:00+00:00,636.8,642.35,635.64,640.18,4276.0
2021-09-15 05:00:00+00:00,640.48,643.15,635.26,640.01,5845.0
2021-09-15 09:00:00+00:00,640.04,640.79,632.2,636.68,5261.0
2021-09-15 13:00:00+00:00,636.72,645.54,633.8,642.22,7142.0
2021-09-15 17:00:00+00:00,642.43,642.88,637.1,640.55,7379.0
2021-09-15 21:00:00+00:00,640.53,651.96,640.2,651.46,7617.0
2021-09-16 01:00:00+00:00,651.49,656.83,648.75,655.44,3981.0
2021-09-16 05:00:00+00:00,655.43,657.24,643.56,645.24,6106.0
2021-09-16 09:00:00+00:00,645.2,645.74,636.08,641.62,7068.0
2021-09-16 13:00:00+00:00,641.6,645.8,637.74,640.1,5114.0
2021-09-16 17:00:00+00:00,640.09,645.74,626.15,632.3,8506.0
2021-09-16 21:00:00+00:00,632.26,640.36,627.76,639.26,7809.0
2021-09-17 01:00:00+00:00,639.28,641.38,630.34,638.4,3993.0
2021-09-17 05:00:00+00:00,638.41,644.07,636.04,638.65,6383.0
2021-09-17 09:00:00+00:00,638.78,643.94,636.43,641.76,3962.0
2021-09-17 13:00:00+00:00,641.42,648.24,622.4,626.62,8208.0
2021-09-17 17:00:00+00:00,626.6,629.64,612.9,626.84,9514.0
2021-09-17 21:00:00+00:00,626.86,631.36,618.91,624.76,7725.0
2021-09-18 01:00:00+00:00,624.61,628.09,623.09,627.7,911.0
2021-09-20 01:00:00+00:00,614.11,618.21,602.62,606.7,2513.0
2021-09-20 05:00:00+00:00,606.48,611.24,579.42,585.53,7509.0
2021-09-20 09:00:00+00:00,585.5,587.88,574.28,579.74,7912.0
2021-09-20 13:00:00+00:00,579.9,583.18,559.87,564.98,10858.0
2021-09-20 17:00:00+00:00,565.0,566.0,529.85,548.11,17661.0
2021-09-20 21:00:00+00:00,547.98,554.51,540.84,542.38,9247.0
2021-09-21 01:00:00+00:00,542.35,551.5,535.86,542.18,7993.0
2021-09-21 05:00:00+00:00,542.2,546.56,510.52,542.6,13042.0
2021-09-21 09:00:00+00:00,542.58,543.44,527.62,538.3,6614.0
2021-09-21 13:00:00+00:00,538.32,552.24,536.86,551.1,6649.0
2021-09-21 17:00:00+00:00,551.08,551.89,534.5,541.48,11375.0
2021-09-21 21:00:00+00:00,541.46,548.8,525.54,526.93,12023.0
2021-09-22 01:00:00+00:00,526.92,530.26,503.28,503.52,9370.0
2021-09-22 05:00:00+00:00,503.5,521.0,496.15,517.08,9299.0
2021-09-22 09:00:00+00:00,517.02,522.97,511.52,522.97,5447.0
2021-09-22 13:00:00+00:00,522.99,526.87,520.34,525.08,4642.0
2021-09-22 17:00:00+00:00,525.26,531.41,518.46,528.49,6529.0
2021-09-22 21:00:00+00:00,528.64,547.1,528.64,535.7,9429.0
2021-09-23 01:00:00+00:00,535.72,546.34,535.16,545.94,5592.0
2021-09-23 05:00:00+00:00,546.43,549.96,535.1,544.15,6662.0
2021-09-23 09:00:00+00:00,544.17,549.47,539.9,548.44,5563.0
2021-09-23 13:00:00+00:00,548.44,549.94,535.56,539.26,8518.0
2021-09-23 17:00:00+00:00,539.45,545.89,532.81,545.68,7903.0
2021-09-23 21:00:00+00:00,545.63,552.24,538.99,549.89,7077.0
2021-09-24 01:00:00+00:00,549.92,554.1,546.86,550.04,4482.0
2021-09-24 05:00:00+00:00,549.66,556.84,542.72,544.83,5974.0
2021-09-24 09:00:00+00:00,544.96,546.3,537.06,537.26,6450.0
2021-09-24 13:00:00+00:00,537.18,546.28,492.34,495.83,13301.0
2021-09-24 17:00:00+00:00,495.81,511.85,479.2,509.18,15727.0
2021-09-24 21:00:00+00:00,509.19,509.6,502.16,507.17,9392.0
2021-09-25 01:00:00+00:00,507.07,511.38,505.82,508.87,1651.0
2021-09-27 01:00:00+00:00,507.82,512.3,499.2,499.42,2397.0
2021-09-27 05:00:00+00:00,499.44,515.4,496.23,513.14,9996.0
2021-09-27 09:00:00+00:00,513.12,513.56,505.62,505.8,5239.0
2021-09-27 13:00:00+00:00,505.78,510.2,500.9,506.58,7178.0
2021-09-27 17:00:00+00:00,506.56,508.52,496.61,497.65,8631.0
2021-09-27 21:00:00+00:00,497.64,502.8,494.36,498.68,8592.0
2021-09-28 01:00:00+00:00,498.64,503.08,493.68,498.94,5885.0
2021-09-28 05:00:00+00:00,498.96,499.92,486.09,491.78,9030.0
2021-09-28 09:00:00+00:00,491.76,496.58,486.54,488.97,6021.0
2021-09-28 13:00:00+00:00,488.96,492.61,481.48,488.8,9339.0
2021-09-28 17:00:00+00:00,488.88,499.35,482.0,485.8,10707.0
2021-09-28 21:00:00+00:00,485.78,487.45,476.78,484.1,8094.0
2021-09-29 01:00:00+00:00,484.08,488.25,479.02,479.1,4139.0
2021-09-29 05:00:00+00:00,479.11,486.19,471.48,483.74,7889.0
2021-09-29 09:00:00+00:00,483.72,490.9,481.08,489.8,5321.0
2021-09-29 13:00:00+00:00,489.82,495.02,482.1,492.56,5724.0
2021-09-29 17:00:00+00:00,492.8,498.14,488.09,492.88,7405.0
2021-09-29 21:00:00+00:00,493.0,493.5,478.54,480.03,6008.0
2021-09-30 01:00:00+00:00,480.02,481.33,471.62,480.34,4321.0
2021-09-30 05:00:00+00:00,480.32,497.94,479.54,496.2,5986.0
2021-09-30 09:00:00+00:00,496.21,505.96,493.92,498.92,5748.0
2021-09-30 13:00:00+00:00,499.1,500.77,491.06,491.74,7273.0
2021-09-30 17:00:00+00:00,492.14,503.04,491.76,495.02,8632.0
2021-09-30 21:00:00+00:00,495.26,503.18,492.82,503.0,6864.0
2021-10-01 01:00:00+00:00,502.98,503.86,494.47,499.92,4723.0
2021-10-01 05:00:00+00:00,500.22,507.52,498.25,501.4,6456.0
2021-10-01 09:00:00+00:00,501.67,506.98,500.17,505.42,5161.0
2021-10-01 13:00:00+00:00,505.45,535.0,503.34,531.74,7829.0
2021-10-01 17:00:00+00:00,531.9,538.14,529.04,533.12,9285.0
2021-10-01 21:00:00+00:00,533.23,541.72,533.23,541.25,5990.0
2021-10-02 01:00:00+00:00,541.22,543.87,539.47,541.03,1570.0
2021-10-04 01:00:00+00:00,567.73,572.4,567.41,571.27,1466.0
2021-10-04 05:00:00+00:00,571.3,573.75,554.98,555.84,6412.0
2021-10-04 09:00:00+00:00,555.48,555.51,546.65,549.72,6306.0
2021-10-04 13:00:00+00:00,549.53,556.92,547.26,551.1,5217.0
2021-10-04 17:00:00+00:00,551.06,560.23,535.9,539.42,6667.0
2021-10-04 21:00:00+00:00,539.44,554.6,530.23,552.62,9708.0
2021-10-05 01:00:00+00:00,552.68,554.16,545.48,545.74,4825.0
2021-10-05 05:00:00+00:00,545.76,559.47,545.57,554.52,7334.0
2021-10-05 09:00:00+00:00,554.54,565.57,551.82,562.8,3848.0
2021-10-05 13:00:00+00:00,562.78,569.64,558.62,565.5,6346.0
2021-10-05 17:00:00+00:00,565.48,568.73,561.11,563.29,6751.0
2021-10-05 21:00:00+00:00,563.34,588.1,562.34,586.38,8028.0
2021-10-06 01:00:00+00:00,586.34,600.32,584.56,599.55,6089.0
2021-10-06 05:00:00+00:00,599.73,604.87,589.23,592.54,6375.0
2021-10-06 09:00:00+00:00,592.19,596.8,585.18,592.02,6008.0
2021-10-06 13:00:00+00:00,591.98,592.31,562.18,566.89,9749.0
2021-10-06 17:00:00+00:00,567.06,625.6,564.5,621.42,14739.0
2021-10-06 21:00:00+00:00,621.46,624.6,609.42,610.58,10036.0
2021-10-07 01:00:00+00:00,610.6,624.87,610.06,615.29,7603.0
2021-10-07 05:00:00+00:00,615.27,620.56,598.01,604.67,12128.0
2021-10-07 09:00:00+00:00,604.65,612.42,599.85,606.32,8481.0
2021-10-07 13:00:00+00:00,606.23,636.39,603.94,620.67,13549.0
2021-10-07 17:00:00+00:00,620.66,626.25,606.98,614.25,11796.0
2021-10-07 21:00:00+00:00,614.14,627.42,607.44,613.26,10821.0
2021-10-08 01:00:00+00:00,613.12,616.98,605.54,608.43,7311.0
2021-10-08 05:00:00+00:00,608.41,614.64,595.61,595.61,8541.0
2021-10-08 09:00:00+00:00,595.6,602.59,588.3,602.06,5456.0
2021-10-08 13:00:00+00:00,602.08,617.74,600.28,609.52,11399.0
2021-10-08 17:00:00+00:00,609.54,611.57,597.86,606.02,11096.0
2021-10-08 21:00:00+00:00,606.08,607.48,600.4,605.56,6153.0
2021-10-09 01:00:00+00:00,605.48,607.42,601.45,603.72,1398.0
2021-10-11 01:00:00+00:00,587.16,591.72,584.19,590.29,3999.0
2021-10-11 05:00:00+00:00,590.18,596.15,577.69,595.9,9829.0
2021-10-11 09:00:00+00:00,595.89,611.76,593.9,609.4,8500.0
2021-10-11 13:00:00+00:00,609.42,617.5,604.74,605.02,8712.0
2021-10-11 17:00:00+00:00,605.04,618.42,595.51,614.04,11261.0
2021-10-11 21:00:00+00:00,613.93,615.66,601.33,601.64,8832.0
2021-10-12 01:00:00+00:00,601.62,604.17,588.89,598.7,7452.0
2021-10-12 05:00:00+00:00,598.7,602.36,587.1,588.3,8655.0
2021-10-12 09:00:00+00:00,588.28,593.2,580.08,586.86,8175.0
2021-10-12 13:00:00+00:00,587.18,593.76,570.17,575.52,8833.0
2021-10-12 17:00:00+00:00,575.51,588.16,567.89,579.12,12013.0
2021-10-12 21:00:00+00:00,579.23,587.92,574.12,585.11,10668.0
2021-10-13 01:00:00+00:00,584.77,589.45,577.34,588.65,9408.0
2021-10-13 05:00:00+00:00,588.63,594.74,584.62,592.89,6803.0
2021-10-13 09:00:00+00:00,592.92,594.35,571.73,578.06,8485.0
2021-10-13 13:00:00+00:00,577.96,580.39,571.46,575.81,10158.0
2021-10-13 17:00:00+00:00,575.56,585.52,573.46,581.0,9958.0
2021-10-13 21:00:00+00:00,581.01,591.03,580.53,584.78,10710.0
2021-10-14 01:00:00+00:00,584.78,594.32,583.42,592.73,10725.0
2021-10-14 05:00:00+00:00,592.68,603.82,590.4,600.52,11665.0
2021-10-14 09:00:00+00:00,600.5,601.16,595.06,597.02,9142.0
2021-10-14 13:00:00+00:00,597.0,599.96,594.8,598.06,6501.0
2021-10-14 17:00:00+00:00,598.04,608.47,597.34,602.36,9765.0
2021-10-14 21:00:00+00:00,602.2,603.6,592.06,600.36,9623.0
2021-10-15 01:00:00+00:00,600.18,600.96,593.34,597.57,7017.0
2021-10-15 05:00:00+00:00,597.56,612.1,585.36,611.52,9083.0
2021-10-15 09:00:00+00:00,611.53,637.0,611.39,626.28,13996.0
2021-10-15 13:00:00+00:00,626.32,627.14,605.03,611.9,11291.0
2021-10-15 17:00:00+00:00,612.11,622.89,607.69,617.28,9020.0
2021-10-15 21:00:00+00:00,617.3,631.56,613.66,630.64,12375.0
2021-10-16 01:00:00+00:00,630.28,631.32,627.12,630.08,2035.0
2021-10-18 01:00:00+00:00,593.9,609.94,593.9,608.85,4551.0
2021-10-18 05:00:00+00:00,608.87,619.24,607.9,615.84,12133.0
2021-10-18 09:00:00+00:00,615.86,618.9,612.46,616.8,9051.0
2021-10-18 13:00:00+00:00,616.78,619.31,603.14,608.8,13855.0
2021-10-18 17:00:00+00:00,608.76,614.3,598.32,610.46,14997.0
2021-10-18 21:00:00+00:00,610.44,610.82,602.02,604.44,10545.0
2021-10-19 01:00:00+00:00,604.41,612.16,599.49,612.1,7342.0
2021-10-19 05:00:00+00:00,612.12,615.59,607.83,614.88,8841.0
2021-10-19 09:00:00+00:00,614.92,625.0,613.86,617.19,8999.0
2021-10-19 13:00:00+00:00,617.2,619.03,612.21,613.28,8082.0
2021-10-19 17:00:00+00:00,613.12,616.98,599.14,604.94,12261.0
2021-10-19 21:00:00+00:00,604.96,612.52,603.18,609.88,9684.0
2021-10-20 01:00:00+00:00,609.86,618.66,609.6,618.24,9359.0
2021-10-20 05:00:00+00:00,618.22,620.44,611.8,612.47,9366.0
2021-10-20 09:00:00+00:00,612.44,613.94,604.68,605.46,7123.0
2021-10-20 13:00:00+00:00,605.44,611.3,605.44,610.28,7718.0
2021-10-20 17:00:00+00:00,610.08,638.08,610.08,637.58,13786.0
2021-10-20 21:00:00+00:00,637.6,649.07,634.79,647.84,9902.0
2021-10-21 01:00:00+00:00,647.67,648.35,638.93,643.3,6759.0
2021-10-21 05:00:00+00:00,643.32,653.96,641.94,644.82,9630.0
2021-10-21 09:00:00+00:00,644.42,644.84,635.18,639.14,9763.0
2021-10-21 13:00:00+00:00,639.12,652.7,635.74,651.76,7450.0
2021-10-21 17:00:00+00:00,651.78,656.0,628.68,631.32,13164.0
2021-10-21 21:00:00+00:00,630.82,633.56,620.97,627.46,13631.0
2021-10-22 01:00:00+00:00,627.48,632.48,624.16,624.44,9435.0
2021-10-22 05:00:00+00:00,624.46,635.34,621.94,630.78,12406.0
2021-10-22 09:00:00+00:00,630.8,636.38,629.23,631.64,9767.0
2021-10-22 13:00:00+00:00,631.66,635.76,628.0,629.94,8328.0
2021-10-22 17:00:00+00:00,629.92,637.2,616.16,624.94,11381.0
2021-10-22 21:00:00+00:00,624.96,628.61,612.14,619.88,13899.0
2021-10-23 01:00:00+00:00,619.76,622.12,617.12,621.88,2596.0
2021-10-25 01:00:00+00:00,620.36,620.36,614.56,616.4,5578.0
2021-10-25 05:00:00+00:00,616.44,623.06,614.46,620.91,10725.0
2021-10-25 09:00:00+00:00,621.04,624.32,619.71,620.28,7489.0
2021-10-25 13:00:00+00:00,620.31,624.36,616.62,619.46,6365.0
2021-10-25 17:00:00+00:00,619.48,623.2,618.2,621.82,8201.0
2021-10-25 21:00:00+00:00,621.64,628.56,618.14,619.42,6194.0
2021-10-26 01:00:00+00:00,619.52,624.28,615.92,623.52,4726.0
2021-10-26 05:00:00+00:00,623.48,626.4,619.72,622.5,5298.0
2021-10-26 09:00:00+00:00,622.48,632.6,621.28,624.14,6654.0
2021-10-26 13:00:00+00:00,623.94,628.74,621.41,625.08,5742.0
2021-10-26 17:00:00+00:00,625.26,625.34,606.72,611.4,7740.0
2021-10-26 21:00:00+00:00,611.23,616.34,608.79,616.08,8494.0
2021-10-27 01:00:00+00:00,616.48,624.75,599.78,605.27,8431.0
2021-10-27 05:00:00+00:00,605.29,615.56,603.57,609.54,5741.0
2021-10-27 09:00:00+00:00,609.54,619.5,609.54,610.06,5593.0
2021-10-27 13:00:00+00:00,610.08,610.48,533.4,558.72,15957.0
2021-10-27 17:00:00+00:00,558.6,566.64,556.17,563.78,7882.0
2021-10-27 21:00:00+00:00,563.76,567.46,555.02,557.37,5969.0
2021-10-28 01:00:00+00:00,557.38,562.08,551.42,557.26,7303.0
2021-10-28 05:00:00+00:00,557.29,559.22,543.82,555.91,9611.0
2021-10-28 09:00:00+00:00,556.1,567.38,551.78,564.23,9026.0
2021-10-28 13:00:00+00:00,564.2,579.63,560.14,572.56,12912.0
2021-10-28 17:00:00+00:00,572.54,574.84,566.28,569.13,6217.0
2021-10-28 21:00:00+00:00,569.14,580.8,565.14,572.54,8250.0
2021-10-29 01:00:00+00:00,572.76,592.28,570.71,579.85,13442.0
2021-10-29 05:00:00+00:00,579.87,591.08,575.99,590.46,8403.0
2021-10-29 09:00:00+00:00,590.48,591.39,583.24,585.4,5686.0
2021-10-29 13:00:00+00:00,585.31,586.82,576.99,578.56,7183.0
2021-10-29 17:00:00+00:00,578.49,584.66,574.38,581.4,6193.0
2021-10-29 21:00:00+00:00,581.38,593.52,580.94,588.9,7097.0
2021-10-30 01:00:00+00:00,588.92,591.93,587.56,590.94,1437.0
2021-11-23 06:00:00+00:00,558.24,564.04,546.46,557.16,25301.0
2021-11-23 10:00:00+00:00,557.14,567.02,553.24,561.02,34344.0
2021-11-23 14:00:00+00:00,561.06,567.98,560.22,563.72,28914.0
2021-11-23 18:00:00+00:00,563.7,568.27,561.34,567.5,19707.0
2021-11-23 22:00:00+00:00,567.54,575.88,564.6,564.73,17300.0
2021-11-24 02:00:00+00:00,564.76,567.28,558.56,566.12,16676.0
2021-11-24 06:00:00+00:00,566.12,586.59,563.36,578.23,28875.0
2021-11-24 10:00:00+00:00,578.24,594.96,572.84,581.52,29151.0
2021-11-24 14:00:00+00:00,581.56,606.88,573.62,585.84,41888.0
2021-11-24 18:00:00+00:00,585.79,603.92,585.6,601.43,34164.0
2021-11-24 22:00:00+00:00,601.95,636.0,601.16,617.83,29200.0
2021-11-25 02:00:00+00:00,617.76,626.14,609.54,610.86,20292.0
2021-11-25 06:00:00+00:00,610.84,620.11,608.31,618.44,19002.0
2021-11-25 10:00:00+00:00,618.46,631.98,616.92,624.58,31072.0
2021-11-25 14:00:00+00:00,624.44,629.18,619.24,620.99,28357.0
2021-11-25 18:00:00+00:00,621.0,630.71,617.42,620.86,21368.0
2021-11-25 22:00:00+00:00,620.9,622.34,606.68,608.78,23455.0
2021-11-26 02:00:00+00:00,608.67,612.51,600.74,604.14,27898.0
2021-11-26 06:00:00+00:00,604.25,607.7,542.08,557.58,70984.0
2021-11-26 10:00:00+00:00,557.6,561.84,544.94,561.43,48229.0
2021-11-26 14:00:00+00:00,560.42,566.35,557.1,560.36,35962.0
2021-11-26 18:00:00+00:00,560.33,566.18,556.4,561.64,29424.0
2021-11-28 22:00:00+00:00,561.41,573.38,559.16,569.56,28862.0
2021-11-29 02:00:00+00:00,569.58,570.12,562.28,563.6,17347.0
2021-11-29 06:00:00+00:00,563.62,566.62,557.55,560.12,18239.0
2021-11-29 10:00:00+00:00,560.12,578.02,559.83,575.12,23665.0
2021-11-29 14:00:00+00:00,575.05,581.88,567.04,580.28,29663.0
2021-11-29 18:00:00+00:00,580.36,580.66,567.22,573.94,23612.0
2021-11-29 22:00:00+00:00,574.28,580.45,570.24,571.88,24333.0
2021-11-30 02:00:00+00:00,571.86,575.01,563.16,563.23,21403.0
2021-11-30 06:00:00+00:00,563.2,566.43,557.34,562.03,35852.0
2021-11-30 10:00:00+00:00,562.05,585.04,560.52,581.0,38856.0
2021-11-30 14:00:00+00:00,581.03,588.08,565.4,573.12,60799.0
2021-11-30 18:00:00+00:00,573.12,579.4,569.48,574.56,41987.0
2021-11-30 22:00:00+00:00,574.16,576.66,568.26,572.76,24636.0
2021-12-01 02:00:00+00:00,572.76,579.17,569.38,569.74,21341.0
2021-12-01 06:00:00+00:00,569.74,583.38,568.51,574.02,28451.0
2021-12-01 10:00:00+00:00,573.98,583.37,570.0,581.24,29201.0
2021-12-01 14:00:00+00:00,581.2,587.23,579.71,580.64,30949.0
2021-12-01 18:00:00+00:00,580.6,581.28,565.44,568.4,34959.0
2021-12-01 22:00:00+00:00,568.22,572.28,565.13,571.96,26165.0
2021-12-02 02:00:00+00:00,571.99,572.4,558.66,566.92,27188.0
2021-12-02 06:00:00+00:00,566.96,574.79,562.95,570.26,22641.0
2021-12-02 10:00:00+00:00,570.26,570.44,561.72,563.42,20701.0
2021-12-02 14:00:00+00:00,563.26,570.78,561.5,565.34,20173.0
2021-12-02 18:00:00+00:00,565.34,568.49,562.26,567.57,25725.0
2021-12-02 22:00:00+00:00,567.28,567.8,558.64,559.42,18870.0
2021-12-03 02:00:00+00:00,559.42,560.08,550.94,558.45,18940.0
2021-12-03 06:00:00+00:00,558.46,562.82,557.7,562.46,12448.0
2021-12-03 10:00:00+00:00,562.48,568.18,560.66,566.24,20061.0
2021-12-03 14:00:00+00:00,566.26,567.75,544.4,549.47,37279.0
2021-12-03 18:00:00+00:00,549.47,551.64,520.34,538.46,61434.0
2021-12-05 22:00:00+00:00,537.51,537.51,439.0,447.17,42189.0
2021-12-06 02:00:00+00:00,447.19,454.07,442.4,442.4,24685.0
2021-12-06 06:00:00+00:00,442.36,445.58,419.65,432.96,50178.0
2021-12-06 10:00:00+00:00,433.02,454.67,426.18,439.38,48203.0
2021-12-06 14:00:00+00:00,439.38,461.32,436.1,451.32,46050.0
2021-12-06 18:00:00+00:00,451.4,473.15,449.6,468.18,28878.0
2021-12-06 22:00:00+00:00,471.66,481.12,467.08,470.36,35029.0
2021-12-07 02:00:00+00:00,470.37,472.62,466.0,466.82,21541.0
2021-12-07 06:00:00+00:00,466.82,473.44,464.33,471.38,29149.0
2021-12-07 10:00:00+00:00,471.4,487.78,465.94,480.47,28434.0
2021-12-07 14:00:00+00:00,480.41,502.89,478.97,483.03,39642.0
2021-12-07 18:00:00+00:00,483.0,483.52,470.69,473.8,38855.0
2021-12-07 22:00:00+00:00,473.07,477.39,466.73,470.74,28967.0
2021-12-08 02:00:00+00:00,470.74,473.78,464.04,468.61,22065.0
2021-12-08 06:00:00+00:00,468.61,484.18,468.18,474.18,31340.0
2021-12-08 10:00:00+00:00,474.18,479.17,464.34,474.64,46039.0
2021-12-08 14:00:00+00:00,474.62,487.49,474.15,478.16,43972.0
2021-12-08 18:00:00+00:00,478.14,488.57,476.13,478.59,22080.0
2021-12-08 22:00:00+00:00,479.36,483.46,472.44,473.84,19038.0
2021-12-09 02:00:00+00:00,473.86,474.88,463.36,465.74,21164.0
2021-12-09 06:00:00+00:00,465.72,468.8,457.38,465.07,28760.0
2021-12-09 10:00:00+00:00,465.06,470.92,462.01,469.28,24625.0
2021-12-09 14:00:00+00:00,469.32,469.96,451.01,455.73,40502.0
2021-12-09 18:00:00+00:00,455.72,459.05,449.02,455.77,37927.0
2021-12-09 22:00:00+00:00,458.05,459.16,447.16,455.62,29981.0
2021-12-10 02:00:00+00:00,455.6,459.3,450.62,455.33,23158.0
2021-12-10 06:00:00+00:00,455.36,458.2,441.06,457.08,29929.0
2021-12-10 10:00:00+00:00,457.12,468.77,454.31,466.34,20820.0
2021-12-10 14:00:00+00:00,466.42,467.48,442.1,449.0,13439.0
2021-12-10 18:00:00+00:00,449.06,453.85,446.62,448.78,7992.0
2021-12-12 22:00:00+00:00,460.7,462.38,445.02,445.38,21960.0
2021-12-13 02:00:00+00:00,445.42,450.04,439.53,449.66,17704.0
2021-12-13 06:00:00+00:00,449.64,452.99,440.02,448.77,22196.0
2021-12-13 10:00:00+00:00,448.76,454.63,440.86,445.07,23571.0
2021-12-13 14:00:00+00:00,445.06,445.06,423.15,429.79,47198.0
2021-12-13 18:00:00+00:00,429.78,430.96,414.46,426.18,45720.0
2021-12-13 22:00:00+00:00,425.84,430.47,418.66,424.5,29195.0
2021-12-14 02:00:00+00:00,424.52,427.54,420.97,421.12,22439.0
2021-12-14 06:00:00+00:00,421.09,434.64,419.9,428.28,31189.0
2021-12-14 10:00:00+00:00,428.26,442.08,428.19,433.32,29766.0
2021-12-14 14:00:00+00:00,433.28,437.0,425.28,425.87,34537.0
2021-12-14 18:00:00+00:00,425.84,439.66,422.38,436.82,32593.0
2021-12-14 22:00:00+00:00,435.49,440.02,431.97,433.01,23217.0
2021-12-15 02:00:00+00:00,433.01,437.18,430.96,434.1,19144.0
2021-12-15 06:00:00+00:00,434.1,442.26,434.04,436.88,17787.0
2021-12-15 10:00:00+00:00,436.86,437.51,426.1,428.51,29071.0
2021-12-15 14:00:00+00:00,428.42,431.0,416.9,420.24,28606.0
2021-12-15 18:00:00+00:00,420.32,450.11,419.75,449.19,54295.0
2021-12-15 22:00:00+00:00,449.3,449.52,445.64,447.78,17148.0
2021-12-16 02:00:00+00:00,447.79,448.1,441.96,442.0,12613.0
2021-12-16 06:00:00+00:00,442.08,447.28,441.37,446.73,17735.0
2021-12-16 10:00:00+00:00,446.71,454.32,443.64,450.0,22345.0
2021-12-16 14:00:00+00:00,450.05,450.18,443.66,444.59,23414.0
2021-12-16 18:00:00+00:00,444.58,447.13,440.68,445.14,19788.0
2021-12-16 22:00:00+00:00,442.94,443.01,436.4,439.54,18087.0
2021-12-17 02:00:00+00:00,439.49,442.97,433.11,436.84,5813.0
2021-12-17 06:00:00+00:00,436.88,437.54,429.72,434.46,19255.0
2021-12-17 10:00:00+00:00,434.48,434.58,427.65,428.04,28535.0
2021-12-17 14:00:00+00:00,428.1,434.42,417.77,427.77,33587.0
2021-12-17 18:00:00+00:00,427.68,433.07,423.78,431.3,22271.0
2021-12-19 22:00:00+00:00,434.64,438.86,429.26,435.26,22911.0
2021-12-20 02:00:00+00:00,435.24,440.2,428.77,429.38,19937.0
2021-12-20 06:00:00+00:00,429.36,431.08,420.58,421.22,25078.0
2021-12-20 10:00:00+00:00,421.24,426.59,420.67,421.61,19114.0
2021-12-20 14:00:00+00:00,421.6,428.28,419.24,423.5,26028.0
2021-12-20 18:00:00+00:00,423.52,434.96,422.5,431.15,20566.0
2021-12-20 22:00:00+00:00,431.75,432.24,426.78,431.19,16847.0
2021-12-21 02:00:00+00:00,431.2,439.64,429.58,437.07,21203.0
2021-12-21 06:00:00+00:00,437.06,437.42,433.24,435.62,16155.0
2021-12-21 10:00:00+00:00,435.62,438.92,434.46,436.95,15061.0
2021-12-21 14:00:00+00:00,436.94,437.21,432.6,435.2,15727.0
2021-12-21 18:00:00+00:00,435.21,439.19,433.89,438.98,12635.0
2021-12-21 22:00:00+00:00,439.3,440.8,435.16,437.81,12654.0
2021-12-22 02:00:00+00:00,437.78,443.44,437.2,440.09,14684.0
2021-12-22 06:00:00+00:00,440.16,442.51,436.59,437.66,13303.0
2021-12-22 10:00:00+00:00,437.54,444.72,434.86,439.25,19018.0
2021-12-22 14:00:00+00:00,439.3,447.22,438.58,442.0,20149.0
2021-12-22 18:00:00+00:00,441.98,445.64,441.18,441.72,12520.0
2021-12-22 22:00:00+00:00,441.5,442.07,434.74,441.86,15517.0
2021-12-23 02:00:00+00:00,441.84,444.64,437.67,438.57,11250.0
2021-12-23 06:00:00+00:00,438.58,440.9,434.64,437.0,14723.0
2021-12-23 10:00:00+00:00,436.99,442.4,435.74,439.77,17814.0
2021-12-23 14:00:00+00:00,439.77,452.57,438.8,451.76,18251.0
2021-12-23 18:00:00+00:00,451.78,458.49,451.78,455.04,22990.0
2021-12-23 22:00:00+00:00,454.81,459.63,453.56,459.48,14350.0
2021-12-24 02:00:00+00:00,459.5,459.84,454.76,455.98,15060.0
2021-12-24 06:00:00+00:00,456.02,461.4,452.68,460.24,16662.0
2021-12-24 10:00:00+00:00,460.26,461.05,454.46,455.43,14110.0
2021-12-24 14:00:00+00:00,455.4,457.6,449.56,456.2,18964.0
2021-12-24 18:00:00+00:00,456.19,459.68,451.93,455.36,20602.0
2021-12-26 22:00:00+00:00,453.64,455.04,447.8,451.0,12239.0
2021-12-27 02:00:00+00:00,451.0,452.82,449.58,451.64,10184.0
2021-12-27 06:00:00+00:00,451.64,452.58,449.43,451.82,11592.0
2021-12-27 10:00:00+00:00,451.84,469.48,451.84,466.88,17415.0
2021-12-27 14:00:00+00:00,466.89,475.16,466.85,471.5,21053.0
2021-12-27 18:00:00+00:00,471.52,476.12,467.51,469.42,16035.0
2021-12-27 22:00:00+00:00,470.31,470.56,456.28,459.64,25867.0
2021-12-28 02:00:00+00:00,459.65,461.36,446.68,452.1,23633.0
2021-12-28 06:00:00+00:00,452.09,455.92,450.3,450.72,16460.0
2021-12-28 10:00:00+00:00,450.74,457.11,450.69,452.32,15330.0
2021-12-28 14:00:00+00:00,452.34,452.96,440.78,444.58,29596.0
2021-12-28 18:00:00+00:00,444.56,447.06,437.78,441.82,24387.0
2021-12-28 22:00:00+00:00,442.52,443.78,438.3,441.12,15960.0
2021-12-29 02:00:00+00:00,441.1,445.49,438.7,439.82,10863.0
2021-12-29 06:00:00+00:00,439.82,445.82,438.42,443.78,13046.0
2021-12-29 10:00:00+00:00,443.82,444.46,429.32,436.69,23788.0
2021-12-29 14:00:00+00:00,436.64,440.7,434.95,437.02,19595.0
2021-12-29 18:00:00+00:00,437.01,440.79,433.22,435.9,19850.0
2021-12-29 22:00:00+00:00,434.58,437.32,423.58,429.75,33513.0
2021-12-30 02:00:00+00:00,429.77,432.29,426.7,429.93,14042.0
2021-12-30 06:00:00+00:00,429.92,434.05,428.66,429.69,11826.0
2021-12-30 10:00:00+00:00,429.7,437.24,429.04,433.36,13994.0
2021-12-30 14:00:00+00:00,433.34,434.6,430.4,431.97,14057.0
2021-12-30 18:00:00+00:00,432.0,434.74,427.94,431.28,19608.0
2021-12-30 22:00:00+00:00,431.5,434.84,427.52,431.48,20118.0
2021-12-31 02:00:00+00:00,431.49,431.74,427.81,429.04,14306.0
2021-12-31 06:00:00+00:00,429.03,437.12,421.4,433.24,26721.0
2021-12-31 10:00:00+00:00,433.26,435.66,431.37,434.51,14529.0
2021-12-31 14:00:00+00:00,434.52,437.11,426.67,431.44,18190.0
2021-12-31 18:00:00+00:00,431.44,432.94,419.3,426.76,27113.0
2022-01-02 22:00:00+00:00,446.29,448.78,444.42,445.6,12053.0
2022-01-03 02:00:00+00:00,445.6,445.68,440.94,443.5,11434.0
2022-01-03 06:00:00+00:00,443.5,443.6,439.36,441.9,9275.0
2022-01-03 10:00:00+00:00,442.24,446.82,442.24,444.69,13349.0
2022-01-03 14:00:00+00:00,444.7,445.98,436.58,437.78,22605.0
2022-01-03 18:00:00+00:00,437.75,438.9,431.18,433.12,20545.0
2022-01-03 22:00:00+00:00,433.74,436.36,430.1,430.35,16923.0
2022-01-04 02:00:00+00:00,430.34,431.82,427.46,430.82,15088.0
2022-01-04 06:00:00+00:00,430.82,432.48,429.85,430.28,14676.0
2022-01-04 10:00:00+00:00,430.27,437.17,429.87,435.48,15503.0
2022-01-04 14:00:00+00:00,435.52,439.46,432.42,432.73,16755.0
2022-01-04 18:00:00+00:00,432.72,434.0,425.35,428.88,24586.0
2022-01-04 22:00:00+00:00,428.69,430.49,425.8,426.64,14297.0
2022-01-05 02:00:00+00:00,426.64,430.36,426.64,429.18,9898.0
2022-01-05 06:00:00+00:00,429.18,431.94,428.4,431.6,10394.0
2022-01-05 10:00:00+00:00,431.61,432.52,424.1,429.04,16733.0
2022-01-05 14:00:00+00:00,429.01,431.08,423.66,423.74,17186.0
2022-01-05 18:00:00+00:00,423.76,426.13,402.8,404.21,48549.0
2022-01-05 22:00:00+00:00,404.08,405.16,390.7,399.89,37666.0
2022-01-06 02:00:00+00:00,399.89,400.3,391.78,394.54,27742.0
2022-01-06 06:00:00+00:00,394.55,396.14,387.4,388.23,25438.0
2022-01-06 10:00:00+00:00,388.24,395.4,388.21,394.91,25726.0
2022-01-06 14:00:00+00:00,394.92,397.98,389.65,396.9,25962.0
2022-01-06 18:00:00+00:00,396.95,402.0,396.87,399.92,14893.0
2022-01-06 22:00:00+00:00,399.8,402.02,397.28,399.92,14098.0
2022-01-07 02:00:00+00:00,399.96,400.4,375.39,383.19,42301.0
2022-01-07 06:00:00+00:00,383.2,397.21,376.03,395.11,31909.0
2022-01-07 10:00:00+00:00,395.22,401.38,383.84,387.64,30717.0
2022-01-07 14:00:00+00:00,387.66,394.8,378.23,391.36,47088.0
2022-01-07 18:00:00+00:00,391.34,391.51,386.04,388.12,19299.0
2022-01-09 22:00:00+00:00,388.63,390.21,373.74,375.42,10953.0
2022-01-10 02:00:00+00:00,375.38,377.46,372.32,376.46,11531.0
2022-01-10 06:00:00+00:00,376.46,376.5,372.3,373.14,11892.0
2022-01-10 10:00:00+00:00,373.14,374.9,362.96,363.0,25934.0
2022-01-10 14:00:00+00:00,362.98,370.77,347.8,356.14,68308.0
2022-01-10 18:00:00+00:00,356.12,366.31,355.3,363.66,42501.0
2022-01-10 22:00:00+00:00,363.68,365.54,361.58,365.14,17621.0
2022-01-11 02:00:00+00:00,365.16,369.32,364.26,365.96,14033.0
2022-01-11 06:00:00+00:00,365.92,371.48,364.77,367.16,18411.0
2022-01-11 10:00:00+00:00,367.18,367.96,363.14,365.49,16871.0
2022-01-11 14:00:00+00:00,365.48,375.14,361.72,369.86,40507.0
2022-01-11 18:00:00+00:00,369.88,370.01,367.04,368.38,21026.0
2022-01-11 22:00:00+00:00,368.46,371.94,367.9,369.42,14748.0
2022-01-12 02:00:00+00:00,369.4,371.56,368.02,370.36,10288.0
2022-01-12 06:00:00+00:00,370.36,373.78,368.56,371.7,13776.0
2022-01-12 10:00:00+00:00,371.68,381.36,370.98,380.85,25632.0
2022-01-12 14:00:00+00:00,380.86,384.59,379.2,383.28,19763.0
2022-01-12 18:00:00+00:00,383.34,386.06,381.62,382.97,16123.0
2022-01-12 22:00:00+00:00,383.18,385.38,380.31,381.43,11099.0
2022-01-13 02:00:00+00:00,381.44,386.23,379.56,385.97,11391.0
2022-01-13 06:00:00+00:00,385.96,390.74,385.6,389.84,9906.0
2022-01-13 10:00:00+00:00,389.92,390.15,384.38,388.84,12799.0
2022-01-13 14:00:00+00:00,388.82,391.8,378.06,380.96,28725.0
2022-01-13 18:00:00+00:00,380.92,382.31,377.59,379.36,20952.0
2022-01-13 22:00:00+00:00,379.38,382.24,375.83,381.69,15952.0
2022-01-14 02:00:00+00:00,381.72,390.18,379.94,390.0,13159.0
2022-01-14 06:00:00+00:00,390.02,391.35,382.83,385.58,14647.0
2022-01-14 10:00:00+00:00,385.6,386.7,378.99,382.71,23777.0
2022-01-14 14:00:00+00:00,382.69,393.84,382.36,389.98,25264.0
2022-01-14 18:00:00+00:00,389.97,390.3,386.98,388.06,12766.0
2022-01-16 22:00:00+00:00,387.95,389.34,382.68,383.3,5798.0
2022-01-17 02:00:00+00:00,383.29,384.12,378.6,381.14,12156.0
2022-01-17 06:00:00+00:00,381.13,383.86,380.62,383.06,10891.0
2022-01-17 10:00:00+00:00,382.99,383.58,377.57,380.77,11991.0
2022-01-17 14:00:00+00:00,380.74,381.08,374.84,376.88,18092.0
2022-01-17 18:00:00+00:00,376.92,378.7,373.2,374.36,12430.0
2022-01-17 22:00:00+00:00,374.08,393.98,373.29,392.54,16287.0
2022-01-18 02:00:00+00:00,392.57,398.8,381.06,383.39,17588.0
2022-01-18 06:00:00+00:00,383.38,391.42,375.68,378.47,23452.0
2022-01-18 10:00:00+00:00,378.42,383.04,374.71,378.52,16345.0
2022-01-18 14:00:00+00:00,378.52,381.49,375.05,377.56,25749.0
2022-01-18 18:00:00+00:00,377.54,383.88,376.36,383.24,34450.0
2022-01-18 22:00:00+00:00,382.56,384.42,380.57,383.64,42421.0
2022-01-19 02:00:00+00:00,383.63,384.54,374.47,376.84,41892.0
2022-01-19 06:00:00+00:00,376.86,376.88,365.82,369.77,37450.0
2022-01-19 10:00:00+00:00,369.74,372.87,366.34,371.7,25292.0
2022-01-19 14:00:00+00:00,371.72,374.48,367.7,371.54,26942.0
2022-01-19 18:00:00+00:00,371.55,373.26,370.56,371.46,21466.0
2022-01-19 22:00:00+00:00,370.68,373.56,367.66,369.14,11880.0
2022-01-20 02:00:00+00:00,369.15,371.98,368.48,371.08,11048.0
2022-01-20 06:00:00+00:00,371.09,372.94,370.3,372.32,9219.0
2022-01-20 10:00:00+00:00,372.36,375.86,371.34,375.61,11347.0
2022-01-20 14:00:00+00:00,375.62,384.36,375.24,380.26,22744.0
2022-01-20 18:00:00+00:00,380.29,380.64,365.92,366.11,38854.0
2022-01-20 22:00:00+00:00,366.1,366.64,346.1,346.94,39147.0
2022-01-21 02:00:00+00:00,346.94,352.6,338.94,342.22,52624.0
2022-01-21 06:00:00+00:00,342.22,344.62,340.42,343.16,19814.0
2022-01-21 10:00:00+00:00,343.16,344.46,330.88,338.42,34967.0
2022-01-21 14:00:00+00:00,338.44,343.36,334.78,335.64,38647.0
2022-01-21 18:00:00+00:00,335.6,338.34,309.38,320.56,56180.0
2022-01-23 22:00:00+00:00,318.15,318.15,293.38,293.85,11720.0
2022-01-24 02:00:00+00:00,293.84,294.46,288.18,290.35,15378.0
2022-01-24 06:00:00+00:00,290.32,295.12,278.15,278.96,36993.0
2022-01-24 10:00:00+00:00,278.92,279.53,260.8,262.56,64997.0
2022-01-24 14:00:00+00:00,262.56,284.72,259.72,283.3,68749.0
2022-01-24 18:00:00+00:00,283.36,296.4,281.92,291.71,50193.0
2022-01-24 22:00:00+00:00,291.82,293.12,287.58,289.02,22378.0
2022-01-25 02:00:00+00:00,289.04,291.58,286.1,288.08,18278.0
2022-01-25 06:00:00+00:00,288.11,290.56,284.82,289.22,21704.0
2022-01-25 10:00:00+00:00,289.24,293.14,285.81,287.83,21486.0
2022-01-25 14:00:00+00:00,287.84,293.76,283.25,292.4,43340.0
2022-01-25 18:00:00+00:00,292.42,294.7,286.75,287.58,46388.0
2022-01-25 22:00:00+00:00,288.34,294.22,287.04,289.03,24556.0
2022-01-26 02:00:00+00:00,289.02,298.23,288.45,296.9,17731.0
2022-01-26 06:00:00+00:00,296.9,299.3,293.54,296.84,20609.0
2022-01-26 10:00:00+00:00,296.84,306.18,295.6,304.28,25984.0
2022-01-26 14:00:00+00:00,304.26,307.0,302.25,302.48,26407.0
2022-01-26 18:00:00+00:00,302.5,315.11,284.66,284.95,62585.0
2022-01-26 22:00:00+00:00,285.46,291.56,281.01,281.11,23186.0
2022-01-27 02:00:00+00:00,281.1,283.86,277.64,282.82,24862.0
2022-01-27 06:00:00+00:00,282.81,289.28,281.8,288.31,17840.0
2022-01-27 10:00:00+00:00,288.3,292.58,286.1,292.19,16328.0
2022-01-27 14:00:00+00:00,292.22,295.24,288.56,290.16,25980.0
2022-01-27 18:00:00+00:00,290.14,291.42,279.42,284.56,24267.0
2022-01-27 22:00:00+00:00,283.69,292.61,282.11,287.5,23300.0
2022-01-28 02:00:00+00:00,287.49,294.07,285.23,292.72,19470.0
2022-01-28 06:00:00+00:00,292.72,295.74,283.45,284.96,25633.0
2022-01-28 10:00:00+00:00,284.96,288.88,281.86,287.67,24498.0
2022-01-28 14:00:00+00:00,287.68,291.6,284.38,289.65,26052.0
2022-01-28 18:00:00+00:00,289.64,296.6,287.74,294.69,23409.0
2022-01-30 22:00:00+00:00,289.22,294.29,282.13,282.27,21910.0
2022-01-31 02:00:00+00:00,282.22,282.82,279.07,281.64,12415.0
2022-01-31 06:00:00+00:00,281.62,282.06,279.16,280.58,8431.0
2022-01-31 10:00:00+00:00,280.59,283.01,278.2,281.36,15203.0
2022-01-31 14:00:00+00:00,281.38,290.61,280.83,288.82,26844.0
2022-01-31 18:00:00+00:00,288.84,289.38,280.68,284.35,22852.0
2022-01-31 22:00:00+00:00,284.59,286.66,282.74,283.2,22067.0
2022-02-01 02:00:00+00:00,283.17,289.62,283.01,286.5,16417.0
2022-02-01 06:00:00+00:00,286.5,291.06,284.73,285.21,30522.0
2022-02-01 10:00:00+00:00,285.19,288.8,282.94,287.71,28302.0
2022-02-01 14:00:00+00:00,287.74,289.7,283.34,287.68,29782.0
2022-02-01 18:00:00+00:00,287.68,288.13,284.56,288.06,15651.0
2022-02-01 22:00:00+00:00,288.12,289.62,286.52,287.98,15798.0
2022-02-02 02:00:00+00:00,287.96,290.5,287.02,289.27,8985.0
2022-02-02 06:00:00+00:00,289.26,293.87,287.8,293.28,23323.0
2022-02-02 10:00:00+00:00,293.32,296.78,292.52,293.33,13250.0
2022-02-02 14:00:00+00:00,293.35,293.83,281.12,284.14,29729.0
2022-02-02 18:00:00+00:00,284.12,286.28,276.42,281.39,21518.0
2022-02-02 22:00:00+00:00,280.76,281.74,273.55,275.41,16472.0
2022-02-03 02:00:00+00:00,275.4,280.49,273.8,278.42,10832.0
2022-02-03 06:00:00+00:00,278.45,280.18,272.82,273.32,9765.0
2022-02-03 10:00:00+00:00,273.34,275.98,271.29,274.08,18312.0
2022-02-03 14:00:00+00:00,274.06,277.77,271.79,274.62,17500.0
2022-02-03 18:00:00+00:00,274.59,278.83,271.06,277.82,17142.0
2022-02-03 22:00:00+00:00,277.48,281.92,277.46,277.86,22024.0
2022-02-04 02:00:00+00:00,277.85,282.46,276.68,280.98,56092.0
2022-02-04 06:00:00+00:00,280.96,290.64,280.96,287.66,60257.0
2022-02-04 10:00:00+00:00,287.66,289.17,282.78,284.58,49248.0
2022-02-04 14:00:00+00:00,284.6,298.25,283.48,297.62,85845.0
2022-02-04 18:00:00+00:00,297.66,300.3,297.26,299.82,53018.0
2022-02-06 22:00:00+00:00,319.08,327.0,317.7,321.19,61656.0
2022-02-07 02:00:00+00:00,321.2,332.6,321.12,331.74,56012.0
2022-02-07 06:00:00+00:00,331.75,338.04,331.22,335.34,48007.0
2022-02-07 10:00:00+00:00,335.34,341.18,334.1,339.42,56464.0
2022-02-07 14:00:00+00:00,339.46,342.42,335.12,340.06,69211.0
2022-02-07 18:00:00+00:00,340.08,342.27,333.62,339.84,59364.0
2022-02-07 22:00:00+00:00,341.42,349.68,337.44,348.94,49101.0
2022-02-08 02:00:00+00:00,348.9,353.06,346.98,352.68,57820.0
2022-02-08 06:00:00+00:00,352.72,356.08,331.4,334.56,74769.0
2022-02-08 10:00:00+00:00,334.54,335.36,327.48,332.31,58902.0
2022-02-08 14:00:00+00:00,332.33,333.74,325.27,328.86,69756.0
2022-02-08 18:00:00+00:00,328.85,336.08,326.92,334.99,61647.0
2022-02-08 22:00:00+00:00,334.98,339.03,332.96,333.19,40507.0
2022-02-09 02:00:00+00:00,333.18,341.38,328.48,336.72,52619.0
2022-02-09 06:00:00+00:00,336.7,341.26,334.81,337.58,48128.0
2022-02-09 10:00:00+00:00,337.58,345.9,337.18,342.93,4617.0
2022-02-09 14:00:00+00:00,343.01,347.57,341.82,342.89,4014.0
2022-02-09 18:00:00+00:00,342.8,347.23,341.96,346.4,3177.0
2022-02-09 22:00:00+00:00,346.54,348.01,341.66,342.64,2732.0
2022-02-10 02:00:00+00:00,342.5,343.54,336.66,341.64,2440.0
2022-02-10 06:00:00+00:00,341.78,353.12,341.4,352.88,26844.0
2022-02-10 10:00:00+00:00,352.87,362.92,344.57,347.3,80419.0
2022-02-10 14:00:00+00:00,347.3,360.32,342.84,351.84,99561.0
2022-02-10 18:00:00+00:00,351.86,352.29,342.61,345.22,69145.0
2022-02-10 22:00:00+00:00,344.61,347.82,331.19,338.06,61459.0
2022-02-11 02:00:00+00:00,338.06,340.98,335.24,335.26,44270.0
2022-02-11 06:00:00+00:00,335.28,342.02,332.6,336.43,55164.0
2022-02-11 10:00:00+00:00,336.45,340.47,334.11,340.09,55565.0
2022-02-11 14:00:00+00:00,340.08,340.62,334.16,335.2,67144.0
2022-02-11 18:00:00+00:00,335.18,336.72,320.54,321.7,85479.0
2022-02-13 22:00:00+00:00,333.58,337.8,324.88,325.4,55080.0
2022-02-14 02:00:00+00:00,325.4,326.88,318.7,318.83,58247.0
2022-02-14 06:00:00+00:00,318.84,325.05,318.64,321.32,45926.0
2022-02-14 10:00:00+00:00,321.34,328.44,319.61,327.08,47636.0
2022-02-14 14:00:00+00:00,327.06,334.11,325.86,333.12,58794.0
2022-02-14 18:00:00+00:00,333.15,333.44,326.02,329.56,48841.0
2022-02-14 22:00:00+00:00,330.01,339.72,328.98,337.7,37569.0
2022-02-15 02:00:00+00:00,337.7,338.67,333.3,333.72,38436.0
2022-02-15 06:00:00+00:00,333.73,339.01,332.2,338.33,43083.0
2022-02-15 10:00:00+00:00,338.36,341.76,336.28,338.24,48432.0
2022-02-15 14:00:00+00:00,338.22,340.55,334.64,337.86,60446.0
2022-02-15 18:00:00+00:00,337.85,339.31,336.7,337.33,29405.0
2022-02-15 22:00:00+00:00,336.52,345.0,336.5,337.99,40385.0
2022-02-16 02:00:00+00:00,338.0,338.92,332.86,335.84,40505.0
2022-02-16 06:00:00+00:00,335.83,339.38,335.65,336.86,35849.0
2022-02-16 10:00:00+00:00,336.84,341.03,331.26,333.14,52051.0
2022-02-16 14:00:00+00:00,333.16,334.76,328.98,331.82,66172.0
2022-02-16 18:00:00+00:00,331.8,337.94,330.59,334.5,56430.0
2022-02-16 22:00:00+00:00,334.34,338.06,333.63,335.31,32715.0
2022-02-17 02:00:00+00:00,335.3,335.36,327.18,329.58,46126.0
2022-02-17 06:00:00+00:00,329.58,332.88,324.52,326.61,50579.0
2022-02-17 10:00:00+00:00,326.59,330.22,323.64,324.63,39710.0
2022-02-17 14:00:00+00:00,324.64,326.39,318.74,319.39,59428.0
2022-02-17 18:00:00+00:00,319.4,320.5,309.48,315.44,60597.0
2022-02-17 22:00:00+00:00,315.76,316.46,309.96,314.92,47034.0
2022-02-18 02:00:00+00:00,314.92,316.49,312.44,313.7,50255.0
2022-02-18 06:00:00+00:00,313.7,319.3,313.32,318.42,50003.0
2022-02-18 10:00:00+00:00,318.44,318.47,313.3,316.16,50349.0
2022-02-18 14:00:00+00:00,316.2,317.3,306.52,308.96,79519.0
2022-02-18 18:00:00+00:00,308.94,314.05,307.23,311.06,56679.0
2022-02-20 22:00:00+00:00,311.07,317.65,301.02,308.84,40421.0
2022-02-21 02:00:00+00:00,308.85,310.34,305.89,307.54,42156.0
2022-02-21 06:00:00+00:00,307.5,308.64,304.56,305.21,39085.0
2022-02-21 10:00:00+00:00,305.23,306.61,291.72,293.94,71455.0
2022-02-21 14:00:00+00:00,293.94,307.02,292.75,300.8,76806.0
2022-02-21 18:00:00+00:00,300.8,301.36,288.86,289.77,78533.0
2022-02-21 22:00:00+00:00,288.25,295.45,281.71,286.02,61797.0
2022-02-22 02:00:00+00:00,286.03,286.2,275.75,280.54,69677.0
2022-02-22 06:00:00+00:00,280.56,285.49,280.08,283.81,61240.0
2022-02-22 10:00:00+00:00,283.84,292.43,282.98,291.4,63437.0
2022-02-22 14:00:00+00:00,291.39,295.9,287.6,289.22,69687.0
2022-02-22 18:00:00+00:00,289.18,292.74,287.82,290.25,58723.0
2022-02-22 22:00:00+00:00,290.72,295.25,289.55,291.34,50235.0
2022-02-23 02:00:00+00:00,291.34,297.01,289.46,295.78,45255.0
2022-02-23 06:00:00+00:00,295.78,302.81,295.69,301.28,53769.0
2022-02-23 10:00:00+00:00,301.28,305.22,300.64,302.8,54031.0
2022-02-23 14:00:00+00:00,302.79,303.34,296.43,297.04,65369.0
2022-02-23 18:00:00+00:00,297.04,297.84,290.74,291.04,51347.0
2022-02-23 22:00:00+00:00,291.46,293.65,284.85,287.12,50960.0
2022-02-24 02:00:00+00:00,287.14,288.5,260.88,263.82,104419.0
2022-02-24 06:00:00+00:00,263.84,270.61,259.66,266.15,78202.0
2022-02-24 10:00:00+00:00,266.14,267.15,260.85,265.0,72334.0
2022-02-24 14:00:00+00:00,264.96,277.05,263.14,274.66,87710.0
2022-02-24 18:00:00+00:00,274.66,309.88,274.41,302.54,97664.0
2022-02-24 22:00:00+00:00,301.08,304.82,295.65,303.22,35329.0
2022-02-25 02:00:00+00:00,303.24,303.9,295.07,297.92,29498.0
2022-02-25 06:00:00+00:00,297.9,301.88,290.38,294.99,42207.0
2022-02-25 10:00:00+00:00,294.95,303.89,291.98,301.24,66378.0
2022-02-25 14:00:00+00:00,301.26,304.79,294.8,297.61,70951.0
2022-02-25 18:00:00+00:00,297.58,306.44,294.96,304.24,52046.0
2022-02-27 22:00:00+00:00,303.48,308.41,300.58,305.7,60833.0
2022-02-28 02:00:00+00:00,305.7,307.74,302.57,306.48,60784.0
2022-02-28 06:00:00+00:00,306.48,312.84,302.03,308.86,68677.0
2022-02-28 10:00:00+00:00,308.81,315.71,308.74,311.56,63599.0
2022-02-28 14:00:00+00:00,311.56,331.09,311.17,326.99,76733.0
2022-02-28 18:00:00+00:00,327.01,328.59,325.27,327.21,83775.0
2022-02-28 22:00:00+00:00,327.23,343.89,327.12,333.92,62143.0
2022-03-01 02:00:00+00:00,333.93,335.16,328.83,329.63,98559.0
2022-03-01 06:00:00+00:00,329.62,329.68,323.28,324.67,85219.0
2022-03-01 10:00:00+00:00,324.66,335.66,320.32,333.82,82127.0
2022-03-01 14:00:00+00:00,333.82,336.33,323.72,326.84,81663.0
2022-03-01 18:00:00+00:00,326.84,330.5,323.94,325.27,64240.0
2022-03-01 22:00:00+00:00,324.46,329.12,322.34,324.56,50888.0
2022-03-02 02:00:00+00:00,324.56,331.54,322.97,327.58,64500.0
2022-03-02 06:00:00+00:00,327.56,328.34,323.53,325.6,68773.0
2022-03-02 10:00:00+00:00,325.59,330.72,318.36,320.51,65784.0
2022-03-02 14:00:00+00:00,320.5,325.98,318.37,321.64,76129.0
2022-03-02 18:00:00+00:00,321.64,322.9,318.3,321.71,44557.0
2022-03-02 22:00:00+00:00,322.36,323.1,317.6,318.54,23400.0
2022-03-03 02:00:00+00:00,318.54,319.93,312.28,317.08,24400.0
2022-03-03 06:00:00+00:00,317.06,321.48,314.33,316.11,20291.0
2022-03-03 10:00:00+00:00,316.08,320.42,314.72,317.95,19820.0
2022-03-03 14:00:00+00:00,317.94,318.52,305.66,309.24,42647.0
2022-03-03 18:00:00+00:00,309.22,312.54,308.28,312.22,34839.0
2022-03-03 22:00:00+00:00,313.18,316.24,302.54,306.24,37758.0
2022-03-04 02:00:00+00:00,306.24,309.02,302.86,306.34,31768.0
2022-03-04 06:00:00+00:00,306.34,308.69,301.7,306.64,31546.0
2022-03-04 10:00:00+00:00,306.65,309.22,303.92,304.62,22635.0
2022-03-04 14:00:00+00:00,304.62,305.25,299.74,300.9,29680.0
2022-03-04 18:00:00+00:00,300.9,301.73,289.02,289.68,28106.0
2022-03-06 22:00:00+00:00,291.85,292.28,277.45,281.0,31468.0
2022-03-07 02:00:00+00:00,281.0,281.81,275.78,278.7,24676.0
2022-03-07 06:00:00+00:00,278.72,280.82,275.84,279.5,20283.0
2022-03-07 10:00:00+00:00,279.52,288.1,278.3,287.77,20341.0
2022-03-07 14:00:00+00:00,287.78,291.16,282.64,282.91,45780.0
2022-03-07 18:00:00+00:00,282.89,282.9,270.15,273.38,48320.0
2022-03-07 22:00:00+00:00,274.08,279.52,272.32,277.76,29047.0
2022-03-08 02:00:00+00:00,277.78,282.04,276.74,279.12,25640.0
2022-03-08 06:00:00+00:00,279.13,285.65,277.23,285.5,25321.0
2022-03-08 10:00:00+00:00,285.48,287.58,282.39,285.26,22142.0
2022-03-08 14:00:00+00:00,285.26,286.94,278.8,286.84,35970.0
2022-03-08 18:00:00+00:00,286.86,289.68,281.28,281.75,26846.0
2022-03-08 22:00:00+00:00,282.14,291.82,281.56,290.71,35500.0
2022-03-09 02:00:00+00:00,290.73,302.1,289.42,300.4,62211.0
2022-03-09 06:00:00+00:00,300.38,304.26,299.76,302.24,46350.0
2022-03-09 10:00:00+00:00,302.22,307.78,301.77,304.84,61144.0
2022-03-09 14:00:00+00:00,304.82,318.18,304.6,313.22,75889.0
2022-03-09 18:00:00+00:00,313.17,317.44,307.02,309.2,63180.0
2022-03-09 22:00:00+00:00,308.92,310.13,300.35,300.84,49054.0
2022-03-10 02:00:00+00:00,300.87,302.24,284.88,286.68,38643.0
2022-03-10 06:00:00+00:00,286.71,290.31,284.52,289.03,25248.0
2022-03-10 10:00:00+00:00,289.01,293.38,283.78,286.16,31018.0
2022-03-10 14:00:00+00:00,286.16,290.07,284.3,287.77,29218.0
2022-03-10 18:00:00+00:00,287.8,292.16,287.26,290.23,18233.0
2022-03-10 22:00:00+00:00,289.11,291.98,284.13,285.22,29833.0
2022-03-11 02:00:00+00:00,285.24,285.64,281.3,285.4,27390.0
2022-03-11 06:00:00+00:00,285.38,288.69,285.1,286.74,22840.0
2022-03-11 10:00:00+00:00,286.76,295.13,284.96,290.78,35441.0
2022-03-11 14:00:00+00:00,290.78,292.83,283.52,284.12,41345.0
2022-03-11 18:00:00+00:00,284.11,291.29,282.12,290.69,37612.0
2022-03-13 21:00:00+00:00,286.38,288.06,277.42,279.09,51727.0
2022-03-14 01:00:00+00:00,279.08,286.92,278.75,284.88,60617.0
2022-03-14 05:00:00+00:00,284.88,287.99,283.69,287.86,51170.0
2022-03-14 09:00:00+00:00,287.84,288.41,283.54,284.52,61483.0
2022-03-14 13:00:00+00:00,284.5,288.2,282.66,284.58,53784.0
2022-03-14 17:00:00+00:00,284.6,284.65,279.98,282.5,61062.0
2022-03-14 21:00:00+00:00,282.4,290.74,282.08,289.58,49900.0
2022-03-15 01:00:00+00:00,289.58,289.8,283.64,286.38,57561.0
2022-03-15 05:00:00+00:00,286.39,287.9,282.5,283.04,62316.0
2022-03-15 09:00:00+00:00,283.04,285.94,281.9,285.48,54138.0
2022-03-15 13:00:00+00:00,285.5,290.28,281.74,289.7,60328.0
2022-03-15 17:00:00+00:00,289.72,292.82,288.57,289.8,48410.0
2022-03-15 21:00:00+00:00,289.39,292.34,287.6,290.66,44901.0
2022-03-16 01:00:00+00:00,290.67,302.52,288.03,288.93,87530.0
2022-03-16 05:00:00+00:00,288.96,294.8,286.99,292.86,69923.0
2022-03-16 09:00:00+00:00,292.86,294.64,290.64,290.64,66847.0
2022-03-16 13:00:00+00:00,290.64,294.29,289.77,292.96,69341.0
2022-03-16 17:00:00+00:00,292.93,300.87,286.24,300.08,87911.0
2022-03-16 21:00:00+00:00,300.22,301.26,297.11,299.68,55801.0
2022-03-17 01:00:00+00:00,299.71,300.9,297.13,298.79,98723.0
2022-03-17 05:00:00+00:00,298.79,299.12,294.35,296.33,46794.0
2022-03-17 09:00:00+00:00,296.34,300.06,294.84,298.52,72679.0
2022-03-17 13:00:00+00:00,298.52,299.76,295.33,296.5,120922.0
2022-03-17 17:00:00+00:00,296.52,298.04,295.21,296.08,76107.0
2022-03-17 21:00:00+00:00,295.91,297.64,292.14,292.7,43914.0
2022-03-18 01:00:00+00:00,292.7,293.88,290.76,292.94,113701.0
2022-03-18 05:00:00+00:00,292.94,298.19,292.89,296.62,125188.0
2022-03-18 09:00:00+00:00,296.62,296.88,293.6,295.56,128680.0
2022-03-18 13:00:00+00:00,295.55,302.61,294.96,302.2,94105.0
2022-03-18 17:00:00+00:00,302.21,306.03,301.52,305.45,99349.0
2022-03-20 21:00:00+00:00,305.28,334.22,305.28,333.58,88638.0
2022-03-21 01:00:00+00:00,333.56,333.62,320.24,325.18,107083.0
2022-03-21 05:00:00+00:00,325.18,333.28,324.91,330.59,89102.0
2022-03-21 09:00:00+00:00,330.57,335.76,329.26,333.46,103363.0
2022-03-21 13:00:00+00:00,333.46,338.71,324.22,335.72,120224.0
2022-03-21 17:00:00+00:00,335.72,340.66,334.76,336.42,96606.0
2022-03-21 21:00:00+00:00,335.7,344.4,333.61,341.62,94926.0
2022-03-22 01:00:00+00:00,341.62,353.5,338.12,352.44,157390.0
2022-03-22 05:00:00+00:00,352.42,364.94,348.8,361.1,154243.0
2022-03-22 09:00:00+00:00,361.08,375.64,360.85,373.03,138634.0
2022-03-22 13:00:00+00:00,373.04,386.45,367.64,380.78,164788.0
2022-03-22 17:00:00+00:00,380.78,385.84,377.56,380.9,113211.0
2022-03-22 21:00:00+00:00,382.38,384.48,373.64,376.41,76507.0
2022-03-23 01:00:00+00:00,376.4,376.46,353.4,356.89,75487.0
2022-03-23 05:00:00+00:00,356.88,369.48,355.92,365.39,60590.0
2022-03-23 09:00:00+00:00,365.41,368.36,358.96,368.04,62006.0
2022-03-23 13:00:00+00:00,368.02,369.12,361.46,361.66,107755.0
2022-03-23 17:00:00+00:00,361.64,362.12,355.23,358.02,74036.0
2022-03-23 21:00:00+00:00,358.1,368.18,357.13,362.2,32884.0
2022-03-24 01:00:00+00:00,362.17,362.28,352.11,356.4,61261.0
2022-03-24 05:00:00+00:00,356.4,361.7,355.8,361.26,68759.0
2022-03-24 09:00:00+00:00,361.26,361.48,352.04,352.86,56547.0
2022-03-24 13:00:00+00:00,352.84,366.38,352.3,365.22,48544.0
2022-03-24 17:00:00+00:00,365.24,365.98,358.46,363.22,22515.0
2022-03-24 21:00:00+00:00,363.71,369.8,363.02,367.11,57574.0
2022-03-25 01:00:00+00:00,367.1,371.44,360.1,364.12,79648.0
2022-03-25 05:00:00+00:00,364.12,365.98,353.97,362.09,83196.0
2022-03-25 09:00:00+00:00,362.09,367.06,358.52,365.09,75540.0
2022-03-25 13:00:00+00:00,365.06,365.62,355.57,355.72,76906.0
2022-03-25 17:00:00+00:00,355.74,374.4,352.94,367.32,59276.0
2022-03-27 21:00:00+00:00,367.51,382.2,366.97,376.37,42252.0
2022-03-28 01:00:00+00:00,376.37,378.14,369.5,376.06,22167.0
2022-03-28 05:00:00+00:00,376.02,385.82,373.36,379.5,53995.0
2022-03-28 09:00:00+00:00,379.49,383.01,377.34,379.82,59850.0
2022-03-28 13:00:00+00:00,379.82,385.9,375.51,379.89,53010.0
2022-03-28 17:00:00+00:00,379.86,383.74,376.47,383.22,54888.0
2022-03-28 21:00:00+00:00,383.33,383.86,363.94,370.78,93181.0
2022-03-29 01:00:00+00:00,370.77,375.08,370.05,374.5,104768.0
2022-03-29 05:00:00+00:00,374.49,377.13,373.33,375.98,85693.0
2022-03-29 09:00:00+00:00,375.98,381.52,373.77,380.53,92621.0
2022-03-29 13:00:00+00:00,380.5,387.47,367.54,373.58,78981.0
2022-03-29 17:00:00+00:00,373.6,374.03,367.28,371.29,45851.0
2022-03-29 21:00:00+00:00,371.92,374.41,366.63,370.38,74931.0
2022-03-30 01:00:00+00:00,370.38,370.99,362.98,370.92,38470.0
2022-03-30 05:00:00+00:00,370.9,380.7,370.2,380.55,40946.0
2022-03-30 09:00:00+00:00,380.54,384.56,374.58,383.96,66869.0
2022-03-30 13:00:00+00:00,384.0,386.82,377.5,383.92,84080.0
2022-03-30 17:00:00+00:00,383.9,385.36,375.46,378.94,41555.0
2022-03-30 21:00:00+00:00,378.6,385.8,376.97,384.92,58107.0
2022-03-31 01:00:00+00:00,384.93,386.16,378.01,378.48,57396.0
2022-03-31 05:00:00+00:00,378.48,383.85,377.79,383.26,79001.0
2022-03-31 09:00:00+00:00,383.27,389.6,380.27,384.62,95344.0
2022-03-31 13:00:00+00:00,384.63,386.48,362.72,364.31,93936.0
2022-03-31 17:00:00+00:00,364.32,385.5,363.98,385.46,102705.0
2022-03-31 21:00:00+00:00,388.4,391.27,379.11,386.96,70857.0
2022-04-01 01:00:00+00:00,386.98,387.94,363.32,369.85,102451.0
2022-04-01 05:00:00+00:00,369.86,372.46,366.28,370.43,79058.0
2022-04-01 09:00:00+00:00,370.44,373.92,365.08,369.93,98552.0
2022-04-01 13:00:00+00:00,369.93,382.97,369.88,377.94,115568.0
2022-04-01 17:00:00+00:00,377.94,383.06,376.67,379.02,90971.0
2022-04-03 21:00:00+00:00,375.38,381.44,372.17,373.38,84904.0
2022-04-04 01:00:00+00:00,373.4,379.6,372.42,374.26,97981.0
2022-04-04 05:00:00+00:00,374.28,378.76,373.64,375.35,92398.0
2022-04-04 09:00:00+00:00,375.36,376.8,369.44,374.24,116197.0
2022-04-04 13:00:00+00:00,374.25,378.94,370.74,371.56,136343.0
2022-04-04 17:00:00+00:00,371.54,372.5,362.84,371.5,130154.0
2022-04-04 21:00:00+00:00,372.28,376.86,370.41,372.67,89717.0
2022-04-05 01:00:00+00:00,372.66,378.2,372.42,377.7,110574.0
2022-04-05 05:00:00+00:00,377.7,380.3,373.86,376.96,34504.0
2022-04-05 09:00:00+00:00,376.94,382.22,375.28,377.24,70924.0
2022-04-05 13:00:00+00:00,377.26,378.85,368.77,372.03,109432.0
2022-04-05 17:00:00+00:00,372.02,374.16,366.54,368.24,89177.0
2022-04-05 21:00:00+00:00,367.38,370.62,347.89,357.52,63166.0
2022-04-06 01:00:00+00:00,357.52,360.32,354.72,358.43,109162.0
2022-04-06 05:00:00+00:00,358.42,360.22,355.92,359.28,126782.0
2022-04-06 09:00:00+00:00,359.29,361.12,350.11,350.9,134685.0
2022-04-06 13:00:00+00:00,350.9,353.12,339.62,344.07,144939.0
2022-04-06 17:00:00+00:00,344.08,349.0,337.42,339.63,127586.0
2022-04-06 21:00:00+00:00,338.68,340.83,326.18,327.78,59973.0
2022-04-07 01:00:00+00:00,327.77,335.64,327.4,334.76,123488.0
2022-04-07 05:00:00+00:00,334.74,337.04,331.85,335.85,60632.0
2022-04-07 09:00:00+00:00,335.84,339.98,332.94,335.07,43134.0
2022-04-07 13:00:00+00:00,335.08,336.88,329.32,335.9,94618.0
2022-04-07 17:00:00+00:00,335.88,337.7,334.18,336.07,73269.0
2022-04-07 21:00:00+00:00,335.33,339.24,333.9,334.86,66792.0
2022-04-08 01:00:00+00:00,334.88,337.72,334.74,336.51,113227.0
2022-04-08 05:00:00+00:00,336.5,338.26,334.49,335.56,98405.0
2022-04-08 09:00:00+00:00,335.56,336.2,328.34,329.26,21333.0
2022-04-08 13:00:00+00:00,329.3,338.7,326.88,334.48,89353.0
2022-04-08 17:00:00+00:00,334.48,334.74,327.54,328.8,108066.0
2022-04-10 21:00:00+00:00,329.98,330.14,316.75,319.42,106951.0
2022-04-11 01:00:00+00:00,319.44,321.08,311.96,316.83,123465.0
2022-04-11 05:00:00+00:00,316.82,317.94,313.2,314.54,56633.0
2022-04-11 09:00:00+00:00,314.56,314.6,303.1,303.92,75506.0
2022-04-11 13:00:00+00:00,303.91,305.1,299.67,303.18,74119.0
2022-04-11 17:00:00+00:00,303.16,304.32,296.11,296.28,66689.0
2022-04-11 21:00:00+00:00,297.04,297.62,290.81,296.58,56524.0
2022-04-12 01:00:00+00:00,296.56,303.06,295.42,302.89,37712.0
2022-04-12 05:00:00+00:00,302.9,305.79,301.16,302.87,41760.0
2022-04-12 09:00:00+00:00,302.88,307.2,300.58,307.15,37937.0
2022-04-12 13:00:00+00:00,307.16,307.48,301.94,304.25,52885.0
2022-04-12 17:00:00+00:00,304.24,305.38,297.28,298.68,38902.0
2022-04-12 21:00:00+00:00,299.0,306.49,298.26,302.68,63936.0
2022-04-13 01:00:00+00:00,302.67,305.8,301.2,305.65,70951.0
2022-04-13 05:00:00+00:00,305.65,307.81,303.54,306.88,61789.0
2022-04-13 09:00:00+00:00,306.92,327.13,305.58,323.29,106565.0
2022-04-13 13:00:00+00:00,323.34,340.38,322.03,337.3,132922.0
2022-04-13 17:00:00+00:00,337.31,346.65,335.52,344.77,112572.0
2022-04-13 21:00:00+00:00,344.2,348.9,340.87,341.92,30287.0
2022-04-14 01:00:00+00:00,341.96,353.24,341.45,346.44,41664.0
2022-04-14 05:00:00+00:00,346.44,347.88,341.82,342.16,37085.0
2022-04-14 09:00:00+00:00,342.16,345.1,336.64,338.96,44514.0
2022-04-14 13:00:00+00:00,338.94,340.4,332.44,335.28,85496.0
2022-04-14 17:00:00+00:00,335.31,338.12,332.74,335.93,76614.0
2022-04-14 21:00:00+00:00,336.33,339.89,334.62,336.08,59979.0
2022-04-15 01:00:00+00:00,336.09,345.0,335.58,342.11,51759.0
2022-04-15 05:00:00+00:00,342.1,344.13,335.98,338.34,54140.0
2022-04-15 09:00:00+00:00,338.35,338.55,334.0,336.02,47717.0
2022-04-15 13:00:00+00:00,336.04,344.79,333.42,341.43,56646.0
2022-04-15 17:00:00+00:00,341.44,343.22,334.82,336.78,34975.0
2022-04-17 21:00:00+00:00,336.01,336.73,326.6,327.2,38383.0
2022-04-18 01:00:00+00:00,327.2,327.38,318.64,319.1,36229.0
2022-04-18 05:00:00+00:00,319.12,320.98,314.65,314.8,30971.0
2022-04-18 09:00:00+00:00,314.78,319.37,312.88,318.76,29627.0
2022-04-18 13:00:00+00:00,318.74,324.14,317.52,322.38,42248.0
2022-04-18 17:00:00+00:00,322.38,340.99,322.38,337.01,54975.0
2022-04-18 21:00:00+00:00,337.46,343.22,337.36,338.42,47311.0
2022-04-19 01:00:00+00:00,338.42,338.97,333.92,337.27,43455.0
2022-04-19 05:00:00+00:00,337.27,337.62,332.44,335.42,40822.0
2022-04-19 09:00:00+00:00,335.42,337.46,333.32,335.51,33368.0
2022-04-19 13:00:00+00:00,335.52,340.56,333.44,336.76,43032.0
2022-04-19 17:00:00+00:00,336.74,338.04,334.73,336.88,39111.0
2022-04-19 21:00:00+00:00,336.66,341.12,335.74,336.06,15078.0
2022-04-20 01:00:00+00:00,336.04,336.64,334.58,336.26,11198.0
2022-04-20 05:00:00+00:00,336.28,340.12,335.76,338.44,16191.0
2022-04-20 09:00:00+00:00,338.47,344.82,337.46,343.46,19713.0
2022-04-20 13:00:00+00:00,343.51,343.52,334.94,338.9,34008.0
2022-04-20 17:00:00+00:00,338.92,339.76,329.06,332.36,24446.0
2022-04-20 21:00:00+00:00,332.09,335.46,330.06,333.33,17242.0
2022-04-21 01:00:00+00:00,333.26,335.67,331.74,334.1,14278.0
2022-04-21 05:00:00+00:00,334.1,335.28,331.0,332.98,44517.0
2022-04-21 09:00:00+00:00,332.96,343.64,327.7,343.04,55437.0
2022-04-21 13:00:00+00:00,343.06,345.72,334.26,334.32,56206.0
2022-04-21 17:00:00+00:00,334.32,335.95,318.16,318.42,85681.0
2022-04-21 21:00:00+00:00,318.6,323.9,311.26,323.66,38744.0
2022-04-22 01:00:00+00:00,323.66,334.72,322.86,326.1,33303.0
2022-04-22 05:00:00+00:00,326.09,328.0,320.05,322.06,27696.0
2022-04-22 09:00:00+00:00,322.07,326.96,320.04,323.14,21012.0
2022-04-22 13:00:00+00:00,323.12,324.42,317.7,318.59,41095.0
2022-04-22 17:00:00+00:00,318.58,321.38,317.7,319.25,21381.0
2022-04-24 21:00:00+00:00,309.2,311.04,300.52,303.16,3381.0
2022-04-25 01:00:00+00:00,303.3,309.06,302.42,307.1,2643.0
2022-04-25 05:00:00+00:00,307.14,307.28,299.74,300.34,4078.0
2022-04-25 09:00:00+00:00,300.4,307.01,299.9,305.06,3582.0
2022-04-25 13:00:00+00:00,305.18,312.92,302.96,310.98,7007.0
2022-04-25 17:00:00+00:00,311.04,314.54,309.0,313.2,4620.0
2022-04-25 21:00:00+00:00,312.82,316.97,312.24,316.43,2519.0
2022-04-26 01:00:00+00:00,316.47,316.68,312.18,312.58,1537.0
2022-04-26 05:00:00+00:00,312.48,317.6,311.32,317.34,2059.0
2022-04-26 09:00:00+00:00,317.4,321.83,317.0,318.03,2179.0
2022-04-26 13:00:00+00:00,317.98,318.21,302.18,303.84,6923.0
2022-04-26 17:00:00+00:00,303.93,303.97,294.06,297.17,30982.0
2022-04-26 21:00:00+00:00,296.66,300.28,291.46,296.08,34247.0
2022-04-27 01:00:00+00:00,296.08,304.16,295.94,302.84,21783.0
2022-04-27 05:00:00+00:00,302.85,308.25,302.85,305.96,27458.0
2022-04-27 09:00:00+00:00,305.96,306.66,301.77,303.12,27658.0
2022-04-27 13:00:00+00:00,303.16,309.42,300.91,308.4,43346.0
2022-04-27 17:00:00+00:00,308.41,309.07,302.75,305.66,23934.0
2022-04-27 21:00:00+00:00,305.82,309.21,305.7,308.64,12695.0
2022-04-28 01:00:00+00:00,308.62,310.08,303.27,304.76,16313.0
2022-04-28 05:00:00+00:00,304.76,310.98,303.88,310.3,20804.0
2022-04-28 09:00:00+00:00,310.29,312.39,307.64,308.06,28522.0
2022-04-28 13:00:00+00:00,308.06,312.59,303.88,309.81,76979.0
2022-04-28 17:00:00+00:00,309.81,311.84,306.8,308.1,36480.0
2022-04-28 21:00:00+00:00,308.12,308.96,304.24,305.76,19977.0
2022-04-29 01:00:00+00:00,305.78,307.2,302.26,306.74,25630.0
2022-04-29 05:00:00+00:00,306.73,309.07,304.63,304.88,20684.0
2022-04-29 09:00:00+00:00,304.88,304.88,296.19,300.22,34046.0
2022-04-29 13:00:00+00:00,300.21,303.98,297.2,298.62,54353.0
2022-04-29 17:00:00+00:00,298.64,299.66,290.8,293.58,44731.0
2022-05-01 21:00:00+00:00,283.92,288.37,279.13,286.88,38123.0
2022-05-02 01:00:00+00:00,286.87,290.07,284.6,288.08,34255.0
2022-05-02 05:00:00+00:00,288.08,289.44,284.08,285.2,53969.0
2022-05-02 09:00:00+00:00,285.18,286.6,279.74,281.6,55352.0
2022-05-02 13:00:00+00:00,281.6,287.68,281.42,284.49,75012.0
2022-05-02 17:00:00+00:00,284.48,284.86,280.08,282.17,48470.0
2022-05-02 21:00:00+00:00,282.08,287.18,282.06,283.84,28364.0
2022-05-03 01:00:00+00:00,283.84,287.61,283.16,286.86,44327.0
2022-05-03 05:00:00+00:00,286.88,288.93,285.08,288.56,18700.0
2022-05-03 09:00:00+00:00,288.54,289.76,285.59,288.26,25868.0
2022-05-03 13:00:00+00:00,288.28,288.88,281.47,282.94,44787.0
2022-05-03 17:00:00+00:00,282.96,283.66,276.2,279.62,41200.0
2022-05-03 21:00:00+00:00,278.94,281.6,278.0,280.81,41543.0
2022-05-04 01:00:00+00:00,280.82,284.78,280.76,282.78,41268.0
2022-05-04 05:00:00+00:00,282.79,290.12,281.7,287.86,45461.0
2022-05-04 09:00:00+00:00,287.87,290.66,285.88,286.41,44238.0
2022-05-04 13:00:00+00:00,286.42,289.6,284.83,288.06,49148.0
2022-05-04 17:00:00+00:00,288.06,299.95,285.96,298.72,42371.0
2022-05-04 21:00:00+00:00,299.2,302.25,295.72,301.01,17418.0
2022-05-05 01:00:00+00:00,301.01,302.54,299.4,299.56,13328.0
2022-05-05 05:00:00+00:00,299.58,301.42,296.8,297.68,16935.0
2022-05-05 09:00:00+00:00,297.68,300.36,296.06,298.08,11480.0
2022-05-05 13:00:00+00:00,298.09,298.86,275.28,277.42,69553.0
2022-05-05 17:00:00+00:00,277.46,279.26,272.17,277.82,62242.0
2022-05-05 21:00:00+00:00,277.82,277.85,273.5,275.28,24840.0
2022-05-06 01:00:00+00:00,275.26,277.46,272.91,276.5,21067.0
2022-05-06 05:00:00+00:00,276.52,277.8,270.98,273.84,32531.0
2022-05-06 09:00:00+00:00,273.83,274.85,267.42,270.19,45550.0
2022-05-06 13:00:00+00:00,270.16,277.4,265.36,275.31,67590.0
2022-05-06 17:00:00+00:00,275.34,275.74,271.06,274.78,25267.0
2022-05-08 21:00:00+00:00,263.58,266.41,260.68,265.16,19024.0
2022-05-09 01:00:00+00:00,265.14,266.06,255.07,257.6,33297.0
2022-05-09 05:00:00+00:00,257.6,258.46,250.76,254.32,32345.0
2022-05-09 09:00:00+00:00,254.34,255.9,242.62,244.93,55850.0
2022-05-09 13:00:00+00:00,244.94,251.03,228.48,231.65,88810.0
2022-05-09 17:00:00+00:00,231.64,236.37,220.38,231.1,144928.0
2022-05-09 21:00:00+00:00,230.5,233.73,210.59,221.88,114121.0
2022-05-10 01:00:00+00:00,221.89,237.8,221.16,236.44,52675.0
2022-05-10 05:00:00+00:00,236.42,244.57,234.47,238.53,62583.0
2022-05-10 09:00:00+00:00,238.52,242.73,232.9,242.3,49395.0
2022-05-10 13:00:00+00:00,242.28,243.19,227.76,232.48,75509.0
2022-05-10 17:00:00+00:00,232.48,238.37,227.75,228.24,42813.0
2022-05-10 21:00:00+00:00,228.16,233.44,221.46,229.51,70673.0
2022-05-11 01:00:00+00:00,229.49,233.84,226.72,227.46,63612.0
2022-05-11 05:00:00+00:00,227.47,237.24,216.5,237.02,107197.0
2022-05-11 09:00:00+00:00,237.01,249.88,194.47,202.82,123450.0
2022-05-11 13:00:00+00:00,202.88,231.84,202.84,205.7,171945.0
2022-05-11 17:00:00+00:00,205.7,207.67,183.18,184.9,151081.0
2022-05-11 21:00:00+00:00,192.54,200.27,183.1,196.66,110779.0
2022-05-12 01:00:00+00:00,196.67,199.74,173.5,176.44,131862.0
2022-05-12 05:00:00+00:00,176.42,176.9,167.84,171.27,40712.0
2022-05-12 09:00:00+00:00,171.3,196.22,166.61,195.58,99810.0
2022-05-12 13:00:00+00:00,195.59,226.14,188.62,220.0,134314.0
2022-05-12 17:00:00+00:00,220.02,220.16,193.99,195.82,95138.0
2022-05-12 21:00:00+00:00,194.34,205.41,188.77,204.52,55055.0
2022-05-13 01:00:00+00:00,204.53,221.5,198.41,214.96,101428.0
2022-05-13 05:00:00+00:00,214.94,220.36,204.68,211.78,90490.0
2022-05-13 09:00:00+00:00,211.74,217.52,207.45,213.26,61385.0
2022-05-13 13:00:00+00:00,213.26,218.8,205.36,207.37,80185.0
2022-05-13 17:00:00+00:00,207.38,210.82,202.13,204.9,63166.0
2022-05-15 21:00:00+00:00,205.76,215.71,205.76,209.98,30887.0
2022-05-16 01:00:00+00:00,209.97,210.45,201.5,202.78,32377.0
2022-05-16 05:00:00+00:00,202.76,204.72,196.18,201.6,39140.0
2022-05-16 09:00:00+00:00,201.58,204.15,196.74,201.35,39111.0
2022-05-16 13:00:00+00:00,201.34,203.04,195.98,198.29,43998.0
2022-05-16 17:00:00+00:00,198.27,203.24,198.01,199.2,22625.0
2022-05-16 21:00:00+00:00,199.05,204.01,194.57,202.16,26330.0
2022-05-17 01:00:00+00:00,202.16,207.76,199.62,206.31,44468.0
2022-05-17 05:00:00+00:00,206.3,208.29,203.0,204.69,44240.0
2022-05-17 09:00:00+00:00,204.68,208.52,204.55,207.63,48070.0
2022-05-17 13:00:00+00:00,207.64,208.98,200.76,208.45,52485.0
2022-05-17 17:00:00+00:00,208.44,214.3,196.84,203.85,77673.0
2022-05-17 21:00:00+00:00,204.26,208.93,203.76,206.38,37393.0
2022-05-18 01:00:00+00:00,206.36,206.66,200.94,201.72,43927.0
2022-05-18 05:00:00+00:00,201.74,204.39,201.26,202.42,42893.0
2022-05-18 09:00:00+00:00,202.42,202.82,197.23,197.48,37851.0
2022-05-18 13:00:00+00:00,197.48,199.41,188.86,192.38,67034.0
2022-05-18 17:00:00+00:00,192.38,196.14,190.66,192.25,47815.0
2022-05-18 21:00:00+00:00,192.02,194.18,185.36,187.5,43385.0
2022-05-19 01:00:00+00:00,187.49,189.77,180.42,186.98,46465.0
2022-05-19 05:00:00+00:00,186.98,191.38,186.48,187.7,36068.0
2022-05-19 09:00:00+00:00,187.72,191.84,185.63,190.6,38497.0
2022-05-19 13:00:00+00:00,190.61,198.52,190.41,197.12,55846.0
2022-05-19 17:00:00+00:00,197.12,198.32,192.6,194.7,35869.0
2022-05-19 21:00:00+00:00,194.32,200.42,192.08,198.44,30788.0
2022-05-20 01:00:00+00:00,198.43,200.19,193.44,193.89,38658.0
2022-05-20 05:00:00+00:00,193.88,196.05,191.17,193.84,38580.0
2022-05-20 09:00:00+00:00,193.8,199.89,193.67,195.9,34999.0
2022-05-20 13:00:00+00:00,195.9,196.95,185.8,186.78,64331.0
2022-05-20 17:00:00+00:00,186.8,194.36,185.9,191.78,56220.0
2022-05-22 21:00:00+00:00,191.66,200.62,191.66,199.38,22439.0
2022-05-23 01:00:00+00:00,199.38,200.57,195.36,199.36,14909.0
2022-05-23 05:00:00+00:00,199.38,201.4,196.32,199.04,28103.0
2022-05-23 09:00:00+00:00,199.06,207.86,197.48,202.91,34176.0
2022-05-23 13:00:00+00:00,202.9,203.82,198.74,200.98,44233.0
2022-05-23 17:00:00+00:00,200.98,201.9,192.15,195.38,42453.0
2022-05-23 21:00:00+00:00,194.64,195.73,188.87,191.81,23079.0
2022-05-24 01:00:00+00:00,191.76,193.77,189.98,192.84,9335.0
2022-05-24 05:00:00+00:00,192.83,193.2,187.74,188.03,8454.0
2022-05-24 09:00:00+00:00,187.98,193.31,187.18,191.28,14052.0
2022-05-24 13:00:00+00:00,191.28,194.85,183.24,192.28,31710.0
2022-05-24 17:00:00+00:00,192.3,195.65,189.15,195.56,17266.0
2022-05-24 21:00:00+00:00,194.99,197.08,191.77,193.82,10538.0
2022-05-25 01:00:00+00:00,193.84,200.58,191.93,196.12,13673.0
2022-05-25 05:00:00+00:00,196.12,196.22,191.3,194.14,18451.0
2022-05-25 09:00:00+00:00,194.18,194.45,189.42,192.42,18582.0
2022-05-25 13:00:00+00:00,192.38,193.94,189.7,191.12,24738.0
2022-05-25 17:00:00+00:00,191.19,193.54,189.25,191.86,21707.0
2022-05-25 21:00:00+00:00,192.01,193.05,189.58,192.1,11250.0
2022-05-26 01:00:00+00:00,192.1,192.49,189.02,190.46,9648.0
2022-05-26 05:00:00+00:00,190.46,192.04,178.32,179.84,21898.0
2022-05-26 09:00:00+00:00,179.8,182.48,177.34,180.8,24553.0
2022-05-26 13:00:00+00:00,180.8,188.58,172.7,186.53,28837.0
2022-05-26 17:00:00+00:00,186.52,187.36,179.54,181.65,16510.0
2022-05-26 21:00:00+00:00,182.42,185.11,178.2,179.7,19415.0
2022-05-27 01:00:00+00:00,179.68,184.61,173.26,179.48,31726.0
2022-05-27 05:00:00+00:00,179.44,184.06,174.98,177.92,35332.0
2022-05-27 09:00:00+00:00,177.88,181.81,177.29,181.06,24714.0
2022-05-27 13:00:00+00:00,181.04,181.28,173.41,174.67,33711.0
2022-05-27 17:00:00+00:00,174.66,177.5,171.66,175.35,33756.0
2022-05-29 21:00:00+00:00,175.35,186.76,175.35,185.14,12221.0
2022-05-30 01:00:00+00:00,185.19,190.85,184.86,186.32,16284.0
2022-05-30 05:00:00+00:00,186.32,190.7,186.28,189.76,14017.0
2022-05-30 09:00:00+00:00,189.75,189.88,186.38,186.83,12995.0
2022-05-30 13:00:00+00:00,186.83,189.94,185.76,189.24,15371.0
2022-05-30 17:00:00+00:00,189.26,192.15,188.52,192.14,11821.0
2022-05-30 21:00:00+00:00,192.62,198.94,192.4,195.62,21466.0
2022-05-31 01:00:00+00:00,195.6,201.08,194.16,197.66,12090.0
2022-05-31 05:00:00+00:00,197.62,201.64,196.36,199.62,17679.0
2022-05-31 09:00:00+00:00,199.6,200.94,194.68,195.3,14924.0
2022-05-31 13:00:00+00:00,195.32,199.06,191.68,196.88,30734.0
2022-05-31 17:00:00+00:00,196.84,200.88,195.13,200.84,20170.0
2022-05-31 21:00:00+00:00,201.76,210.04,201.35,207.88,18248.0
2022-06-01 01:00:00+00:00,207.86,208.48,198.48,200.15,16933.0
2022-06-01 05:00:00+00:00,200.12,201.25,197.58,199.96,11913.0
2022-06-01 09:00:00+00:00,199.95,202.27,198.5,201.9,13120.0
2022-06-01 13:00:00+00:00,201.92,206.72,191.2,192.5,36187.0
2022-06-01 17:00:00+00:00,192.48,192.86,184.29,186.76,25267.0
2022-06-01 21:00:00+00:00,186.79,188.62,182.98,184.28,18640.0
2022-06-02 01:00:00+00:00,184.3,187.98,182.66,184.08,15629.0
2022-06-02 05:00:00+00:00,184.09,186.3,183.11,186.05,11513.0
2022-06-02 09:00:00+00:00,186.08,188.06,182.46,185.71,13719.0
2022-06-02 13:00:00+00:00,185.7,188.18,182.64,188.0,31805.0
2022-06-02 17:00:00+00:00,188.02,188.54,185.05,186.89,14043.0
2022-06-02 21:00:00+00:00,187.28,189.62,186.86,187.28,12641.0
2022-06-03 01:00:00+00:00,187.27,191.61,186.78,188.66,10056.0
2022-06-03 05:00:00+00:00,188.64,190.0,187.7,188.17,10086.0
2022-06-03 09:00:00+00:00,188.18,188.4,181.18,181.72,25649.0
2022-06-03 13:00:00+00:00,181.72,183.47,180.06,182.23,26846.0
2022-06-03 17:00:00+00:00,182.26,183.23,180.88,183.13,11797.0
2022-06-05 21:00:00+00:00,181.82,182.92,178.9,182.16,12003.0
2022-06-06 01:00:00+00:00,182.18,188.08,182.18,185.18,16789.0
2022-06-06 05:00:00+00:00,185.16,188.93,184.32,188.62,13134.0
2022-06-06 09:00:00+00:00,188.62,188.94,186.17,186.92,11707.0
2022-06-06 13:00:00+00:00,186.95,188.62,183.5,184.09,24082.0
2022-06-06 17:00:00+00:00,184.07,184.22,181.81,182.92,16962.0
2022-06-06 21:00:00+00:00,183.78,186.38,177.1,177.65,23310.0
2022-06-07 01:00:00+00:00,177.64,178.4,173.07,176.61,25079.0
2022-06-07 05:00:00+00:00,176.62,178.51,174.75,177.1,10756.0
2022-06-07 09:00:00+00:00,177.08,177.32,174.2,176.0,13195.0
2022-06-07 13:00:00+00:00,175.96,179.02,174.54,177.58,20519.0
2022-06-07 17:00:00+00:00,177.56,187.7,177.18,187.14,25930.0
2022-06-07 21:00:00+00:00,187.61,187.9,178.73,181.84,33492.0
2022-06-08 01:00:00+00:00,181.85,182.84,176.12,177.8,31920.0
2022-06-08 05:00:00+00:00,177.81,179.74,177.58,179.57,18628.0
2022-06-08 09:00:00+00:00,179.6,180.96,178.43,178.54,15598.0
2022-06-08 13:00:00+00:00,178.53,182.76,177.71,178.04,27889.0
2022-06-08 17:00:00+00:00,178.02,178.38,174.8,177.88,16478.0
2022-06-08 21:00:00+00:00,177.96,178.56,175.24,176.66,12429.0
2022-06-09 01:00:00+00:00,176.68,178.85,175.22,176.54,6773.0
2022-06-09 05:00:00+00:00,176.54,179.36,176.38,179.22,7533.0
2022-06-09 09:00:00+00:00,179.23,180.45,176.06,176.16,14204.0
2022-06-09 13:00:00+00:00,176.15,177.7,175.83,177.66,18741.0
2022-06-09 17:00:00+00:00,177.68,178.54,172.52,174.46,13604.0
2022-06-09 21:00:00+00:00,174.7,175.96,171.18,173.39,11630.0
2022-06-10 01:00:00+00:00,173.42,176.88,172.64,174.6,10074.0
2022-06-10 05:00:00+00:00,174.62,175.68,173.7,173.92,7632.0
2022-06-10 09:00:00+00:00,173.89,177.19,166.74,168.98,19553.0
2022-06-10 13:00:00+00:00,168.97,172.42,165.76,167.2,33743.0
2022-06-10 17:00:00+00:00,167.18,169.46,166.65,168.9,18275.0
2022-06-12 21:00:00+00:00,168.94,168.94,142.56,143.08,31705.0
2022-06-13 01:00:00+00:00,143.08,145.84,137.04,139.94,67003.0
2022-06-13 05:00:00+00:00,139.92,141.11,130.6,131.54,63113.0
2022-06-13 09:00:00+00:00,131.56,134.25,126.84,129.57,70814.0
2022-06-13 13:00:00+00:00,129.58,136.66,123.92,131.94,81072.0
2022-06-13 17:00:00+00:00,131.95,136.04,129.94,131.86,58118.0
2022-06-13 21:00:00+00:00,133.26,133.32,123.59,124.5,64145.0
2022-06-14 01:00:00+00:00,124.48,134.24,117.43,129.02,83976.0
2022-06-14 05:00:00+00:00,129.04,133.22,127.68,128.18,64373.0
2022-06-14 09:00:00+00:00,128.18,128.98,122.04,125.14,57725.0
2022-06-14 13:00:00+00:00,125.16,128.7,123.73,125.38,74419.0
2022-06-14 17:00:00+00:00,125.39,126.67,122.22,123.52,47832.0
2022-06-14 21:00:00+00:00,124.18,126.88,120.25,126.26,38019.0
2022-06-15 01:00:00+00:00,126.26,131.61,119.29,120.92,33831.0
2022-06-15 05:00:00+00:00,120.92,122.36,113.24,113.98,51011.0
2022-06-15 09:00:00+00:00,114.0,119.8,111.45,117.36,53865.0
2022-06-15 13:00:00+00:00,117.34,120.62,113.44,114.11,44209.0
2022-06-15 17:00:00+00:00,114.14,126.27,110.06,123.26,73684.0
2022-06-15 21:00:00+00:00,123.28,130.61,123.18,127.48,34599.0
2022-06-16 01:00:00+00:00,127.47,130.1,123.08,123.12,24917.0
2022-06-16 05:00:00+00:00,123.15,124.39,117.56,118.44,27371.0
2022-06-16 09:00:00+00:00,118.45,118.48,110.67,112.1,45435.0
2022-06-16 13:00:00+00:00,112.1,114.27,108.24,113.54,59111.0
2022-06-16 17:00:00+00:00,113.55,114.86,110.32,112.7,30742.0
2022-06-16 21:00:00+00:00,112.68,113.08,107.03,110.76,33633.0
2022-06-17 01:00:00+00:00,110.72,114.66,110.64,113.02,34764.0
2022-06-17 05:00:00+00:00,113.02,117.46,112.59,112.59,30271.0
2022-06-17 09:00:00+00:00,112.6,112.76,106.66,108.97,32368.0
2022-06-17 13:00:00+00:00,109.0,120.34,108.64,117.32,45040.0
2022-06-17 17:00:00+00:00,117.32,121.1,116.44,120.14,26716.0
2022-06-19 21:00:00+00:00,120.67,121.14,116.17,116.36,34761.0
2022-06-20 01:00:00+00:00,116.34,121.21,116.02,118.04,31331.0
2022-06-20 05:00:00+00:00,118.04,121.12,117.56,120.5,26170.0
2022-06-20 09:00:00+00:00,120.5,124.45,119.98,121.44,35260.0
2022-06-20 13:00:00+00:00,121.48,122.16,119.54,121.06,29401.0
2022-06-20 17:00:00+00:00,121.05,122.8,118.5,121.66,29359.0
2022-06-20 21:00:00+00:00,121.84,121.84,116.32,118.8,29222.0
2022-06-21 01:00:00+00:00,118.82,119.84,117.68,118.6,24516.0
2022-06-21 05:00:00+00:00,118.62,121.82,118.44,121.36,28724.0
2022-06-21 09:00:00+00:00,121.38,122.03,113.8,116.24,24399.0
2022-06-21 13:00:00+00:00,116.24,123.04,116.04,121.73,27087.0
2022-06-21 17:00:00+00:00,121.74,122.42,117.62,118.71,18542.0
2022-06-21 21:00:00+00:00,118.66,120.64,116.69,118.33,18314.0
2022-06-22 01:00:00+00:00,118.23,119.44,114.23,115.76,8787.0
2022-06-22 05:00:00+00:00,115.76,117.46,112.46,113.92,19742.0
2022-06-22 09:00:00+00:00,113.94,116.24,113.73,115.14,17955.0
2022-06-22 13:00:00+00:00,115.12,117.86,113.02,115.23,34830.0
2022-06-22 17:00:00+00:00,115.24,115.72,112.42,113.24,24844.0
2022-06-22 21:00:00+00:00,113.6,115.84,111.72,115.52,19411.0
2022-06-23 01:00:00+00:00,115.5,116.3,114.52,115.64,11550.0
2022-06-23 05:00:00+00:00,115.66,117.14,115.04,116.0,13128.0
2022-06-23 09:00:00+00:00,115.99,118.31,115.68,116.62,15653.0
2022-06-23 13:00:00+00:00,116.6,117.27,113.99,114.73,18334.0
2022-06-23 17:00:00+00:00,114.74,117.96,113.97,116.98,15256.0
2022-06-23 21:00:00+00:00,116.8,118.02,115.51,115.88,18852.0
2022-06-24 01:00:00+00:00,115.88,120.11,115.86,117.11,15735.0
2022-06-24 05:00:00+00:00,117.07,119.32,116.5,118.56,15526.0
2022-06-24 09:00:00+00:00,118.54,121.34,117.22,119.8,21344.0
2022-06-24 13:00:00+00:00,119.82,120.79,114.32,116.3,21534.0
2022-06-24 17:00:00+00:00,116.28,118.1,115.08,117.56,14183.0
2022-06-26 21:00:00+00:00,116.65,116.98,112.51,114.33,18364.0
2022-06-27 01:00:00+00:00,114.32,115.4,113.54,115.15,8755.0
2022-06-27 05:00:00+00:00,115.14,116.4,113.99,116.0,8671.0
2022-06-27 09:00:00+00:00,116.06,116.94,114.36,114.72,9269.0
2022-06-27 13:00:00+00:00,114.72,115.22,110.47,111.87,22341.0
2022-06-27 17:00:00+00:00,111.88,112.98,110.2,111.58,13992.0
2022-06-27 21:00:00+00:00,111.66,112.84,110.66,111.38,10578.0
2022-06-28 01:00:00+00:00,111.37,111.86,107.56,110.0,12319.0
2022-06-28 05:00:00+00:00,110.0,112.66,109.83,112.34,9961.0
2022-06-28 09:00:00+00:00,112.32,112.74,110.62,111.54,11168.0
2022-06-28 13:00:00+00:00,111.54,112.39,107.61,109.22,19034.0
2022-06-28 17:00:00+00:00,109.2,109.33,104.42,105.97,15908.0
2022-06-28 21:00:00+00:00,106.05,106.46,101.26,103.27,15079.0
2022-06-29 01:00:00+00:00,103.26,105.29,103.14,104.0,9814.0
2022-06-29 05:00:00+00:00,103.98,104.4,101.18,102.81,14180.0
2022-06-29 09:00:00+00:00,102.82,106.76,102.42,106.2,16088.0
2022-06-29 13:00:00+00:00,106.2,107.69,104.25,104.72,20910.0
2022-06-29 17:00:00+00:00,104.7,107.34,103.63,106.3,14677.0
2022-06-29 21:00:00+00:00,106.2,107.46,103.43,103.78,12322.0
2022-06-30 01:00:00+00:00,103.77,104.55,102.04,103.11,8806.0
2022-06-30 05:00:00+00:00,103.1,104.14,99.24,99.64,15372.0
2022-06-30 09:00:00+00:00,99.63,100.88,98.06,100.5,14647.0
2022-06-30 13:00:00+00:00,100.48,101.21,97.38,99.99,16361.0
2022-06-30 17:00:00+00:00,99.98,101.29,98.08,99.24,11982.0
2022-06-30 21:00:00+00:00,99.87,106.27,98.38,104.7,18599.0
2022-07-01 01:00:00+00:00,104.72,105.26,99.7,100.23,19807.0
2022-07-01 05:00:00+00:00,100.24,102.73,99.93,101.16,17373.0
2022-07-01 09:00:00+00:00,101.17,102.28,98.18,99.78,13973.0
2022-07-01 13:00:00+00:00,99.77,102.08,99.42,100.77,17346.0
2022-07-01 17:00:00+00:00,100.78,102.9,100.77,102.34,10715.0
2022-07-03 21:00:00+00:00,106.32,106.44,104.8,105.56,11337.0
2022-07-04 01:00:00+00:00,105.54,105.57,102.78,103.17,6683.0
2022-07-04 05:00:00+00:00,103.18,103.6,102.46,102.96,4335.0
2022-07-04 09:00:00+00:00,102.96,106.48,102.92,105.58,13319.0
2022-07-04 13:00:00+00:00,105.58,107.62,104.36,107.12,14502.0
2022-07-04 17:00:00+00:00,107.11,108.24,105.92,106.13,9725.0
2022-07-04 21:00:00+00:00,106.08,108.54,106.07,108.12,16293.0
2022-07-05 01:00:00+00:00,108.12,108.27,105.86,107.8,7627.0
2022-07-05 05:00:00+00:00,107.8,108.43,105.06,105.59,12438.0
2022-07-05 09:00:00+00:00,105.58,105.65,101.87,101.94,16877.0
2022-07-05 13:00:00+00:00,101.94,103.19,101.73,102.57,19293.0
2022-07-05 17:00:00+00:00,102.56,106.93,102.48,106.66,15826.0
2022-07-05 21:00:00+00:00,106.8,106.82,103.82,104.86,15154.0
2022-07-06 01:00:00+00:00,104.86,105.23,102.83,104.04,14444.0
2022-07-06 05:00:00+00:00,104.02,104.85,103.62,104.18,12693.0
2022-07-06 09:00:00+00:00,104.16,104.89,103.78,104.8,10231.0
2022-07-06 13:00:00+00:00,104.79,106.84,104.55,105.5,14969.0
2022-07-06 17:00:00+00:00,105.51,105.93,104.68,105.29,12057.0
2022-07-06 21:00:00+00:00,105.38,107.1,105.28,106.16,11785.0
2022-07-07 01:00:00+00:00,106.16,106.38,105.26,105.8,5681.0
2022-07-07 05:00:00+00:00,105.83,106.06,104.94,106.01,5174.0
2022-07-07 09:00:00+00:00,106.0,107.42,105.92,106.94,4963.0
2022-07-07 13:00:00+00:00,106.94,110.64,106.65,109.37,14063.0
2022-07-07 17:00:00+00:00,109.36,110.8,108.29,110.75,17266.0
2022-07-07 21:00:00+00:00,110.74,112.47,109.85,111.07,9432.0
2022-07-08 01:00:00+00:00,111.06,113.49,110.9,111.88,12326.0
2022-07-08 05:00:00+00:00,111.86,112.24,108.56,108.6,13236.0
2022-07-08 09:00:00+00:00,108.6,109.85,107.99,108.44,17834.0
2022-07-08 13:00:00+00:00,108.42,109.92,106.92,108.74,30261.0
2022-07-08 17:00:00+00:00,108.74,110.71,108.5,110.23,18918.0
2022-07-10 21:00:00+00:00,110.2,110.2,105.38,106.94,12525.0
2022-07-11 01:00:00+00:00,106.96,106.96,104.25,104.7,13059.0
2022-07-11 05:00:00+00:00,104.7,105.18,103.37,104.32,9929.0
2022-07-11 09:00:00+00:00,104.31,105.02,103.48,104.66,8385.0
2022-07-11 13:00:00+00:00,104.66,104.98,102.67,103.64,13483.0
2022-07-11 17:00:00+00:00,103.62,104.62,102.45,102.56,11458.0
2022-07-11 21:00:00+00:00,102.56,102.61,98.02,99.7,21593.0
2022-07-12 01:00:00+00:00,99.7,100.74,99.57,100.12,8180.0
2022-07-12 05:00:00+00:00,100.13,100.5,98.52,99.82,11342.0
2022-07-12 09:00:00+00:00,99.82,99.99,98.61,99.86,9925.0
2022-07-12 13:00:00+00:00,99.87,100.59,99.3,100.0,13862.0
2022-07-12 17:00:00+00:00,100.02,100.11,97.72,98.64,20596.0
2022-07-12 21:00:00+00:00,98.3,98.48,96.31,97.95,31619.0
2022-07-13 01:00:00+00:00,97.96,99.18,97.86,98.48,7263.0
2022-07-13 05:00:00+00:00,98.47,100.84,98.38,100.36,9205.0
2022-07-13 09:00:00+00:00,100.37,101.39,95.3,96.01,13582.0
2022-07-13 13:00:00+00:00,96.02,99.26,95.57,98.78,25534.0
2022-07-13 17:00:00+00:00,98.78,100.25,98.68,99.12,14732.0
2022-07-13 21:00:00+00:00,99.25,103.95,99.25,101.46,13580.0
2022-07-14 01:00:00+00:00,101.46,102.18,100.77,100.95,9617.0
2022-07-14 05:00:00+00:00,100.92,102.14,99.38,99.62,10943.0
2022-07-14 09:00:00+00:00,99.58,100.24,99.13,99.95,10699.0
2022-07-14 13:00:00+00:00,99.94,102.76,99.12,102.06,16935.0
2022-07-14 17:00:00+00:00,102.08,104.18,101.8,103.32,15615.0
2022-07-14 21:00:00+00:00,103.52,104.85,101.54,102.45,7690.0
2022-07-15 01:00:00+00:00,102.46,103.91,102.06,103.13,14111.0
2022-07-15 05:00:00+00:00,103.13,104.38,102.29,103.54,14328.0
2022-07-15 09:00:00+00:00,103.54,106.57,103.53,105.4,15964.0
2022-07-15 13:00:00+00:00,105.38,106.41,103.56,104.17,15842.0
2022-07-15 17:00:00+00:00,104.16,106.92,103.88,105.85,12166.0
2022-07-17 21:00:00+00:00,112.22,113.32,110.03,111.28,14171.0
2022-07-18 01:00:00+00:00,111.26,114.98,111.2,114.15,15189.0
2022-07-18 05:00:00+00:00,114.16,119.02,114.12,117.92,20398.0
2022-07-18 09:00:00+00:00,117.92,119.5,115.62,118.16,15406.0
2022-07-18 13:00:00+00:00,118.17,119.61,116.9,117.24,20774.0
2022-07-18 17:00:00+00:00,117.21,117.32,113.98,115.32,21151.0
2022-07-18 21:00:00+00:00,115.36,123.82,115.24,120.0,25587.0
2022-07-19 01:00:00+00:00,119.99,120.88,115.98,117.54,20236.0
2022-07-19 05:00:00+00:00,117.53,119.92,116.0,119.91,23227.0
2022-07-19 09:00:00+00:00,119.92,124.48,118.98,123.7,21254.0
2022-07-19 13:00:00+00:00,123.72,127.98,121.68,126.58,36690.0
2022-07-19 17:00:00+00:00,126.59,129.4,126.15,128.1,24134.0
2022-07-19 21:00:00+00:00,128.15,129.29,125.06,125.7,25064.0
2022-07-20 01:00:00+00:00,125.68,128.32,125.36,127.39,17828.0
2022-07-20 05:00:00+00:00,127.39,129.84,124.95,125.16,18652.0
2022-07-20 09:00:00+00:00,125.14,129.4,124.45,127.84,23610.0
2022-07-20 13:00:00+00:00,127.86,131.45,125.95,126.95,23080.0
2022-07-20 17:00:00+00:00,126.94,128.73,119.9,121.47,24761.0
2022-07-20 21:00:00+00:00,121.8,124.82,120.49,122.84,25380.0
2022-07-21 01:00:00+00:00,122.85,124.3,117.63,120.4,24710.0
2022-07-21 05:00:00+00:00,120.4,122.54,119.44,121.03,17873.0
2022-07-21 09:00:00+00:00,121.06,122.62,119.28,121.87,20605.0
2022-07-21 13:00:00+00:00,121.86,123.92,120.38,122.5,24926.0
2022-07-21 17:00:00+00:00,122.5,123.61,120.61,122.48,17935.0
2022-07-21 21:00:00+00:00,122.6,124.91,121.34,124.41,13074.0
2022-07-22 01:00:00+00:00,124.41,128.96,124.04,124.83,16011.0
2022-07-22 05:00:00+00:00,124.81,127.32,124.16,127.1,19622.0
2022-07-22 09:00:00+00:00,127.1,128.56,126.86,128.2,20198.0
2022-07-22 13:00:00+00:00,128.22,129.31,125.9,127.33,22448.0
2022-07-22 17:00:00+00:00,127.32,128.38,119.79,120.09,16705.0
2022-07-24 21:00:00+00:00,130.25,134.93,128.86,129.36,18427.0
2022-07-25 01:00:00+00:00,129.34,129.64,125.2,127.98,14840.0
2022-07-25 05:00:00+00:00,127.98,127.98,125.0,126.21,12057.0
2022-07-25 09:00:00+00:00,126.25,126.71,124.16,125.54,13334.0
2022-07-25 13:00:00+00:00,125.54,125.9,123.26,124.18,21637.0
2022-07-25 17:00:00+00:00,124.2,125.03,120.44,123.76,17431.0
2022-07-25 21:00:00+00:00,123.6,125.34,116.4,116.5,17326.0
2022-07-26 01:00:00+00:00,116.52,117.49,114.89,116.84,12214.0
2022-07-26 05:00:00+00:00,116.86,117.28,114.51,114.97,8532.0
2022-07-26 09:00:00+00:00,114.95,116.78,114.48,114.83,9715.0
2022-07-26 13:00:00+00:00,114.8,116.72,113.83,116.14,15884.0
2022-07-26 17:00:00+00:00,116.14,116.84,114.33,116.6,14455.0
2022-07-26 21:00:00+00:00,117.12,119.3,116.39,117.88,16089.0
2022-07-27 01:00:00+00:00,117.87,118.02,116.33,117.18,7260.0
2022-07-27 05:00:00+00:00,117.2,119.7,117.08,118.48,7380.0
2022-07-27 09:00:00+00:00,118.48,118.73,116.76,118.6,7415.0
2022-07-27 13:00:00+00:00,118.61,120.12,117.29,117.47,14796.0
2022-07-27 17:00:00+00:00,117.48,125.74,117.24,124.72,28980.0
2022-07-27 21:00:00+00:00,124.76,134.09,124.68,131.6,21210.0
2022-07-28 01:00:00+00:00,131.6,138.83,131.5,137.91,13301.0
2022-07-28 05:00:00+00:00,137.92,148.3,136.99,148.24,15853.0
2022-07-28 09:00:00+00:00,148.06,148.36,140.42,142.56,21408.0
2022-07-28 13:00:00+00:00,142.35,159.2,141.26,153.66,31277.0
2022-07-28 17:00:00+00:00,153.66,157.72,152.87,156.48,24509.0
2022-07-28 21:00:00+00:00,156.44,158.94,148.84,152.44,20347.0
2022-07-29 01:00:00+00:00,152.46,154.52,149.86,154.46,18819.0
2022-07-29 05:00:00+00:00,154.47,157.78,148.95,156.99,22642.0
2022-07-29 09:00:00+00:00,156.98,164.78,147.24,149.26,25046.0
2022-07-29 13:00:00+00:00,149.28,155.7,148.14,151.24,30757.0
2022-07-29 17:00:00+00:00,151.26,154.39,148.77,152.16,23644.0
2022-07-31 21:00:00+00:00,145.56,146.51,138.38,141.03,9309.0
2022-08-01 01:00:00+00:00,141.04,142.45,140.46,141.32,7790.0
2022-08-01 05:00:00+00:00,141.3,141.84,138.59,139.72,10059.0
2022-08-01 09:00:00+00:00,139.7,140.56,136.34,137.26,13419.0
2022-08-01 13:00:00+00:00,137.24,140.52,135.98,137.34,23120.0
2022-08-01 17:00:00+00:00,137.33,137.68,134.16,137.68,17121.0
2022-08-01 21:00:00+00:00,137.38,139.06,135.88,136.24,16180.0
2022-08-02 01:00:00+00:00,136.24,137.6,129.0,130.79,17437.0
2022-08-02 05:00:00+00:00,130.76,132.06,129.65,129.88,10742.0
2022-08-02 09:00:00+00:00,129.82,134.86,129.06,131.21,14721.0
2022-08-02 13:00:00+00:00,131.22,137.6,131.12,137.22,26248.0
2022-08-02 17:00:00+00:00,137.18,137.3,132.62,135.4,15007.0
2022-08-02 21:00:00+00:00,135.14,135.64,130.5,130.95,14150.0
2022-08-03 01:00:00+00:00,130.94,134.03,130.47,133.18,12194.0
2022-08-03 05:00:00+00:00,133.16,136.89,132.94,136.66,9413.0
2022-08-03 09:00:00+00:00,136.64,139.12,136.14,137.18,12494.0
2022-08-03 13:00:00+00:00,137.18,139.88,136.73,139.47,14685.0
2022-08-03 17:00:00+00:00,139.46,142.99,139.46,139.61,12813.0
2022-08-03 21:00:00+00:00,139.72,140.44,133.36,136.74,14121.0
2022-08-04 01:00:00+00:00,136.74,138.54,136.36,137.48,9596.0
2022-08-04 05:00:00+00:00,137.5,138.22,134.56,135.08,12549.0
2022-08-04 09:00:00+00:00,135.06,137.34,134.5,135.67,10736.0
2022-08-04 13:00:00+00:00,135.66,138.46,132.68,133.18,20864.0
2022-08-04 17:00:00+00:00,133.17,135.96,132.44,134.62,13117.0
2022-08-04 21:00:00+00:00,134.79,136.72,133.1,134.31,7314.0
2022-08-05 01:00:00+00:00,134.32,138.55,134.25,137.74,11041.0
2022-08-05 05:00:00+00:00,137.74,139.29,136.97,137.58,10143.0
2022-08-05 09:00:00+00:00,137.58,140.59,137.04,137.74,12412.0
2022-08-05 13:00:00+00:00,137.74,139.51,136.14,136.9,17220.0
2022-08-05 17:00:00+00:00,136.9,137.36,135.68,137.22,9439.0
2022-08-07 21:00:00+00:00,143.52,143.87,140.84,141.21,8264.0
2022-08-08 01:00:00+00:00,141.22,141.8,140.22,141.76,5343.0
2022-08-08 05:00:00+00:00,141.75,147.94,141.72,147.02,11103.0
2022-08-08 09:00:00+00:00,147.05,148.0,145.97,147.5,9997.0
2022-08-08 13:00:00+00:00,147.52,147.72,143.12,144.33,13867.0
2022-08-08 17:00:00+00:00,144.32,146.17,143.74,145.68,8028.0
2022-08-08 21:00:00+00:00,145.6,145.64,141.78,143.47,10240.0
2022-08-09 01:00:00+00:00,143.48,144.52,142.57,144.17,6935.0
2022-08-09 05:00:00+00:00,144.18,144.31,142.48,142.66,6865.0
2022-08-09 09:00:00+00:00,142.68,142.68,135.51,136.28,14301.0
2022-08-09 13:00:00+00:00,136.28,137.26,133.62,135.34,14520.0
2022-08-09 17:00:00+00:00,135.34,136.05,133.52,134.56,6802.0
2022-08-09 21:00:00+00:00,134.83,135.69,131.56,132.92,8782.0
2022-08-10 01:00:00+00:00,132.92,134.0,131.54,133.25,8986.0
2022-08-10 05:00:00+00:00,133.23,134.63,132.3,134.48,5950.0
2022-08-10 09:00:00+00:00,134.48,139.96,133.33,139.68,9466.0
2022-08-10 13:00:00+00:00,139.7,143.55,139.28,141.84,15873.0
2022-08-10 17:00:00+00:00,141.85,145.24,139.26,145.11,5695.0
2022-08-10 21:00:00+00:00,142.59,144.25,141.78,142.96,7313.0
2022-08-11 01:00:00+00:00,142.96,144.88,142.73,144.5,10308.0
2022-08-11 05:00:00+00:00,144.48,144.73,142.76,143.85,10518.0
2022-08-11 09:00:00+00:00,143.84,146.91,142.88,145.76,10351.0
2022-08-11 13:00:00+00:00,145.77,148.76,143.62,144.58,16241.0
2022-08-11 17:00:00+00:00,144.6,145.57,143.32,144.2,8136.0
2022-08-11 21:00:00+00:00,144.1,144.74,141.7,143.07,8795.0
2022-08-12 01:00:00+00:00,143.06,143.41,141.26,142.6,7362.0
2022-08-12 05:00:00+00:00,142.6,143.18,141.4,141.9,7247.0
2022-08-12 09:00:00+00:00,141.9,143.26,138.64,139.78,9013.0
2022-08-12 13:00:00+00:00,139.77,141.18,139.3,140.58,9919.0
2022-08-12 17:00:00+00:00,140.6,143.21,140.52,142.6,5513.0
2022-08-14 21:00:00+00:00,139.46,140.46,138.24,140.35,9597.0
2022-08-15 01:00:00+00:00,140.32,143.38,139.42,140.64,9713.0
2022-08-15 05:00:00+00:00,140.62,141.22,133.78,135.19,11871.0
2022-08-15 09:00:00+00:00,135.18,135.8,133.76,134.28,7700.0
2022-08-15 13:00:00+00:00,134.3,137.74,134.19,137.48,8956.0
2022-08-15 17:00:00+00:00,137.48,137.7,136.6,137.38,6065.0
2022-08-15 21:00:00+00:00,137.4,138.1,134.76,137.68,9934.0
2022-08-16 01:00:00+00:00,137.69,138.4,134.88,135.8,8874.0
2022-08-16 05:00:00+00:00,135.8,136.78,135.0,136.66,5940.0
2022-08-16 09:00:00+00:00,136.7,139.0,136.46,136.68,7106.0
2022-08-16 13:00:00+00:00,136.67,137.28,135.28,136.74,11981.0
2022-08-16 17:00:00+00:00,136.73,137.61,134.71,137.16,8889.0
2022-08-16 21:00:00+00:00,137.08,138.74,135.8,138.38,6683.0
2022-08-17 01:00:00+00:00,138.4,144.9,138.02,144.08,9311.0
2022-08-17 05:00:00+00:00,144.08,144.57,137.84,138.02,11138.0
2022-08-17 09:00:00+00:00,138.03,140.0,135.3,136.21,9158.0
2022-08-17 13:00:00+00:00,136.2,136.22,132.43,134.22,12196.0
2022-08-17 17:00:00+00:00,134.22,136.0,133.62,135.09,10149.0
2022-08-17 21:00:00+00:00,135.1,135.1,132.42,134.06,9638.0
2022-08-18 01:00:00+00:00,134.06,134.74,132.76,132.95,6521.0
2022-08-18 05:00:00+00:00,132.96,133.9,132.3,133.77,5591.0
2022-08-18 09:00:00+00:00,133.78,135.16,133.62,135.12,6795.0
2022-08-18 13:00:00+00:00,135.17,136.25,133.58,134.21,10454.0
2022-08-18 17:00:00+00:00,134.22,134.78,131.94,133.45,7544.0
2022-08-18 21:00:00+00:00,133.48,133.77,126.04,126.69,8038.0
2022-08-19 01:00:00+00:00,126.7,127.44,124.68,126.82,11181.0
2022-08-19 05:00:00+00:00,126.82,127.5,118.12,118.8,6209.0
2022-08-19 09:00:00+00:00,118.87,120.8,118.22,120.14,11526.0
2022-08-19 13:00:00+00:00,120.14,120.85,118.79,120.26,12273.0
2022-08-19 17:00:00+00:00,120.28,120.49,116.02,117.3,11330.0
2022-08-21 21:00:00+00:00,119.66,121.93,117.28,118.7,11777.0
2022-08-22 01:00:00+00:00,118.71,119.67,118.19,119.61,8420.0
2022-08-22 05:00:00+00:00,119.59,119.74,113.47,115.04,11752.0
2022-08-22 09:00:00+00:00,115.04,118.52,114.83,116.68,12557.0
2022-08-22 13:00:00+00:00,116.66,123.26,116.04,120.7,19270.0
2022-08-22 17:00:00+00:00,120.72,121.99,118.88,121.48,10095.0
2022-08-22 21:00:00+00:00,121.14,124.86,121.14,122.8,11439.0
2022-08-23 01:00:00+00:00,122.8,124.71,122.52,122.87,7374.0
2022-08-23 05:00:00+00:00,122.85,128.83,120.09,128.61,13705.0
2022-08-23 09:00:00+00:00,128.6,133.18,128.5,130.6,14202.0
2022-08-23 13:00:00+00:00,130.59,133.53,130.34,132.74,15152.0
2022-08-23 17:00:00+00:00,132.79,135.61,131.76,133.86,12646.0
2022-08-23 21:00:00+00:00,134.0,134.78,132.22,134.22,11610.0
2022-08-24 01:00:00+00:00,134.22,134.97,131.2,131.5,13237.0
2022-08-24 05:00:00+00:00,131.52,138.57,131.49,133.62,13507.0
2022-08-24 09:00:00+00:00,133.6,134.64,132.58,133.9,10381.0
2022-08-24 13:00:00+00:00,133.92,134.44,131.88,133.42,12478.0
2022-08-24 17:00:00+00:00,133.42,134.01,133.03,133.68,7880.0
2022-08-24 21:00:00+00:00,133.55,133.66,129.8,130.78,9792.0
2022-08-25 01:00:00+00:00,130.8,132.02,129.54,129.98,6929.0
2022-08-25 05:00:00+00:00,129.98,132.75,129.53,131.49,8373.0
2022-08-25 09:00:00+00:00,131.48,131.75,129.69,129.98,7115.0
2022-08-25 13:00:00+00:00,129.96,131.71,128.62,129.51,11964.0
2022-08-25 17:00:00+00:00,129.5,131.38,129.38,131.16,6760.0
2022-08-25 21:00:00+00:00,131.14,131.32,128.86,129.08,6758.0
2022-08-26 01:00:00+00:00,129.04,130.38,128.97,129.92,4509.0
2022-08-26 05:00:00+00:00,129.9,129.98,125.84,126.63,8223.0
2022-08-26 09:00:00+00:00,126.62,127.97,124.85,127.94,10330.0
2022-08-26 13:00:00+00:00,127.94,128.76,119.86,120.65,26345.0
2022-08-26 17:00:00+00:00,120.64,120.74,117.97,119.75,11600.0
2022-08-28 21:00:00+00:00,119.73,119.73,111.02,112.82,11044.0
2022-08-29 01:00:00+00:00,112.82,116.75,112.67,115.76,11229.0
2022-08-29 05:00:00+00:00,115.76,116.44,114.43,114.66,10231.0
2022-08-29 09:00:00+00:00,114.66,118.2,114.64,117.04,10850.0
2022-08-29 13:00:00+00:00,117.04,119.55,117.0,119.22,15136.0
2022-08-29 17:00:00+00:00,119.22,119.27,117.72,118.22,6562.0
2022-08-29 21:00:00+00:00,118.2,119.98,117.72,119.06,8083.0
2022-08-30 01:00:00+00:00,119.07,120.7,117.44,120.26,8690.0
2022-08-30 05:00:00+00:00,120.25,120.26,118.66,119.32,8342.0
2022-08-30 09:00:00+00:00,119.32,119.86,117.88,118.46,7183.0
2022-08-30 13:00:00+00:00,118.46,118.86,111.94,112.66,18078.0
2022-08-30 17:00:00+00:00,112.67,116.35,112.52,115.05,12617.0
2022-08-30 21:00:00+00:00,115.04,116.26,114.26,115.6,9430.0
2022-08-31 01:00:00+00:00,115.62,117.76,115.37,117.54,10565.0
2022-08-31 05:00:00+00:00,117.56,118.0,115.74,116.28,9368.0
2022-08-31 09:00:00+00:00,116.28,118.51,115.94,116.78,9259.0
2022-08-31 13:00:00+00:00,116.8,118.66,114.53,115.78,16182.0
2022-08-31 17:00:00+00:00,115.8,116.94,114.74,115.82,10140.0
2022-08-31 21:00:00+00:00,115.92,116.94,113.42,114.58,10981.0
2022-09-01 01:00:00+00:00,114.58,117.0,113.91,114.82,9672.0
2022-09-01 05:00:00+00:00,114.82,115.38,113.19,114.94,8253.0
2022-09-01 09:00:00+00:00,114.92,116.62,114.38,115.96,8604.0
2022-09-01 13:00:00+00:00,115.96,116.12,112.96,114.76,18166.0
2022-09-01 17:00:00+00:00,114.76,116.76,114.52,116.71,11916.0
2022-09-01 21:00:00+00:00,116.68,117.3,116.1,116.86,5754.0
2022-09-02 01:00:00+00:00,116.86,117.8,115.68,117.06,7929.0
2022-09-02 05:00:00+00:00,117.07,117.46,116.18,116.67,5774.0
2022-09-02 09:00:00+00:00,116.66,119.72,115.9,118.26,9652.0
2022-09-02 13:00:00+00:00,118.28,120.34,117.52,118.4,15077.0
2022-09-02 17:00:00+00:00,118.39,118.55,114.74,116.0,12494.0
2022-09-04 21:00:00+00:00,117.68,118.91,117.19,118.46,6016.0
2022-09-05 01:00:00+00:00,118.46,119.57,118.06,119.1,5107.0
2022-09-05 05:00:00+00:00,119.08,119.22,117.03,117.51,6197.0
2022-09-05 09:00:00+00:00,117.5,118.53,117.14,118.16,5406.0
2022-09-05 13:00:00+00:00,118.16,124.76,117.86,122.93,9572.0
2022-09-05 17:00:00+00:00,122.92,124.0,122.12,123.84,5251.0
2022-09-05 21:00:00+00:00,123.94,127.18,123.8,126.88,9365.0
2022-09-06 01:00:00+00:00,126.94,127.82,123.26,125.56,12574.0
2022-09-06 05:00:00+00:00,125.56,126.56,125.32,125.9,8014.0
2022-09-06 09:00:00+00:00,125.9,126.01,123.55,124.8,6875.0
2022-09-06 13:00:00+00:00,124.81,125.35,123.2,124.97,12152.0
2022-09-06 17:00:00+00:00,124.96,124.99,111.99,113.4,18150.0
2022-09-06 21:00:00+00:00,113.55,113.7,111.38,113.18,9847.0
2022-09-07 01:00:00+00:00,113.18,113.27,110.42,112.1,9207.0
2022-09-07 05:00:00+00:00,112.1,113.1,111.54,113.07,5679.0
2022-09-07 09:00:00+00:00,113.08,113.13,111.73,112.96,6891.0
2022-09-07 13:00:00+00:00,112.97,114.44,112.88,113.96,11760.0
2022-09-07 17:00:00+00:00,113.98,117.99,113.86,117.68,12222.0
2022-09-07 21:00:00+00:00,117.8,119.56,117.1,118.07,7775.0
2022-09-08 01:00:00+00:00,118.07,118.28,117.2,117.34,5444.0
2022-09-08 05:00:00+00:00,117.38,118.43,115.98,117.18,7684.0
2022-09-08 09:00:00+00:00,117.24,127.76,117.08,127.4,11771.0
2022-09-08 13:00:00+00:00,127.38,130.3,125.8,127.37,16756.0
2022-09-08 17:00:00+00:00,127.38,129.67,126.95,128.3,9548.0
2022-09-08 21:00:00+00:00,128.44,129.18,126.5,127.03,6226.0
2022-09-09 01:00:00+00:00,127.02,131.3,126.16,130.76,9801.0
2022-09-09 05:00:00+00:00,130.76,131.18,128.65,130.3,11687.0
2022-09-09 09:00:00+00:00,130.32,138.66,129.29,135.88,13063.0
2022-09-09 13:00:00+00:00,135.84,135.93,133.23,134.3,13954.0
2022-09-09 17:00:00+00:00,134.29,134.54,130.92,131.62,8293.0
2022-09-11 21:00:00+00:00,130.18,130.44,127.58,128.26,8389.0
2022-09-12 01:00:00+00:00,128.27,131.84,127.64,128.85,15007.0
2022-09-12 05:00:00+00:00,128.82,132.48,127.74,131.84,12401.0
2022-09-12 09:00:00+00:00,131.86,132.98,130.48,132.67,10127.0
2022-09-12 13:00:00+00:00,132.68,133.08,126.48,128.04,12717.0
2022-09-12 17:00:00+00:00,128.06,129.54,127.8,129.18,8447.0
2022-09-12 21:00:00+00:00,129.02,129.31,126.42,127.58,6837.0
2022-09-13 01:00:00+00:00,127.64,129.28,126.74,128.56,5542.0
2022-09-13 05:00:00+00:00,128.57,130.07,128.26,128.92,8107.0
2022-09-13 09:00:00+00:00,128.92,133.74,123.9,124.48,15096.0
2022-09-13 13:00:00+00:00,124.48,124.75,119.68,120.39,23107.0
2022-09-13 17:00:00+00:00,120.38,121.17,116.22,118.29,14685.0
2022-09-13 21:00:00+00:00,117.94,118.8,116.62,118.34,11127.0
2022-09-14 01:00:00+00:00,118.32,120.72,118.22,120.1,6672.0
2022-09-14 05:00:00+00:00,120.05,120.35,117.74,119.74,6745.0
2022-09-14 09:00:00+00:00,119.74,120.2,117.63,119.16,8606.0
2022-09-14 13:00:00+00:00,119.18,119.34,117.5,118.24,8826.0
2022-09-14 17:00:00+00:00,118.25,119.23,116.23,118.15,10782.0
2022-09-14 21:00:00+00:00,118.13,120.81,117.82,119.03,9600.0
2022-09-15 01:00:00+00:00,119.04,119.27,116.02,117.44,11160.0
2022-09-15 05:00:00+00:00,117.44,120.89,116.45,119.74,15761.0
2022-09-15 09:00:00+00:00,119.72,120.68,119.06,120.5,7652.0
2022-09-15 13:00:00+00:00,120.5,122.88,116.39,118.82,18713.0
2022-09-15 17:00:00+00:00,118.81,120.25,118.14,120.22,8684.0
2022-09-15 21:00:00+00:00,119.96,120.16,116.8,118.38,10005.0
2022-09-16 01:00:00+00:00,118.4,118.72,116.31,118.32,5991.0
2022-09-16 05:00:00+00:00,118.33,119.06,116.36,116.36,5105.0
2022-09-16 09:00:00+00:00,116.33,119.94,116.25,118.47,5465.0
2022-09-16 13:00:00+00:00,118.51,118.98,116.72,117.88,13745.0
2022-09-16 17:00:00+00:00,117.9,119.08,116.94,119.0,9665.0
2022-09-18 21:00:00+00:00,115.14,115.16,110.67,112.45,13221.0
2022-09-19 01:00:00+00:00,112.44,113.14,107.5,109.08,11141.0
2022-09-19 05:00:00+00:00,109.08,109.5,106.78,107.47,9523.0
2022-09-19 09:00:00+00:00,107.48,110.02,106.78,109.78,8706.0
2022-09-19 13:00:00+00:00,109.78,112.21,109.02,110.93,14551.0
2022-09-19 17:00:00+00:00,110.94,112.4,109.78,111.92,10495.0
2022-09-19 21:00:00+00:00,111.95,112.88,111.48,111.56,10133.0
2022-09-20 01:00:00+00:00,111.56,112.79,111.05,112.34,7644.0
2022-09-20 05:00:00+00:00,112.33,114.32,112.16,113.42,9651.0
2022-09-20 09:00:00+00:00,113.42,113.74,112.24,112.92,9843.0
2022-09-20 13:00:00+00:00,112.9,114.91,111.04,113.44,19612.0
2022-09-20 17:00:00+00:00,113.44,113.7,111.68,113.06,13559.0
2022-09-20 21:00:00+00:00,112.96,113.96,111.92,113.89,10606.0
2022-09-21 01:00:00+00:00,113.9,113.92,112.6,113.18,5166.0
2022-09-21 05:00:00+00:00,113.2,113.53,110.54,111.66,10208.0
2022-09-21 09:00:00+00:00,111.66,114.28,111.2,114.18,8233.0
2022-09-21 13:00:00+00:00,114.18,115.16,113.3,113.99,10951.0
2022-09-21 17:00:00+00:00,113.98,119.16,112.52,113.94,27392.0
2022-09-21 21:00:00+00:00,113.42,113.44,108.34,108.92,19665.0
2022-09-22 01:00:00+00:00,108.92,110.86,108.82,110.68,9961.0
2022-09-22 05:00:00+00:00,110.64,114.39,110.11,114.34,10127.0
2022-09-22 09:00:00+00:00,114.34,116.67,114.34,116.18,12152.0
2022-09-22 13:00:00+00:00,116.16,116.77,114.2,115.66,18813.0
2022-09-22 17:00:00+00:00,115.66,116.75,114.83,115.23,11621.0
2022-09-22 21:00:00+00:00,115.26,117.59,114.82,115.68,8434.0
2022-09-23 01:00:00+00:00,115.7,120.41,115.26,119.61,9177.0
2022-09-23 05:00:00+00:00,119.6,119.98,115.38,115.52,9980.0
2022-09-23 09:00:00+00:00,115.52,116.98,114.48,115.28,12585.0
2022-09-23 13:00:00+00:00,115.27,116.1,112.38,113.56,16525.0
2022-09-23 17:00:00+00:00,113.56,117.54,113.29,117.24,14015.0
2022-09-25 21:00:00+00:00,113.94,114.22,112.16,113.54,12932.0
2022-09-26 01:00:00+00:00,113.52,114.79,113.23,113.33,9501.0
2022-09-26 05:00:00+00:00,113.34,116.88,112.48,116.74,14169.0
2022-09-26 09:00:00+00:00,116.8,117.59,113.89,115.57,16396.0
2022-09-26 13:00:00+00:00,115.57,116.55,114.96,115.42,18816.0
2022-09-26 17:00:00+00:00,115.4,116.28,114.98,115.2,2964.0
2022-09-26 21:00:00+00:00,115.22,117.05,114.09,116.54,3742.0
2022-09-27 01:00:00+00:00,116.53,119.48,116.42,118.73,17355.0
2022-09-27 05:00:00+00:00,118.73,119.94,118.16,119.02,11374.0
2022-09-27 09:00:00+00:00,118.98,120.44,118.59,119.53,11519.0
2022-09-27 13:00:00+00:00,119.51,120.5,113.44,114.42,23121.0
2022-09-27 17:00:00+00:00,114.41,114.78,112.45,114.38,16318.0
2022-09-27 21:00:00+00:00,114.32,114.96,113.78,114.73,8587.0
2022-09-28 01:00:00+00:00,114.72,114.8,110.38,112.18,13701.0
2022-09-28 05:00:00+00:00,112.16,112.3,110.38,111.98,9473.0
2022-09-28 09:00:00+00:00,111.99,112.8,110.87,112.38,16514.0
2022-09-28 13:00:00+00:00,112.37,114.03,112.16,113.56,20127.0
2022-09-28 17:00:00+00:00,113.56,115.82,112.96,115.16,12142.0
2022-09-28 21:00:00+00:00,115.16,115.22,113.9,114.2,9391.0
2022-09-29 01:00:00+00:00,114.18,115.82,113.93,115.28,9221.0
2022-09-29 05:00:00+00:00,115.3,115.87,113.71,114.46,10543.0
2022-09-29 09:00:00+00:00,114.46,117.86,114.34,115.74,13665.0
2022-09-29 13:00:00+00:00,115.74,116.58,113.85,116.2,21013.0
2022-09-29 17:00:00+00:00,116.22,116.73,114.88,116.34,14217.0
2022-09-29 21:00:00+00:00,116.44,117.16,115.35,116.62,6817.0
2022-09-30 01:00:00+00:00,116.71,117.88,115.62,117.14,6896.0
2022-09-30 05:00:00+00:00,117.14,117.36,116.34,117.14,6768.0
2022-09-30 09:00:00+00:00,117.15,117.52,115.5,116.29,9408.0
2022-09-30 13:00:00+00:00,116.3,124.61,115.9,124.36,25517.0
2022-09-30 17:00:00+00:00,124.34,124.63,122.14,122.29,15626.0
2022-10-02 21:00:00+00:00,116.5,116.68,113.63,115.32,5556.0
2022-10-03 01:00:00+00:00,115.32,116.2,114.38,114.41,7151.0
2022-10-03 05:00:00+00:00,114.4,115.58,113.93,114.77,7466.0
2022-10-03 09:00:00+00:00,114.76,115.35,114.04,115.19,5900.0
2022-10-03 13:00:00+00:00,115.2,116.53,114.62,115.56,14233.0
2022-10-03 17:00:00+00:00,115.56,116.32,115.28,116.18,9187.0
2022-10-03 21:00:00+00:00,116.08,116.7,115.66,116.08,7295.0
2022-10-04 01:00:00+00:00,116.06,116.54,115.6,116.16,5722.0
2022-10-04 05:00:00+00:00,116.15,120.1,115.96,119.92,11282.0
2022-10-04 09:00:00+00:00,119.88,120.06,118.34,118.86,7075.0
2022-10-04 13:00:00+00:00,118.85,121.8,118.84,121.24,11944.0
2022-10-04 17:00:00+00:00,121.24,122.0,121.22,121.68,9204.0
2022-10-04 21:00:00+00:00,121.7,121.85,120.89,121.34,4478.0
2022-10-05 01:00:00+00:00,121.24,123.08,121.24,122.52,646.0
2022-10-05 05:00:00+00:00,122.55,122.68,121.39,121.39,624.0
2022-10-05 09:00:00+00:00,121.42,121.98,120.56,120.56,750.0
2022-10-05 13:00:00+00:00,120.56,122.88,119.25,122.68,1660.0
2022-10-05 17:00:00+00:00,122.67,123.64,122.26,122.3,946.0
2022-10-05 21:00:00+00:00,122.42,123.72,122.11,123.36,3200.0
2022-10-06 01:00:00+00:00,123.38,123.63,122.36,122.38,7271.0
2022-10-06 05:00:00+00:00,122.39,122.56,120.62,121.13,8609.0
2022-10-06 09:00:00+00:00,121.13,122.54,121.08,121.88,8360.0
2022-10-06 13:00:00+00:00,121.89,122.22,120.06,120.88,16305.0
2022-10-06 17:00:00+00:00,120.94,121.21,118.46,118.99,9596.0
2022-10-06 21:00:00+00:00,119.02,119.24,117.85,119.16,5118.0
2022-10-07 01:00:00+00:00,119.16,120.14,118.98,119.44,3532.0
2022-10-07 05:00:00+00:00,119.42,120.06,118.64,118.97,4957.0
2022-10-07 09:00:00+00:00,118.98,119.04,115.82,116.38,7384.0
2022-10-07 13:00:00+00:00,116.36,116.87,115.4,115.87,10066.0
2022-10-07 17:00:00+00:00,115.86,117.01,115.74,116.86,5270.0
2022-10-09 21:00:00+00:00,117.14,117.9,116.58,117.84,4670.0
2022-10-10 01:00:00+00:00,117.84,117.98,117.12,117.54,3641.0
2022-10-10 05:00:00+00:00,117.52,117.62,114.6,115.0,7964.0
2022-10-10 09:00:00+00:00,114.98,116.04,114.9,116.04,7827.0
2022-10-10 13:00:00+00:00,116.06,116.18,113.81,114.2,10737.0
2022-10-10 17:00:00+00:00,114.19,114.74,113.0,113.52,7232.0
2022-10-10 21:00:00+00:00,113.67,113.67,109.22,110.28,8263.0
2022-10-11 01:00:00+00:00,110.27,110.78,109.66,110.76,5277.0
2022-10-11 05:00:00+00:00,110.74,111.96,110.62,111.5,5588.0
2022-10-11 09:00:00+00:00,111.49,112.27,110.63,111.46,4610.0
2022-10-11 13:00:00+00:00,111.44,112.24,110.09,111.98,7756.0
2022-10-11 17:00:00+00:00,112.03,112.12,110.57,111.08,5177.0
2022-10-11 21:00:00+00:00,110.99,111.8,110.52,111.58,4610.0
2022-10-12 01:00:00+00:00,111.58,111.94,110.9,111.84,3679.0
2022-10-12 05:00:00+00:00,111.86,112.64,111.38,111.97,5478.0
2022-10-12 09:00:00+00:00,111.96,112.39,111.16,111.72,5609.0
2022-10-12 13:00:00+00:00,111.72,112.39,111.52,111.92,5956.0
2022-10-12 17:00:00+00:00,111.94,112.21,111.3,112.12,3717.0
2022-10-12 21:00:00+00:00,112.12,112.45,111.74,111.94,2128.0
2022-10-13 01:00:00+00:00,111.92,112.88,109.6,110.91,3412.0
2022-10-13 05:00:00+00:00,110.9,110.9,106.0,107.45,6499.0
2022-10-13 09:00:00+00:00,107.43,107.82,102.19,104.36,10141.0
2022-10-13 13:00:00+00:00,104.36,107.98,103.42,107.76,15707.0
2022-10-13 17:00:00+00:00,107.76,110.29,107.74,109.5,9088.0
2022-10-13 21:00:00+00:00,109.51,109.9,108.48,109.1,3472.0
2022-10-14 01:00:00+00:00,109.1,111.88,109.1,111.34,6328.0
2022-10-14 05:00:00+00:00,111.35,111.4,109.84,109.98,4107.0
2022-10-14 09:00:00+00:00,109.98,111.09,109.68,111.03,6807.0
2022-10-14 13:00:00+00:00,111.02,111.1,107.67,108.14,10262.0
2022-10-14 17:00:00+00:00,108.13,108.4,107.42,107.74,5591.0
2022-10-16 21:00:00+00:00,110.36,110.69,109.08,109.83,4610.0
2022-10-17 01:00:00+00:00,109.86,110.06,109.24,109.83,2665.0
2022-10-17 05:00:00+00:00,109.84,110.24,109.42,109.62,4448.0
2022-10-17 09:00:00+00:00,109.62,111.02,109.54,110.72,5770.0
2022-10-17 13:00:00+00:00,110.73,111.6,110.17,110.32,7686.0
2022-10-17 17:00:00+00:00,110.34,110.75,109.5,110.06,4357.0
2022-10-17 21:00:00+00:00,109.96,112.47,109.81,111.25,3781.0
2022-10-18 01:00:00+00:00,111.24,114.76,111.2,114.54,515.0
2022-10-18 05:00:00+00:00,114.49,115.42,113.83,113.83,674.0
2022-10-18 09:00:00+00:00,113.78,114.11,112.9,114.02,482.0
2022-10-18 13:00:00+00:00,114.06,114.07,108.17,108.59,8104.0
2022-10-18 17:00:00+00:00,108.6,109.18,107.16,108.83,5896.0
2022-10-18 21:00:00+00:00,108.76,109.11,108.25,108.25,3522.0
2022-10-19 01:00:00+00:00,108.24,108.83,107.98,108.36,2682.0
2022-10-19 05:00:00+00:00,108.36,108.6,107.54,107.99,3656.0
2022-10-19 09:00:00+00:00,107.98,108.42,107.42,107.78,1880.0
2022-10-19 13:00:00+00:00,107.74,108.52,107.06,107.84,620.0
2022-10-19 17:00:00+00:00,107.8,108.2,107.4,108.06,364.0
2022-10-19 21:00:00+00:00,108.12,108.16,104.9,105.36,510.0
2022-10-20 01:00:00+00:00,105.28,107.42,105.1,107.28,424.0
2022-10-20 05:00:00+00:00,107.34,107.88,107.0,107.38,931.0
2022-10-20 09:00:00+00:00,107.34,108.6,107.22,107.58,523.0
2022-10-20 13:00:00+00:00,107.52,109.1,107.48,107.98,637.0
2022-10-20 17:00:00+00:00,107.94,108.06,105.44,106.02,639.0
2022-10-20 21:00:00+00:00,105.8,106.58,105.2,106.26,408.0
2022-10-21 01:00:00+00:00,106.22,106.86,105.94,106.26,267.0
2022-10-21 05:00:00+00:00,106.2,106.64,103.61,104.3,540.0
2022-10-21 09:00:00+00:00,104.37,105.18,102.94,105.0,724.0
2022-10-21 13:00:00+00:00,105.1,107.08,105.04,106.24,1081.0
2022-10-21 17:00:00+00:00,106.28,107.4,106.28,106.92,414.0
2022-10-23 21:00:00+00:00,109.6,111.16,109.44,110.42,5139.0
2022-10-24 01:00:00+00:00,110.4,110.46,108.71,109.18,4837.0
2022-10-24 05:00:00+00:00,109.15,109.49,108.28,108.7,3468.0
2022-10-24 09:00:00+00:00,108.69,109.24,108.38,108.88,4250.0
2022-10-24 13:00:00+00:00,108.87,108.96,107.42,108.03,7928.0
2022-10-24 17:00:00+00:00,108.02,109.05,107.56,108.46,3128.0
2022-10-24 21:00:00+00:00,108.47,108.72,107.72,108.18,3252.0
2022-10-25 01:00:00+00:00,108.16,108.86,107.88,108.46,2560.0
2022-10-25 05:00:00+00:00,108.46,108.96,108.32,108.59,1476.0
2022-10-25 09:00:00+00:00,108.54,109.12,108.16,109.12,309.0
2022-10-25 13:00:00+00:00,109.18,112.43,109.18,112.29,1111.0
2022-10-25 17:00:00+00:00,112.23,114.36,112.01,112.39,1668.0
2022-10-25 21:00:00+00:00,112.26,113.39,111.74,112.75,655.0
2022-10-26 01:00:00+00:00,112.8,114.26,112.12,113.74,520.0
2022-10-26 05:00:00+00:00,113.78,116.0,113.42,115.72,748.0
2022-10-26 09:00:00+00:00,115.78,116.42,113.86,114.26,824.0
2022-10-26 13:00:00+00:00,114.32,116.12,113.38,115.18,1669.0
2022-10-26 17:00:00+00:00,115.14,116.14,114.56,114.74,805.0
2022-10-26 21:00:00+00:00,114.74,115.68,114.38,114.94,541.0
2022-10-27 01:00:00+00:00,114.98,115.96,114.12,115.88,608.0
2022-10-27 05:00:00+00:00,115.82,116.96,114.8,115.14,578.0
2022-10-27 09:00:00+00:00,115.06,115.7,113.78,115.62,784.0
2022-10-27 13:00:00+00:00,115.58,115.62,113.22,114.08,1036.0
2022-10-27 17:00:00+00:00,114.01,115.18,112.01,113.14,781.0
2022-10-27 21:00:00+00:00,112.92,113.42,111.7,113.13,782.0
2022-10-28 01:00:00+00:00,113.17,113.52,111.78,112.84,532.0
2022-10-28 05:00:00+00:00,112.8,113.24,111.06,112.16,660.0
2022-10-28 09:00:00+00:00,112.2,112.91,111.78,112.39,579.0
2022-10-28 13:00:00+00:00,112.43,115.79,112.37,115.54,1305.0
2022-10-28 17:00:00+00:00,115.5,116.52,114.68,116.52,426.0
2022-10-30 21:00:00+00:00,116.86,117.25,114.44,115.59,11707.0
2022-10-31 01:00:00+00:00,115.58,117.04,114.42,116.54,5802.0
2022-10-31 05:00:00+00:00,116.55,116.94,114.42,114.8,7312.0
2022-10-31 09:00:00+00:00,114.76,117.76,114.54,116.62,795.0
2022-10-31 13:00:00+00:00,116.58,117.2,113.46,114.24,1274.0
2022-10-31 17:00:00+00:00,114.14,115.02,113.9,114.42,533.0
2022-10-31 21:00:00+00:00,114.38,115.78,114.06,115.18,421.0
2022-11-01 01:00:00+00:00,115.28,115.88,114.56,114.94,295.0
2022-11-01 05:00:00+00:00,114.9,115.76,114.76,115.24,324.0
2022-11-01 09:00:00+00:00,115.3,116.42,114.94,115.64,533.0
2022-11-01 13:00:00+00:00,115.58,115.58,113.78,114.94,720.0
2022-11-01 17:00:00+00:00,114.9,115.9,114.68,115.0,352.0
2022-11-01 21:00:00+00:00,114.9,115.32,114.04,114.86,304.0
2022-11-02 01:00:00+00:00,114.9,115.4,113.96,114.94,328.0
2022-11-02 05:00:00+00:00,114.98,119.1,112.84,118.48,707.0
2022-11-02 09:00:00+00:00,118.54,121.9,113.86,115.23,1382.0
2022-11-02 13:00:00+00:00,115.18,118.17,115.03,117.6,963.0
2022-11-02 17:00:00+00:00,117.45,118.36,111.82,112.71,2387.0
2022-11-02 21:00:00+00:00,112.92,116.21,112.15,115.82,671.0
2022-11-03 01:00:00+00:00,115.92,118.18,115.24,117.26,780.0
2022-11-03 05:00:00+00:00,117.21,119.9,116.76,117.43,721.0
2022-11-03 09:00:00+00:00,117.39,118.54,114.16,114.85,783.0
2022-11-03 13:00:00+00:00,114.8,116.73,114.61,116.66,970.0
2022-11-03 17:00:00+00:00,116.71,116.87,115.67,115.8,462.0
2022-11-03 21:00:00+00:00,116.02,116.52,114.9,116.3,605.0
2022-11-04 01:00:00+00:00,116.41,119.63,116.41,119.39,842.0
2022-11-04 05:00:00+00:00,119.43,123.17,119.42,121.19,1132.0
2022-11-04 09:00:00+00:00,121.32,122.42,119.63,122.17,961.0
2022-11-04 13:00:00+00:00,122.13,124.68,120.79,121.97,2239.0
2022-11-04 17:00:00+00:00,121.9,123.93,121.14,123.27,1128.0
2022-11-06 22:00:00+00:00,119.82,120.0,116.18,118.14,10228.0
2022-11-07 02:00:00+00:00,118.12,118.93,117.92,118.74,7082.0
2022-11-07 06:00:00+00:00,118.74,118.98,115.2,117.3,10484.0
2022-11-07 10:00:00+00:00,117.36,118.58,117.36,117.54,554.0
2022-11-07 14:00:00+00:00,117.58,118.84,116.9,117.78,961.0
2022-11-07 18:00:00+00:00,117.83,119.36,117.36,117.75,698.0
2022-11-07 22:00:00+00:00,117.55,118.76,115.44,118.52,1102.0
2022-11-08 02:00:00+00:00,118.48,118.68,108.56,110.83,3073.0
2022-11-08 06:00:00+00:00,110.79,113.1,110.29,112.62,1571.0
2022-11-08 10:00:00+00:00,112.56,113.38,111.78,112.12,1358.0
2022-11-08 14:00:00+00:00,112.16,117.69,110.56,111.01,2662.0
2022-11-08 18:00:00+00:00,111.11,112.02,100.42,102.94,36704.0
2022-11-08 22:00:00+00:00,102.37,104.5,101.6,101.97,40742.0
2022-11-09 02:00:00+00:00,101.97,103.15,100.04,102.06,50205.0
2022-11-09 06:00:00+00:00,102.06,102.98,97.13,98.04,38662.0
2022-11-09 10:00:00+00:00,98.04,100.04,95.34,98.18,57673.0
2022-11-09 14:00:00+00:00,98.2,99.36,95.02,96.96,62892.0
2022-11-09 18:00:00+00:00,96.96,99.56,88.32,88.76,47575.0
2022-11-09 22:00:00+00:00,89.88,93.59,87.13,91.64,49153.0
2022-11-10 02:00:00+00:00,91.64,97.96,90.66,97.76,47370.0
2022-11-10 06:00:00+00:00,97.74,98.04,95.44,96.76,37124.0
2022-11-10 10:00:00+00:00,96.74,106.02,94.18,106.02,43197.0
2022-11-10 14:00:00+00:00,106.0,106.03,100.21,101.06,43166.0
2022-11-10 18:00:00+00:00,101.08,104.2,100.99,103.7,42030.0
2022-11-10 22:00:00+00:00,103.7,103.87,101.35,101.49,24651.0
2022-11-11 02:00:00+00:00,101.42,102.68,99.5,102.52,30208.0
2022-11-11 06:00:00+00:00,102.51,104.47,101.7,104.08,16109.0
2022-11-11 10:00:00+00:00,104.07,106.18,103.74,104.25,19713.0
2022-11-11 14:00:00+00:00,104.26,104.29,98.69,101.72,40430.0
2022-11-11 18:00:00+00:00,101.72,102.32,100.21,101.84,27344.0
2022-11-13 22:00:00+00:00,99.24,99.96,96.53,97.74,26011.0
2022-11-14 02:00:00+00:00,97.74,99.08,96.42,98.41,25730.0
2022-11-14 06:00:00+00:00,98.4,103.84,98.04,103.02,30856.0
2022-11-14 10:00:00+00:00,103.04,104.41,101.18,102.42,25371.0
2022-11-14 14:00:00+00:00,102.42,103.18,100.22,101.58,29094.0
2022-11-14 18:00:00+00:00,101.57,102.9,100.8,102.56,23862.0
2022-11-14 22:00:00+00:00,102.59,104.24,101.96,103.95,30415.0
2022-11-15 02:00:00+00:00,103.96,104.66,103.46,103.7,25852.0
2022-11-15 06:00:00+00:00,103.68,105.96,103.66,104.6,21631.0
2022-11-15 10:00:00+00:00,104.6,105.46,103.88,104.82,20594.0
2022-11-15 14:00:00+00:00,104.81,105.13,103.53,105.0,28076.0
2022-11-15 18:00:00+00:00,105.0,105.12,102.64,103.59,34728.0
2022-11-15 22:00:00+00:00,103.52,104.34,103.36,104.34,23234.0
2022-11-16 02:00:00+00:00,104.32,105.42,104.11,104.64,18558.0
2022-11-16 06:00:00+00:00,104.62,104.78,102.62,104.29,22903.0
2022-11-16 10:00:00+00:00,104.29,109.64,104.05,106.35,41514.0
2022-11-16 14:00:00+00:00,106.31,106.9,104.42,105.08,24822.0
2022-11-16 18:00:00+00:00,105.06,105.2,103.42,103.51,9954.0
2022-11-16 22:00:00+00:00,103.18,105.01,102.76,104.78,17308.0
2022-11-17 02:00:00+00:00,104.77,104.92,101.14,102.9,15178.0
2022-11-17 06:00:00+00:00,102.88,103.4,101.74,101.9,19193.0
2022-11-17 10:00:00+00:00,101.92,102.62,101.14,101.6,12602.0
2022-11-17 14:00:00+00:00,101.6,103.28,101.34,103.0,29760.0
2022-11-17 18:00:00+00:00,103.01,104.24,102.54,103.8,18847.0
2022-11-17 22:00:00+00:00,103.7,105.0,103.18,104.47,18168.0
2022-11-18 02:00:00+00:00,104.48,105.45,104.16,104.3,12336.0
2022-11-18 06:00:00+00:00,104.32,104.66,103.52,104.2,10593.0
2022-11-18 10:00:00+00:00,104.18,105.0,104.02,104.44,7935.0
2022-11-18 14:00:00+00:00,104.44,105.0,103.48,104.1,21211.0
2022-11-18 18:00:00+00:00,104.1,104.38,103.59,104.08,16660.0
2022-11-20 22:00:00+00:00,104.76,107.08,103.32,104.1,34644.0
2022-11-21 02:00:00+00:00,104.09,104.32,100.77,103.74,24982.0
2022-11-21 06:00:00+00:00,103.73,103.84,101.84,102.42,13089.0
2022-11-21 10:00:00+00:00,102.4,103.06,101.78,102.51,12767.0
2022-11-21 14:00:00+00:00,102.5,103.58,101.48,102.98,28742.0
2022-11-21 18:00:00+00:00,102.98,103.18,100.52,102.02,50372.0
2022-11-21 22:00:00+00:00,101.85,104.14,101.68,103.49,27485.0
2022-11-22 02:00:00+00:00,103.51,105.28,103.4,104.66,18434.0
2022-11-22 06:00:00+00:00,104.68,105.63,103.23,104.57,24912.0
2022-11-22 10:00:00+00:00,104.6,109.12,104.24,108.75,19723.0
2022-11-22 14:00:00+00:00,108.76,109.1,107.07,107.21,27046.0
2022-11-22 18:00:00+00:00,107.2,108.22,106.97,107.56,7444.0
2022-11-22 22:00:00+00:00,107.52,109.86,107.49,108.44,18961.0
2022-11-23 02:00:00+00:00,108.42,118.86,108.37,118.4,46613.0
2022-11-23 06:00:00+00:00,118.42,119.34,113.65,114.01,22706.0
2022-11-23 10:00:00+00:00,113.99,114.9,113.35,113.68,25474.0
2022-11-23 14:00:00+00:00,113.7,116.14,113.54,114.7,35159.0
2022-11-23 18:00:00+00:00,114.72,116.24,114.18,114.53,30989.0
2022-11-23 22:00:00+00:00,114.47,114.99,113.08,114.5,21593.0
2022-11-24 02:00:00+00:00,114.51,115.89,113.7,113.77,20887.0
2022-11-24 06:00:00+00:00,113.79,115.78,113.52,115.52,18912.0
2022-11-24 10:00:00+00:00,115.52,118.72,114.76,115.94,22796.0
2022-11-24 14:00:00+00:00,115.94,117.4,114.92,117.0,23555.0
2022-11-24 18:00:00+00:00,117.03,118.0,116.22,116.24,14631.0
2022-11-24 22:00:00+00:00,116.24,116.54,114.92,114.97,18633.0
2022-11-25 02:00:00+00:00,114.98,115.28,113.46,114.76,21382.0
2022-11-25 06:00:00+00:00,114.77,115.92,114.58,114.98,17446.0
2022-11-25 10:00:00+00:00,114.98,116.22,114.2,114.6,25197.0
2022-11-25 14:00:00+00:00,114.62,115.75,113.66,114.04,23152.0
2022-11-25 18:00:00+00:00,114.02,114.53,113.22,113.4,27556.0
2022-11-27 22:00:00+00:00,112.93,113.3,106.53,106.88,26223.0
2022-11-28 02:00:00+00:00,106.86,108.78,106.04,107.9,17637.0
2022-11-28 06:00:00+00:00,107.9,108.68,107.76,108.0,12896.0
2022-11-28 10:00:00+00:00,107.98,110.36,107.59,110.34,19653.0
2022-11-28 14:00:00+00:00,110.38,110.56,107.64,109.88,29492.0
2022-11-28 18:00:00+00:00,109.88,110.3,109.55,109.86,21430.0
2022-11-28 22:00:00+00:00,109.9,111.62,109.14,111.12,23555.0
2022-11-29 02:00:00+00:00,111.13,112.8,110.98,112.35,23975.0
2022-11-29 06:00:00+00:00,112.34,112.44,111.32,111.66,11990.0
2022-11-29 10:00:00+00:00,111.67,112.06,110.34,110.64,16219.0
2022-11-29 14:00:00+00:00,110.66,112.95,110.28,111.27,31906.0
2022-11-29 18:00:00+00:00,111.25,111.75,110.83,111.5,14257.0
2022-11-29 22:00:00+00:00,111.42,114.23,110.7,113.64,30545.0
2022-11-30 02:00:00+00:00,113.64,114.52,111.59,112.42,13293.0
2022-11-30 06:00:00+00:00,112.41,112.82,111.84,112.2,7102.0
2022-11-30 10:00:00+00:00,112.2,112.92,111.84,112.26,9621.0
2022-11-30 14:00:00+00:00,112.28,112.96,110.36,110.88,16536.0
2022-11-30 18:00:00+00:00,110.88,113.48,110.42,113.22,21504.0
2022-11-30 22:00:00+00:00,113.28,113.79,112.45,112.7,29639.0
2022-12-01 02:00:00+00:00,112.71,112.99,111.92,112.27,18821.0
2022-12-01 06:00:00+00:00,112.28,112.39,111.35,111.7,11080.0
2022-12-01 10:00:00+00:00,111.7,112.18,109.83,110.84,12458.0
2022-12-01 14:00:00+00:00,110.82,111.31,109.78,111.0,14645.0
2022-12-01 18:00:00+00:00,111.01,111.2,110.24,110.54,8503.0
2022-12-01 22:00:00+00:00,110.54,110.94,108.66,109.22,6622.0
2022-12-02 02:00:00+00:00,109.22,109.78,108.32,109.76,7495.0
2022-12-02 06:00:00+00:00,109.76,110.35,109.63,110.2,4301.0
2022-12-02 10:00:00+00:00,110.19,110.74,108.82,109.68,8917.0
2022-12-02 14:00:00+00:00,109.68,111.0,109.38,110.37,10791.0
2022-12-02 18:00:00+00:00,110.39,111.78,110.3,111.6,8166.0
2022-12-04 22:00:00+00:00,110.98,112.48,110.88,111.92,7832.0
2022-12-05 02:00:00+00:00,112.0,114.68,111.56,114.24,10028.0
2022-12-05 06:00:00+00:00,114.27,116.97,113.89,115.21,10663.0
2022-12-05 10:00:00+00:00,115.2,115.75,114.62,115.56,5370.0
2022-12-05 14:00:00+00:00,115.56,116.76,112.85,112.98,10908.0
2022-12-05 18:00:00+00:00,112.98,113.32,109.83,110.38,8374.0
2022-12-05 22:00:00+00:00,110.38,111.35,109.98,111.26,8808.0
2022-12-06 02:00:00+00:00,111.24,111.73,110.5,111.46,9283.0
2022-12-06 06:00:00+00:00,111.46,111.92,111.08,111.1,7106.0
2022-12-06 10:00:00+00:00,111.1,111.56,110.56,111.16,7052.0
2022-12-06 14:00:00+00:00,111.16,111.49,110.4,110.86,8584.0
2022-12-06 18:00:00+00:00,110.86,111.23,110.26,111.16,5238.0
2022-12-06 22:00:00+00:00,111.14,112.67,111.12,112.14,6831.0
2022-12-07 02:00:00+00:00,112.14,112.27,111.66,112.11,5457.0
2022-12-07 06:00:00+00:00,112.14,112.36,107.65,108.66,12258.0
2022-12-07 10:00:00+00:00,108.64,109.46,108.3,109.32,8654.0
2022-12-07 14:00:00+00:00,109.32,109.7,108.83,109.42,7554.0
2022-12-07 18:00:00+00:00,109.42,109.64,108.6,109.04,6246.0
2022-12-07 22:00:00+00:00,108.84,109.46,108.56,108.78,6452.0
2022-12-08 02:00:00+00:00,108.78,109.41,108.48,108.76,3580.0
2022-12-08 06:00:00+00:00,108.76,109.59,108.52,109.46,5472.0
2022-12-08 10:00:00+00:00,109.46,109.88,108.78,109.6,6239.0
2022-12-08 14:00:00+00:00,109.6,112.15,109.43,110.54,6647.0
2022-12-08 18:00:00+00:00,110.52,112.29,110.46,111.88,6257.0
2022-12-08 22:00:00+00:00,111.96,112.34,111.38,112.08,6230.0
2022-12-09 02:00:00+00:00,112.09,112.19,111.43,111.66,3746.0
2022-12-09 06:00:00+00:00,111.66,112.1,111.6,111.92,3129.0
2022-12-09 10:00:00+00:00,111.94,112.1,110.1,110.92,5506.0
2022-12-09 14:00:00+00:00,110.92,111.17,110.54,110.68,5477.0
2022-12-09 18:00:00+00:00,110.7,110.7,109.08,109.19,5428.0
2022-12-11 22:00:00+00:00,106.82,107.24,105.88,106.58,10221.0
2022-12-12 02:00:00+00:00,106.6,106.62,102.26,104.3,11666.0
2022-12-12 06:00:00+00:00,104.31,105.08,103.68,105.0,5341.0
2022-12-12 10:00:00+00:00,104.99,106.14,104.96,105.36,6348.0
2022-12-12 14:00:00+00:00,105.38,105.78,105.24,105.3,7217.0
2022-12-12 18:00:00+00:00,105.3,106.64,105.28,106.54,4365.0
2022-12-12 22:00:00+00:00,106.56,106.58,105.53,105.54,3699.0
2022-12-13 02:00:00+00:00,105.56,106.04,104.81,105.24,3856.0
2022-12-13 06:00:00+00:00,105.23,107.92,103.78,107.62,8197.0
2022-12-13 10:00:00+00:00,107.59,111.4,107.58,110.9,15127.0
2022-12-13 14:00:00+00:00,110.89,111.17,107.9,108.16,11336.0
2022-12-13 18:00:00+00:00,108.14,109.64,108.1,109.62,6189.0
2022-12-13 22:00:00+00:00,109.75,110.9,109.33,110.05,5418.0
2022-12-14 02:00:00+00:00,110.04,110.36,109.24,109.38,2502.0
2022-12-14 06:00:00+00:00,109.37,109.64,109.11,109.34,3909.0
2022-12-14 10:00:00+00:00,109.35,109.86,109.04,109.58,5171.0
2022-12-14 14:00:00+00:00,109.58,109.9,109.07,109.5,5144.0
2022-12-14 18:00:00+00:00,109.5,111.2,107.52,108.41,14872.0
2022-12-14 22:00:00+00:00,108.4,109.62,108.13,108.44,4197.0
2022-12-15 02:00:00+00:00,108.43,109.66,107.84,109.57,3582.0
2022-12-15 06:00:00+00:00,109.54,109.77,108.57,108.93,2377.0
2022-12-15 10:00:00+00:00,108.92,109.23,108.0,108.62,4409.0
2022-12-15 14:00:00+00:00,108.62,108.86,108.05,108.22,3989.0
2022-12-15 18:00:00+00:00,108.22,108.79,107.1,107.3,4108.0
2022-12-15 22:00:00+00:00,106.7,108.09,106.7,107.41,4213.0
2022-12-16 02:00:00+00:00,107.4,108.03,107.31,107.64,1006.0
2022-12-16 06:00:00+00:00,107.6,108.0,102.82,103.42,1175.0
2022-12-16 10:00:00+00:00,103.36,104.95,102.9,103.16,4275.0
2022-12-16 14:00:00+00:00,103.16,104.73,102.46,103.14,9836.0
2022-12-16 18:00:00+00:00,103.11,104.52,103.11,104.36,3338.0
2022-12-18 22:00:00+00:00,104.32,104.32,101.84,103.05,3144.0
2022-12-19 02:00:00+00:00,102.64,103.05,100.05,100.67,4630.0
2022-12-19 06:00:00+00:00,100.65,101.87,100.64,101.69,2293.0
2022-12-19 10:00:00+00:00,101.7,101.86,101.42,101.62,1524.0
2022-12-19 14:00:00+00:00,101.61,101.68,99.5,100.22,5491.0
2022-12-19 18:00:00+00:00,100.22,100.35,98.89,100.04,3124.0
2022-12-19 22:00:00+00:00,99.97,100.46,97.83,100.0,6307.0
2022-12-20 02:00:00+00:00,100.0,100.82,99.56,100.53,5174.0
2022-12-20 06:00:00+00:00,100.54,101.04,100.36,100.82,2915.0
2022-12-20 10:00:00+00:00,100.8,100.88,100.18,100.3,2448.0
2022-12-20 14:00:00+00:00,100.3,101.61,99.74,100.78,2290.0
2022-12-20 18:00:00+00:00,100.73,104.29,100.22,103.97,2957.0
2022-12-20 22:00:00+00:00,106.44,106.44,101.54,102.1,1198.0
2022-12-21 02:00:00+00:00,102.02,102.28,100.22,100.62,976.0
2022-12-21 06:00:00+00:00,100.58,101.42,100.39,101.17,892.0
2022-12-21 10:00:00+00:00,101.22,101.28,100.43,100.95,1298.0
2022-12-21 14:00:00+00:00,100.94,101.28,100.23,100.72,2168.0
2022-12-21 18:00:00+00:00,100.68,100.78,99.79,100.1,1134.0
2022-12-21 22:00:00+00:00,100.11,100.84,100.0,100.48,1388.0
2022-12-22 02:00:00+00:00,100.48,100.8,100.46,100.68,1012.0
2022-12-22 06:00:00+00:00,100.68,101.22,100.52,101.08,1137.0
2022-12-22 10:00:00+00:00,101.14,101.31,100.6,100.74,786.0
2022-12-22 14:00:00+00:00,100.7,100.76,99.36,99.58,1042.0
2022-12-22 18:00:00+00:00,99.5,101.12,98.98,101.06,915.0
2022-12-22 22:00:00+00:00,101.06,101.88,100.97,101.36,241.0
2022-12-23 02:00:00+00:00,101.4,102.1,101.39,101.6,258.0
2022-12-23 06:00:00+00:00,101.56,102.3,101.53,101.86,275.0
2022-12-23 10:00:00+00:00,101.85,102.92,101.44,102.16,945.0
2022-12-23 14:00:00+00:00,102.12,102.26,101.2,102.2,642.0
2022-12-23 18:00:00+00:00,102.18,102.32,101.81,101.94,292.0
2022-12-26 22:00:00+00:00,102.84,103.72,102.7,102.74,880.0
2022-12-27 02:00:00+00:00,102.79,102.94,102.34,102.42,564.0
2022-12-27 06:00:00+00:00,102.46,102.96,102.24,102.91,798.0
2022-12-27 10:00:00+00:00,102.92,103.06,102.56,102.61,769.0
2022-12-27 14:00:00+00:00,102.6,103.23,100.89,101.38,1562.0
2022-12-27 18:00:00+00:00,101.36,101.64,101.16,101.37,1256.0
2022-12-27 22:00:00+00:00,101.46,102.56,101.38,102.36,908.0
2022-12-28 02:00:00+00:00,102.3,102.51,99.41,99.69,1123.0
2022-12-28 06:00:00+00:00,99.64,100.41,99.59,99.87,1087.0
2022-12-28 10:00:00+00:00,99.83,100.12,99.76,99.92,617.0
2022-12-28 14:00:00+00:00,99.92,101.28,99.74,100.34,1367.0
2022-12-28 18:00:00+00:00,100.33,100.64,99.14,99.53,1435.0
2022-12-28 22:00:00+00:00,99.48,99.56,98.73,99.22,743.0
2022-12-29 02:00:00+00:00,99.25,99.58,98.12,99.52,917.0
2022-12-29 06:00:00+00:00,99.48,100.04,99.38,99.94,716.0
2022-12-29 10:00:00+00:00,99.93,100.2,99.64,99.81,1076.0
2022-12-29 14:00:00+00:00,99.81,100.15,99.48,99.6,1234.0
2022-12-29 18:00:00+00:00,99.6,99.6,97.28,97.6,1195.0
2022-12-29 22:00:00+00:00,97.54,98.63,97.38,97.4,1394.0
2022-12-30 02:00:00+00:00,97.36,97.68,96.64,96.78,1141.0
2022-12-30 06:00:00+00:00,96.74,97.04,95.22,96.16,1722.0
2022-12-30 10:00:00+00:00,96.14,96.5,95.62,96.2,1199.0
2022-12-30 14:00:00+00:00,96.14,96.68,95.72,96.58,1102.0
2022-12-30 18:00:00+00:00,96.54,96.92,96.38,96.58,739.0
2023-01-01 22:00:00+00:00,96.86,97.0,95.52,95.64,760.0
2023-01-02 02:00:00+00:00,95.58,96.66,95.58,96.59,715.0
2023-01-02 06:00:00+00:00,96.59,98.95,96.27,98.65,1570.0
2023-01-02 10:00:00+00:00,98.68,99.34,98.6,98.9,1484.0
2023-01-02 14:00:00+00:00,98.96,100.24,98.93,99.92,776.0
2023-01-02 18:00:00+00:00,99.91,99.94,99.5,99.7,985.0
2023-01-02 22:00:00+00:00,99.64,99.78,98.7,98.96,1187.0
2023-01-03 02:00:00+00:00,98.92,99.36,98.74,99.36,970.0
2023-01-03 06:00:00+00:00,99.44,100.28,99.38,100.15,886.0
2023-01-03 10:00:00+00:00,100.11,100.26,99.35,99.44,789.0
2023-01-03 14:00:00+00:00,99.46,100.12,98.86,99.22,1060.0
2023-01-03 18:00:00+00:00,99.23,99.39,98.88,99.32,681.0
2023-01-03 22:00:00+00:00,99.38,100.88,99.3,100.31,713.0
2023-01-04 02:00:00+00:00,100.27,102.47,100.14,101.69,1670.0
2023-01-04 06:00:00+00:00,101.71,101.97,101.04,101.63,1299.0
2023-01-04 10:00:00+00:00,101.67,101.84,101.24,101.52,896.0
2023-01-04 14:00:00+00:00,101.6,102.08,100.46,101.35,1034.0
2023-01-04 18:00:00+00:00,101.36,102.06,100.48,101.12,1353.0
2023-01-04 22:00:00+00:00,101.17,103.5,100.92,102.46,1182.0
2023-01-05 02:00:00+00:00,102.47,103.38,102.46,103.27,918.0
2023-01-05 06:00:00+00:00,103.26,103.26,101.81,101.91,778.0
2023-01-05 10:00:00+00:00,101.92,102.5,101.04,101.04,959.0
2023-01-05 14:00:00+00:00,101.0,101.96,100.88,101.2,952.0
2023-01-05 18:00:00+00:00,101.16,101.9,101.16,101.42,988.0
2023-01-05 22:00:00+00:00,101.42,101.56,100.64,101.18,1271.0
2023-01-06 02:00:00+00:00,101.24,101.24,100.22,100.26,1323.0
2023-01-06 06:00:00+00:00,100.31,100.34,99.32,99.46,548.0
2023-01-06 10:00:00+00:00,99.46,99.6,98.08,99.22,1279.0
2023-01-06 14:00:00+00:00,99.22,100.16,98.82,100.16,880.0
2023-01-06 18:00:00+00:00,100.18,101.97,100.17,101.06,1555.0
2023-01-08 22:00:00+00:00,102.33,105.8,102.22,105.52,1637.0
2023-01-09 02:00:00+00:00,105.5,106.76,105.06,106.06,973.0
2023-01-09 06:00:00+00:00,106.12,106.89,105.67,106.72,1317.0
2023-01-09 10:00:00+00:00,106.72,107.3,105.26,106.18,1130.0
2023-01-09 14:00:00+00:00,106.24,107.8,106.2,107.26,1826.0
2023-01-09 18:00:00+00:00,107.2,107.6,105.44,106.22,1780.0
2023-01-09 22:00:00+00:00,106.36,107.62,106.14,106.89,1554.0
2023-01-10 02:00:00+00:00,106.92,109.07,105.47,107.94,1859.0
2023-01-10 06:00:00+00:00,107.92,108.31,107.49,107.92,1425.0
2023-01-10 10:00:00+00:00,107.98,108.55,106.79,107.24,1816.0
2023-01-10 14:00:00+00:00,107.25,108.06,106.88,107.44,1391.0
2023-01-10 18:00:00+00:00,107.38,107.96,107.14,107.14,982.0
2023-01-10 22:00:00+00:00,107.06,108.36,106.75,107.92,958.0
2023-01-11 02:00:00+00:00,107.98,108.0,106.1,107.18,742.0
2023-01-11 06:00:00+00:00,107.12,108.1,106.78,107.54,578.0
2023-01-11 10:00:00+00:00,107.53,108.1,106.7,107.24,619.0
2023-01-11 14:00:00+00:00,107.16,107.54,105.48,106.22,1154.0
2023-01-11 18:00:00+00:00,106.19,108.38,106.16,107.6,1202.0
2023-01-11 22:00:00+00:00,107.54,111.42,107.26,110.48,3141.0
2023-01-12 02:00:00+00:00,110.48,111.04,109.4,109.42,932.0
2023-01-12 06:00:00+00:00,109.46,109.92,109.0,109.24,1115.0
2023-01-12 10:00:00+00:00,109.23,113.44,107.7,112.98,1926.0
2023-01-12 14:00:00+00:00,112.95,125.35,109.7,124.01,8507.0
2023-01-12 18:00:00+00:00,124.02,124.42,120.38,120.65,9558.0
2023-01-12 22:00:00+00:00,120.44,122.04,118.52,120.01,3067.0
2023-01-13 02:00:00+00:00,120.04,121.42,119.28,119.85,1244.0
2023-01-13 06:00:00+00:00,119.82,120.64,119.66,120.2,1251.0
2023-01-13 10:00:00+00:00,120.16,120.22,117.86,118.12,8750.0
2023-01-13 14:00:00+00:00,118.22,128.02,117.92,122.88,15938.0
2023-01-13 18:00:00+00:00,123.08,125.62,121.92,125.16,10168.0
2023-01-15 22:00:00+00:00,125.26,126.76,123.59,126.54,10926.0
2023-01-16 02:00:00+00:00,126.55,127.1,124.64,126.37,11514.0
2023-01-16 06:00:00+00:00,126.42,126.72,120.16,122.84,14275.0
2023-01-16 10:00:00+00:00,122.84,124.44,122.48,123.25,12641.0
2023-01-16 14:00:00+00:00,123.22,123.44,119.82,122.68,15288.0
2023-01-16 18:00:00+00:00,122.74,124.62,122.22,123.82,12676.0
2023-01-16 22:00:00+00:00,123.99,124.97,121.86,123.22,8768.0
2023-01-17 02:00:00+00:00,123.22,124.58,122.76,124.3,4289.0
2023-01-17 06:00:00+00:00,124.3,125.42,124.26,124.57,5911.0
2023-01-17 10:00:00+00:00,124.54,125.22,123.77,124.12,4922.0
2023-01-17 14:00:00+00:00,124.1,125.66,121.86,123.0,12923.0
2023-01-17 18:00:00+00:00,122.9,124.28,122.52,124.18,4772.0
2023-01-17 22:00:00+00:00,124.16,124.86,122.46,124.54,5630.0
2023-01-18 02:00:00+00:00,124.55,125.6,123.99,125.32,5953.0
2023-01-18 06:00:00+00:00,125.31,127.44,123.09,124.02,6925.0
2023-01-18 10:00:00+00:00,124.02,126.26,123.34,126.0,5989.0
2023-01-18 14:00:00+00:00,125.91,126.74,115.61,120.0,19225.0
2023-01-18 18:00:00+00:00,120.06,121.56,119.1,120.82,9598.0
2023-01-18 22:00:00+00:00,120.46,120.76,118.5,119.45,8219.0
2023-01-19 02:00:00+00:00,119.47,121.26,119.14,121.02,4060.0
2023-01-19 06:00:00+00:00,121.05,122.44,120.48,122.16,1722.0
2023-01-19 10:00:00+00:00,122.15,122.26,120.1,120.88,2584.0
2023-01-19 14:00:00+00:00,120.82,121.72,120.3,121.06,4444.0
2023-01-19 18:00:00+00:00,121.03,122.46,120.73,121.34,3510.0
2023-01-19 22:00:00+00:00,121.42,122.2,120.65,121.98,4849.0
2023-01-20 02:00:00+00:00,121.99,122.21,120.73,120.84,3722.0
2023-01-20 06:00:00+00:00,120.84,121.27,120.4,121.06,2206.0
2023-01-20 10:00:00+00:00,121.03,121.35,120.12,120.88,2221.0
2023-01-20 14:00:00+00:00,120.9,123.4,120.7,122.96,4439.0
2023-01-20 18:00:00+00:00,122.96,126.02,122.34,126.02,7613.0
2023-01-22 22:00:00+00:00,128.28,130.98,127.73,130.0,8091.0
2023-01-23 02:00:00+00:00,130.05,134.23,129.64,131.88,5871.0
2023-01-23 06:00:00+00:00,131.93,139.12,131.22,135.53,8630.0
2023-01-23 10:00:00+00:00,135.55,135.86,133.04,133.5,10303.0
2023-01-23 14:00:00+00:00,133.5,135.9,132.35,133.83,12237.0
2023-01-23 18:00:00+00:00,133.85,134.52,132.6,133.75,8859.0
2023-01-23 22:00:00+00:00,133.65,137.2,132.63,137.1,6295.0
2023-01-24 02:00:00+00:00,137.16,137.21,135.36,136.64,4398.0
2023-01-24 06:00:00+00:00,136.64,136.65,134.74,135.43,4067.0
2023-01-24 10:00:00+00:00,135.5,135.6,133.0,133.32,5002.0
2023-01-24 14:00:00+00:00,133.28,134.14,131.33,131.78,5548.0
2023-01-24 18:00:00+00:00,132.42,133.24,129.02,130.1,5733.0
2023-01-24 22:00:00+00:00,130.21,130.22,125.37,126.86,11330.0
2023-01-25 02:00:00+00:00,126.75,128.93,126.7,128.74,2847.0
2023-01-25 06:00:00+00:00,128.75,129.96,128.4,128.94,2887.0
2023-01-25 10:00:00+00:00,128.98,130.34,128.04,129.5,4457.0
2023-01-25 14:00:00+00:00,129.54,130.55,127.34,129.08,6045.0
2023-01-25 18:00:00+00:00,129.08,133.18,128.6,133.04,7946.0
2023-01-25 22:00:00+00:00,134.04,134.58,130.14,132.6,7393.0
2023-01-26 02:00:00+00:00,132.58,134.34,131.28,133.66,4062.0
2023-01-26 06:00:00+00:00,133.62,133.66,129.48,131.32,5208.0
2023-01-26 10:00:00+00:00,131.28,132.8,130.19,132.75,5369.0
2023-01-26 14:00:00+00:00,132.76,134.6,130.75,132.58,8731.0
2023-01-26 18:00:00+00:00,132.62,134.34,132.12,134.26,4961.0
2023-01-26 22:00:00+00:00,134.22,135.83,131.77,132.35,7142.0
2023-01-27 02:00:00+00:00,132.24,134.78,132.23,134.56,3160.0
2023-01-27 06:00:00+00:00,134.54,135.66,134.35,134.85,2592.0
2023-01-27 10:00:00+00:00,134.84,135.62,134.16,134.82,3264.0
2023-01-27 14:00:00+00:00,134.86,136.6,134.16,136.22,4595.0
2023-01-27 18:00:00+00:00,136.26,136.28,134.22,134.51,4321.0
2023-01-29 22:00:00+00:00,137.19,137.42,135.38,135.74,4290.0
2023-01-30 02:00:00+00:00,135.72,136.64,134.7,136.18,3275.0
2023-01-30 06:00:00+00:00,136.04,136.42,131.33,131.78,7420.0
2023-01-30 10:00:00+00:00,131.78,132.5,130.43,131.28,5131.0
2023-01-30 14:00:00+00:00,131.26,133.01,131.14,131.38,4393.0
2023-01-30 18:00:00+00:00,131.38,131.7,127.4,128.66,5892.0
2023-01-30 22:00:00+00:00,129.05,133.25,128.62,132.95,7477.0
2023-01-31 02:00:00+00:00,132.91,134.62,132.6,132.68,5458.0
2023-01-31 06:00:00+00:00,132.73,134.23,132.67,132.98,6096.0
2023-01-31 10:00:00+00:00,132.97,135.02,132.18,134.82,5085.0
2023-01-31 14:00:00+00:00,134.78,136.52,133.83,134.18,7061.0
2023-01-31 18:00:00+00:00,134.23,134.94,132.48,132.98,4575.0
2023-01-31 22:00:00+00:00,132.96,135.06,132.73,134.58,7233.0
2023-02-01 02:00:00+00:00,134.57,134.84,133.32,133.39,1852.0
2023-02-01 06:00:00+00:00,133.42,133.49,130.12,131.14,3425.0
2023-02-01 10:00:00+00:00,131.13,132.48,130.92,131.88,3540.0
2023-02-01 14:00:00+00:00,131.91,132.5,129.7,131.0,3548.0
2023-02-01 18:00:00+00:00,130.94,136.7,130.18,136.0,11789.0
2023-02-01 22:00:00+00:00,136.23,139.24,135.48,137.96,8553.0
2023-02-02 02:00:00+00:00,137.93,138.36,137.38,137.63,4521.0
2023-02-02 06:00:00+00:00,137.66,139.85,136.4,138.64,5444.0
2023-02-02 10:00:00+00:00,138.6,139.68,137.67,138.98,3521.0
2023-02-02 14:00:00+00:00,139.04,143.54,138.03,141.06,10058.0
2023-02-02 18:00:00+00:00,141.15,142.3,136.28,136.28,10717.0
2023-02-02 22:00:00+00:00,136.8,139.31,135.84,138.4,8469.0
2023-02-03 02:00:00+00:00,138.4,138.64,136.83,138.12,3905.0
2023-02-03 06:00:00+00:00,138.06,138.33,137.05,138.16,2322.0
2023-02-03 10:00:00+00:00,138.15,139.36,136.97,137.6,3264.0
2023-02-03 14:00:00+00:00,137.55,139.6,137.12,138.58,4715.0
2023-02-03 18:00:00+00:00,138.58,138.76,136.62,137.46,7586.0
2023-02-05 22:00:00+00:00,134.55,135.42,133.51,134.15,6218.0
2023-02-06 02:00:00+00:00,134.16,134.94,132.13,132.64,2782.0
2023-02-06 06:00:00+00:00,132.67,133.78,132.24,132.54,3951.0
2023-02-06 10:00:00+00:00,132.66,134.12,132.05,133.03,5694.0
2023-02-06 14:00:00+00:00,133.04,134.8,132.74,134.6,5614.0
2023-02-06 18:00:00+00:00,134.51,134.98,133.5,133.58,2440.0
2023-02-06 22:00:00+00:00,133.61,134.12,130.42,132.24,5644.0
2023-02-07 02:00:00+00:00,132.22,133.15,131.98,132.92,1714.0
2023-02-07 06:00:00+00:00,132.93,133.82,132.5,133.48,2988.0
2023-02-07 10:00:00+00:00,133.44,134.18,133.16,133.48,2548.0
2023-02-07 14:00:00+00:00,133.48,137.64,132.87,135.62,8482.0
2023-02-07 18:00:00+00:00,135.71,136.34,132.5,135.42,8985.0
2023-02-07 22:00:00+00:00,135.32,136.84,135.07,135.72,3492.0
2023-02-08 02:00:00+00:00,135.77,136.04,134.32,134.88,1449.0
2023-02-08 06:00:00+00:00,134.88,135.54,134.28,134.62,2328.0
2023-02-08 10:00:00+00:00,134.57,135.1,133.8,134.32,3434.0
2023-02-08 14:00:00+00:00,134.34,134.42,130.66,132.86,7726.0
2023-02-08 18:00:00+00:00,132.92,133.52,129.73,131.22,5711.0
2023-02-08 22:00:00+00:00,131.28,132.68,130.78,131.68,1635.0
2023-02-09 02:00:00+00:00,131.6,131.89,127.58,129.6,4006.0
2023-02-09 06:00:00+00:00,129.65,130.84,129.46,130.7,1838.0
2023-02-09 10:00:00+00:00,130.84,130.94,129.16,130.66,2220.0
2023-02-09 14:00:00+00:00,130.7,132.24,128.94,129.9,4809.0
2023-02-09 18:00:00+00:00,129.88,130.82,124.78,126.94,7839.0
2023-02-09 22:00:00+00:00,126.12,130.37,122.15,128.64,13699.0
2023-02-10 02:00:00+00:00,128.66,129.1,126.42,127.32,5133.0
2023-02-10 06:00:00+00:00,127.34,128.74,126.6,128.23,5057.0
2023-02-10 10:00:00+00:00,128.24,129.95,127.7,128.72,5615.0
2023-02-10 14:00:00+00:00,128.75,129.8,126.48,128.02,9107.0
2023-02-10 18:00:00+00:00,127.96,129.0,125.2,125.54,5621.0
2023-02-12 22:00:00+00:00,122.86,123.63,121.35,121.78,2469.0
2023-02-13 02:00:00+00:00,121.71,124.11,121.4,123.94,6952.0
2023-02-13 06:00:00+00:00,123.92,124.81,119.78,120.76,7071.0
2023-02-13 10:00:00+00:00,120.77,122.61,120.21,121.93,7170.0
2023-02-13 14:00:00+00:00,121.95,122.92,120.48,121.18,9530.0
2023-02-13 18:00:00+00:00,121.18,123.43,121.07,122.66,6340.0
2023-02-13 22:00:00+00:00,122.86,124.36,122.45,124.0,4450.0
2023-02-14 02:00:00+00:00,123.98,125.22,123.98,124.87,2741.0
2023-02-14 06:00:00+00:00,124.9,126.06,123.8,125.73,5820.0
2023-02-14 10:00:00+00:00,125.74,126.03,123.05,124.84,9329.0
2023-02-14 14:00:00+00:00,124.84,127.38,122.76,125.02,11357.0
2023-02-14 18:00:00+00:00,124.96,127.43,124.81,126.22,5705.0
2023-02-14 22:00:00+00:00,126.38,127.03,125.76,125.94,4789.0
2023-02-15 02:00:00+00:00,125.93,126.98,125.38,125.81,3925.0
2023-02-15 06:00:00+00:00,125.82,126.21,124.84,126.0,2635.0
2023-02-15 10:00:00+00:00,126.0,129.01,125.74,127.28,7331.0
2023-02-15 14:00:00+00:00,127.3,128.5,126.31,127.6,7243.0
2023-02-15 18:00:00+00:00,127.6,135.25,127.12,134.68,11024.0
2023-02-15 22:00:00+00:00,134.44,135.73,133.56,134.84,7556.0
2023-02-16 02:00:00+00:00,134.82,136.02,134.56,135.73,4721.0
2023-02-16 06:00:00+00:00,135.7,135.82,133.52,134.9,5027.0
2023-02-16 10:00:00+00:00,134.94,135.04,131.96,132.6,5849.0
2023-02-16 14:00:00+00:00,132.6,135.65,131.91,134.56,9644.0
2023-02-16 18:00:00+00:00,134.6,135.18,131.34,131.94,8858.0
2023-02-16 22:00:00+00:00,132.06,132.24,127.44,129.64,10375.0
2023-02-17 02:00:00+00:00,129.7,130.22,128.8,128.92,4101.0
2023-02-17 06:00:00+00:00,128.88,129.96,128.62,129.5,4153.0
2023-02-17 10:00:00+00:00,129.54,130.86,129.21,130.0,3816.0
2023-02-17 14:00:00+00:00,130.0,132.9,129.17,132.1,11325.0
2023-02-17 18:00:00+00:00,132.14,134.62,132.0,133.75,10578.0
2023-02-19 22:00:00+00:00,136.6,137.62,133.36,136.09,8322.0
2023-02-20 02:00:00+00:00,136.13,138.89,135.74,138.62,6605.0
2023-02-20 06:00:00+00:00,138.64,148.96,137.94,144.3,12293.0
2023-02-20 10:00:00+00:00,144.31,147.26,143.98,145.6,6962.0
2023-02-20 14:00:00+00:00,145.6,147.54,143.58,144.52,13361.0
2023-02-20 18:00:00+00:00,144.53,144.6,142.92,144.0,5353.0
2023-02-20 22:00:00+00:00,143.86,154.66,143.3,150.9,9256.0
2023-02-21 02:00:00+00:00,150.98,153.1,148.4,150.61,10661.0
2023-02-21 06:00:00+00:00,150.63,153.64,146.8,147.62,13770.0
2023-02-21 10:00:00+00:00,147.56,152.46,146.36,147.84,15217.0
2023-02-21 14:00:00+00:00,147.84,149.04,144.94,146.18,11870.0
2023-02-21 18:00:00+00:00,146.24,147.42,142.76,143.52,11368.0
2023-02-21 22:00:00+00:00,143.76,145.98,142.55,143.5,10482.0
2023-02-22 02:00:00+00:00,143.48,143.64,140.3,141.72,7474.0
2023-02-22 06:00:00+00:00,141.72,141.98,138.3,140.02,10300.0
2023-02-22 10:00:00+00:00,140.03,141.17,139.32,140.36,7185.0
2023-02-22 14:00:00+00:00,140.42,140.46,136.56,138.82,13758.0
2023-02-22 18:00:00+00:00,138.76,140.52,138.66,140.3,8335.0
2023-02-22 22:00:00+00:00,140.38,142.44,140.22,141.38,8016.0
2023-02-23 02:00:00+00:00,141.31,143.82,141.2,142.61,6802.0
2023-02-23 06:00:00+00:00,142.58,143.32,141.86,141.92,5554.0
2023-02-23 10:00:00+00:00,141.9,142.4,137.82,139.6,13409.0
2023-02-23 14:00:00+00:00,139.63,142.24,138.38,138.62,14887.0
2023-02-23 18:00:00+00:00,138.61,139.92,137.68,138.24,6561.0
2023-02-23 22:00:00+00:00,137.62,139.65,136.9,138.62,5878.0
2023-02-24 02:00:00+00:00,138.62,139.04,137.26,137.44,3737.0
2023-02-24 06:00:00+00:00,137.5,138.32,136.66,137.17,3485.0
2023-02-24 10:00:00+00:00,137.16,137.56,135.58,135.72,5029.0
2023-02-24 14:00:00+00:00,135.68,136.56,130.63,131.8,9601.0
2023-02-24 18:00:00+00:00,131.74,133.72,130.08,131.49,7155.0
2023-02-26 22:00:00+00:00,136.54,136.81,135.3,136.4,4692.0
2023-02-27 02:00:00+00:00,136.5,136.82,134.58,134.72,4022.0
2023-02-27 06:00:00+00:00,134.76,138.22,134.54,135.66,5506.0
2023-02-27 10:00:00+00:00,135.66,137.62,134.2,137.2,5447.0
2023-02-27 14:00:00+00:00,137.24,138.16,134.88,135.1,11840.0
2023-02-27 18:00:00+00:00,135.06,135.26,133.3,134.08,9045.0
2023-02-27 22:00:00+00:00,134.08,135.4,133.74,134.74,4706.0
2023-02-28 02:00:00+00:00,134.75,135.24,133.3,133.9,3446.0
2023-02-28 06:00:00+00:00,133.95,134.08,131.7,132.5,5283.0
2023-02-28 10:00:00+00:00,132.5,133.46,132.26,132.84,4765.0
2023-02-28 14:00:00+00:00,132.82,133.98,132.36,133.5,6995.0
2023-02-28 18:00:00+00:00,133.44,134.28,130.62,131.2,6083.0
2023-02-28 22:00:00+00:00,131.2,133.36,131.15,132.94,5640.0
2023-03-01 02:00:00+00:00,132.9,135.25,132.58,134.81,7319.0
2023-03-01 06:00:00+00:00,134.92,135.85,134.26,134.56,5897.0
2023-03-01 10:00:00+00:00,134.5,134.86,133.36,133.96,2763.0
2023-03-01 14:00:00+00:00,133.98,135.06,133.16,133.9,5912.0
2023-03-01 18:00:00+00:00,134.0,134.36,132.42,134.14,4059.0
2023-03-01 22:00:00+00:00,134.05,134.86,132.56,133.52,3621.0
2023-03-02 02:00:00+00:00,133.46,133.68,132.34,132.69,2068.0
2023-03-02 06:00:00+00:00,132.72,133.0,131.94,132.35,2982.0
2023-03-02 10:00:00+00:00,132.32,132.68,131.58,131.7,6720.0
2023-03-02 14:00:00+00:00,131.66,131.92,129.86,130.35,4624.0
2023-03-02 18:00:00+00:00,130.32,132.2,130.1,131.6,5041.0
2023-03-02 22:00:00+00:00,131.36,132.12,119.36,122.84,6096.0
2023-03-03 02:00:00+00:00,122.82,125.39,122.58,124.92,10201.0
2023-03-03 06:00:00+00:00,124.94,125.62,124.55,125.38,5084.0
2023-03-03 10:00:00+00:00,125.38,126.24,124.54,125.92,4317.0
2023-03-03 14:00:00+00:00,125.86,126.28,124.86,125.92,6153.0
2023-03-03 18:00:00+00:00,125.9,126.02,124.34,125.06,6673.0
2023-03-05 22:00:00+00:00,124.52,124.7,122.58,122.88,3046.0
2023-03-06 02:00:00+00:00,122.89,123.44,122.12,122.8,2480.0
2023-03-06 06:00:00+00:00,122.82,123.66,122.5,123.6,1585.0
2023-03-06 10:00:00+00:00,123.64,124.49,123.3,124.06,1387.0
2023-03-06 14:00:00+00:00,124.12,124.97,123.62,124.0,3513.0
2023-03-06 18:00:00+00:00,123.96,124.4,123.14,123.94,2676.0
2023-03-06 22:00:00+00:00,124.04,126.04,123.82,125.16,1553.0
2023-03-07 02:00:00+00:00,125.16,125.74,124.9,125.34,1302.0
2023-03-07 06:00:00+00:00,125.42,125.45,123.6,123.88,1794.0
2023-03-07 10:00:00+00:00,123.88,124.44,122.85,122.94,1249.0
2023-03-07 14:00:00+00:00,122.94,123.88,120.1,123.29,7576.0
2023-03-07 18:00:00+00:00,123.28,123.54,120.94,121.38,3313.0
2023-03-07 22:00:00+00:00,120.97,122.67,119.96,121.9,2513.0
2023-03-08 02:00:00+00:00,121.91,122.3,119.3,119.7,2236.0
2023-03-08 06:00:00+00:00,119.71,120.8,119.38,120.7,1554.0
2023-03-08 10:00:00+00:00,120.7,121.27,119.46,119.84,2465.0
2023-03-08 14:00:00+00:00,119.79,120.2,117.65,118.87,6216.0
2023-03-08 18:00:00+00:00,118.88,119.98,117.81,118.82,2814.0
2023-03-08 22:00:00+00:00,118.47,118.47,114.58,116.66,3793.0
2023-03-09 02:00:00+00:00,116.69,118.08,116.69,117.28,1513.0
2023-03-09 06:00:00+00:00,117.29,117.88,115.98,116.88,2004.0
2023-03-09 10:00:00+00:00,116.82,117.74,116.28,117.68,2107.0
2023-03-09 14:00:00+00:00,117.69,118.48,115.88,116.49,3815.0
2023-03-09 18:00:00+00:00,116.47,116.52,106.51,107.78,13179.0
2023-03-09 22:00:00+00:00,108.43,110.44,107.61,109.38,7870.0
2023-03-10 02:00:00+00:00,109.42,109.84,108.42,109.34,3495.0
2023-03-10 06:00:00+00:00,109.27,109.64,106.46,106.62,3869.0
2023-03-10 10:00:00+00:00,106.64,111.14,105.06,110.54,9758.0
2023-03-10 14:00:00+00:00,110.55,111.1,107.6,109.34,9489.0
2023-03-10 18:00:00+00:00,109.34,110.69,108.93,110.36,4934.0
2023-03-12 21:00:00+00:00,110.68,110.68,110.68,110.68,1.0
2023-03-13 17:00:00+00:00,110.68,110.68,110.68,110.68,1.0
2023-03-13 21:00:00+00:00,110.68,128.72,110.68,127.3,25782.0
2023-03-14 01:00:00+00:00,127.24,128.55,126.4,126.9,24396.0
2023-03-14 05:00:00+00:00,126.9,128.55,125.58,127.65,28034.0
2023-03-14 09:00:00+00:00,127.5,132.68,126.7,132.2,23814.0
2023-03-14 13:00:00+00:00,132.35,137.25,132.29,134.66,32144.0
2023-03-14 17:00:00+00:00,134.8,135.4,129.35,131.05,26771.0
2023-03-14 21:00:00+00:00,130.25,131.9,128.45,131.5,2291.0
2023-03-15 01:00:00+00:00,131.75,133.4,131.35,133.3,560.0
2023-03-15 05:00:00+00:00,133.2,134.54,132.1,132.6,746.0
2023-03-15 09:00:00+00:00,132.5,133.0,128.85,130.6,2198.0
2023-03-15 13:00:00+00:00,130.5,132.15,122.25,122.85,3759.0
2023-03-15 17:00:00+00:00,122.8,125.95,122.2,124.3,2177.0
2023-03-15 21:00:00+00:00,124.12,125.15,121.4,123.05,954.0
2023-03-16 01:00:00+00:00,123.4,124.95,122.2,122.85,689.0
2023-03-16 05:00:00+00:00,122.86,125.85,122.45,125.55,662.0
2023-03-16 09:00:00+00:00,125.5,126.8,123.89,124.7,1792.0
2023-03-16 13:00:00+00:00,124.85,126.65,123.3,126.0,1507.0
2023-03-16 17:00:00+00:00,126.0,127.1,124.39,124.6,811.0
2023-03-16 21:00:00+00:00,125.07,126.6,123.05,125.72,583.0
2023-03-17 01:00:00+00:00,125.86,129.45,125.52,128.1,1046.0
2023-03-17 05:00:00+00:00,128.25,129.7,127.5,129.35,4582.0
2023-03-17 09:00:00+00:00,129.36,133.65,129.1,131.75,23938.0
2023-03-17 13:00:00+00:00,131.7,132.65,129.3,130.65,5811.0
2023-03-17 17:00:00+00:00,130.7,133.25,130.35,132.4,662.0
2023-03-19 21:00:00+00:00,132.4,136.8,132.4,135.05,21064.0
2023-03-20 01:00:00+00:00,135.16,139.86,132.55,134.19,23251.0
2023-03-20 05:00:00+00:00,134.14,136.05,133.17,135.8,17539.0
2023-03-20 09:00:00+00:00,135.75,138.0,134.24,135.7,16459.0
2023-03-20 13:00:00+00:00,135.66,135.72,132.05,132.9,18931.0
2023-03-20 17:00:00+00:00,132.88,133.36,129.9,131.2,18259.0
2023-03-20 21:00:00+00:00,131.96,132.8,130.0,131.9,16451.0
2023-03-21 01:00:00+00:00,132.0,132.42,130.8,131.25,6486.0
2023-03-21 05:00:00+00:00,131.2,131.49,126.05,127.14,14630.0
2023-03-21 09:00:00+00:00,127.1,132.62,126.8,132.46,7687.0
2023-03-21 13:00:00+00:00,132.06,134.6,131.6,133.2,4547.0
2023-03-21 17:00:00+00:00,133.2,134.95,131.45,134.3,3341.0
2023-03-21 21:00:00+00:00,134.42,135.15,130.7,132.4,1610.0
2023-03-22 01:00:00+00:00,132.45,134.34,132.0,133.15,4466.0
2023-03-22 05:00:00+00:00,133.25,134.16,131.76,132.2,4081.0
2023-03-22 09:00:00+00:00,132.1,133.64,131.38,132.8,3422.0
2023-03-22 13:00:00+00:00,132.75,134.65,130.52,130.86,9255.0
2023-03-22 17:00:00+00:00,131.0,132.3,123.1,125.8,11621.0
2023-03-22 21:00:00+00:00,124.25,127.36,124.25,126.6,7108.0
2023-03-23 01:00:00+00:00,126.6,126.74,124.64,126.04,2977.0
2023-03-23 05:00:00+00:00,126.04,128.64,125.74,128.24,3749.0
2023-03-23 09:00:00+00:00,128.08,130.05,127.76,128.5,2774.0
2023-03-23 13:00:00+00:00,128.5,132.05,126.75,129.26,11944.0
2023-03-23 17:00:00+00:00,129.3,129.8,126.16,128.44,12814.0
2023-03-23 21:00:00+00:00,128.23,129.46,127.58,129.04,4489.0
2023-03-24 01:00:00+00:00,128.99,129.7,127.9,128.0,2485.0
2023-03-24 05:00:00+00:00,128.0,132.0,127.95,128.6,4134.0
2023-03-24 09:00:00+00:00,128.5,129.15,124.05,126.5,12981.0
2023-03-24 13:00:00+00:00,126.5,127.24,124.0,125.54,13593.0
2023-03-24 17:00:00+00:00,125.44,125.7,121.8,124.56,9044.0
2023-03-26 21:00:00+00:00,124.6,125.82,123.1,124.5,3871.0
2023-03-27 01:00:00+00:00,124.5,124.7,123.46,124.1,2384.0
2023-03-27 05:00:00+00:00,124.22,124.22,121.78,122.92,2899.0
2023-03-27 09:00:00+00:00,122.92,123.82,122.25,122.86,2285.0
2023-03-27 13:00:00+00:00,122.78,123.2,116.69,118.94,11563.0
2023-03-27 17:00:00+00:00,118.94,120.04,118.44,119.04,4611.0
2023-03-27 21:00:00+00:00,119.2,121.54,117.84,120.94,2472.0
2023-03-28 01:00:00+00:00,120.99,121.32,119.77,121.1,2717.0
2023-03-28 05:00:00+00:00,121.1,122.52,120.3,120.88,2251.0
2023-03-28 09:00:00+00:00,120.9,121.13,119.01,120.36,5675.0
2023-03-28 13:00:00+00:00,120.36,121.86,119.05,119.38,5156.0
2023-03-28 17:00:00+00:00,119.38,122.2,118.96,121.06,6519.0
2023-03-28 21:00:00+00:00,119.16,121.62,118.86,120.74,3062.0
2023-03-29 01:00:00+00:00,120.74,122.22,120.6,122.08,2927.0
2023-03-29 05:00:00+00:00,122.09,124.49,121.45,124.04,5646.0
2023-03-29 09:00:00+00:00,124.05,124.8,123.14,124.1,3289.0
2023-03-29 13:00:00+00:00,124.1,124.65,122.7,123.32,6594.0
2023-03-29 17:00:00+00:00,123.35,124.24,123.18,123.99,3548.0
2023-03-29 21:00:00+00:00,123.57,124.14,120.9,122.85,3605.0
2023-03-30 01:00:00+00:00,122.8,125.4,121.6,123.6,9271.0
2023-03-30 05:00:00+00:00,123.6,124.23,122.54,122.84,2008.0
2023-03-30 09:00:00+00:00,122.84,123.64,121.55,122.9,2841.0
2023-03-30 13:00:00+00:00,122.91,123.36,120.95,121.2,5207.0
2023-03-30 17:00:00+00:00,121.2,121.27,118.85,120.64,4463.0
2023-03-30 21:00:00+00:00,120.46,121.6,119.93,121.32,3097.0
2023-03-31 01:00:00+00:00,121.35,122.62,121.27,122.3,2209.0
2023-03-31 05:00:00+00:00,122.3,122.46,120.15,121.38,4002.0
2023-03-31 09:00:00+00:00,121.38,123.43,120.82,122.99,3946.0
2023-03-31 13:00:00+00:00,123.0,124.45,122.94,123.66,5958.0
2023-03-31 17:00:00+00:00,123.68,124.69,123.08,123.66,2800.0
2023-04-02 21:00:00+00:00,122.64,123.52,121.55,123.18,2289.0
2023-04-03 01:00:00+00:00,123.18,125.62,119.68,123.76,4172.0
2023-04-03 05:00:00+00:00,123.76,128.75,122.73,128.44,5189.0
2023-04-03 09:00:00+00:00,128.49,129.6,127.06,128.04,3668.0
2023-04-03 13:00:00+00:00,127.98,128.5,125.86,126.7,4728.0
2023-04-03 17:00:00+00:00,126.72,129.35,124.89,125.26,7192.0
2023-04-03 21:00:00+00:00,125.6,128.95,122.81,127.02,4691.0
2023-04-04 01:00:00+00:00,126.97,128.32,126.88,127.0,3093.0
2023-04-04 05:00:00+00:00,126.99,127.73,126.0,127.14,4088.0
2023-04-04 09:00:00+00:00,127.14,128.32,126.24,127.06,5122.0
2023-04-04 13:00:00+00:00,127.02,128.23,126.4,126.9,4638.0
2023-04-04 17:00:00+00:00,126.92,128.0,126.83,127.7,2081.0
2023-04-04 21:00:00+00:00,127.74,128.78,125.95,128.38,3182.0
2023-04-05 01:00:00+00:00,128.39,129.42,128.0,128.7,3296.0
2023-04-05 05:00:00+00:00,128.54,129.24,128.25,128.91,1469.0
2023-04-05 09:00:00+00:00,129.0,130.14,127.62,128.66,2985.0
2023-04-05 13:00:00+00:00,128.71,129.05,125.12,126.3,6903.0
2023-04-05 17:00:00+00:00,126.3,127.89,126.2,127.42,2836.0
2023-04-05 21:00:00+00:00,127.28,127.53,125.17,126.05,2285.0
2023-04-06 01:00:00+00:00,126.0,127.1,124.77,126.84,2043.0
2023-04-06 05:00:00+00:00,126.86,127.08,125.42,126.16,2056.0
2023-04-06 09:00:00+00:00,126.12,126.66,125.1,125.8,2872.0
2023-04-06 13:00:00+00:00,125.8,127.86,125.02,126.9,4141.0
2023-04-06 17:00:00+00:00,126.9,127.24,125.54,125.56,2199.0
2023-04-06 21:00:00+00:00,126.06,126.78,124.76,126.67,1291.0
2023-04-07 01:00:00+00:00,126.66,126.74,125.37,126.14,1474.0
2023-04-07 05:00:00+00:00,126.14,126.14,123.82,123.94,2090.0
2023-04-07 09:00:00+00:00,123.79,124.82,123.16,124.16,2291.0
2023-04-07 13:00:00+00:00,124.14,125.0,123.6,124.4,1793.0
2023-04-07 17:00:00+00:00,124.34,124.84,123.95,124.12,626.0
2023-04-09 21:00:00+00:00,125.46,126.97,124.92,125.3,2440.0
2023-04-10 01:00:00+00:00,125.31,125.45,124.02,124.64,1494.0
2023-04-10 05:00:00+00:00,124.64,125.98,124.6,125.68,1090.0
2023-04-10 09:00:00+00:00,125.69,126.31,124.92,124.95,900.0
2023-04-10 13:00:00+00:00,124.94,126.19,124.27,126.18,3361.0
2023-04-10 17:00:00+00:00,126.19,127.64,125.82,126.36,7536.0
2023-04-10 21:00:00+00:00,126.66,128.95,126.16,128.1,4004.0
2023-04-11 01:00:00+00:00,128.1,129.68,127.56,129.14,3900.0
2023-04-11 05:00:00+00:00,129.12,129.83,128.46,129.1,1780.0
2023-04-11 09:00:00+00:00,129.09,129.63,128.28,128.78,1452.0
2023-04-11 13:00:00+00:00,128.84,129.69,127.76,129.0,2699.0
2023-04-11 17:00:00+00:00,129.01,130.88,128.25,128.72,3328.0
2023-04-11 21:00:00+00:00,128.72,130.03,128.36,128.78,1837.0
2023-04-12 01:00:00+00:00,128.74,129.35,125.54,126.8,4354.0
2023-04-12 05:00:00+00:00,126.8,128.12,126.64,126.71,1604.0
2023-04-12 09:00:00+00:00,126.76,128.75,126.18,127.85,3430.0
2023-04-12 13:00:00+00:00,127.83,130.12,127.68,128.69,6464.0
2023-04-12 17:00:00+00:00,128.69,129.35,127.78,128.52,3658.0
2023-04-12 21:00:00+00:00,129.05,129.4,128.15,128.5,2316.0
2023-04-13 01:00:00+00:00,128.5,129.1,127.86,128.84,1570.0
2023-04-13 05:00:00+00:00,128.78,130.04,128.14,129.65,2038.0
2023-04-13 09:00:00+00:00,129.7,131.92,129.7,131.63,3891.0
2023-04-13 13:00:00+00:00,131.63,132.15,130.68,131.23,4680.0
2023-04-13 17:00:00+00:00,131.22,131.81,130.38,130.61,2027.0
2023-04-13 21:00:00+00:00,130.96,134.0,130.66,133.66,4102.0
2023-04-14 01:00:00+00:00,133.69,134.5,133.05,133.6,6383.0
2023-04-14 05:00:00+00:00,133.61,134.45,132.2,132.56,5060.0
2023-04-14 09:00:00+00:00,132.56,133.8,131.46,131.75,2961.0
2023-04-14 13:00:00+00:00,131.84,133.23,128.92,129.89,8463.0
2023-04-14 17:00:00+00:00,129.88,132.98,129.75,132.63,3387.0
2023-04-16 21:00:00+00:00,135.0,136.02,131.86,131.86,3544.0
2023-04-17 01:00:00+00:00,131.8,133.9,131.35,133.34,2433.0
2023-04-17 05:00:00+00:00,133.3,133.54,132.27,133.1,1317.0
2023-04-17 09:00:00+00:00,133.1,133.35,131.28,131.98,3015.0
2023-04-17 13:00:00+00:00,132.13,132.13,130.16,131.34,3541.0
2023-04-17 17:00:00+00:00,131.35,132.24,131.14,131.82,1853.0
2023-04-17 21:00:00+00:00,131.58,132.23,131.28,131.74,1559.0
2023-04-18 01:00:00+00:00,131.79,132.78,130.16,132.22,1911.0
2023-04-18 05:00:00+00:00,132.28,133.36,132.16,132.65,1399.0
2023-04-18 09:00:00+00:00,132.8,134.42,132.68,133.92,2501.0
2023-04-18 13:00:00+00:00,134.0,134.14,131.8,133.24,2808.0
2023-04-18 17:00:00+00:00,133.26,133.44,131.43,132.94,1972.0
2023-04-18 21:00:00+00:00,132.96,134.01,132.34,133.56,1085.0
2023-04-19 01:00:00+00:00,133.4,134.0,132.65,133.15,659.0
2023-04-19 05:00:00+00:00,133.2,133.64,124.2,125.4,4264.0
2023-04-19 09:00:00+00:00,125.4,127.74,125.11,127.24,1549.0
2023-04-19 13:00:00+00:00,127.22,128.52,126.58,127.45,3211.0
2023-04-19 17:00:00+00:00,127.45,127.99,126.34,126.59,1110.0
2023-04-19 21:00:00+00:00,126.5,126.8,122.75,126.05,2873.0
2023-04-20 01:00:00+00:00,126.0,126.74,124.3,126.3,1202.0
2023-04-20 05:00:00+00:00,126.3,126.6,125.2,125.49,1159.0
2023-04-20 09:00:00+00:00,125.46,126.79,124.91,126.56,1675.0
2023-04-20 13:00:00+00:00,126.57,126.57,121.6,122.86,3198.0
2023-04-20 17:00:00+00:00,122.87,124.03,121.46,122.57,4121.0
2023-04-20 21:00:00+00:00,122.3,123.86,121.7,123.75,1594.0
2023-04-21 01:00:00+00:00,123.76,123.84,122.85,123.36,770.0
2023-04-21 05:00:00+00:00,123.36,123.7,121.4,123.4,2025.0
2023-04-21 09:00:00+00:00,123.4,123.65,121.26,123.38,2278.0
2023-04-21 13:00:00+00:00,123.38,125.0,122.4,124.65,4528.0
2023-04-21 17:00:00+00:00,124.7,125.13,118.6,119.04,5622.0
2023-04-23 21:00:00+00:00,118.98,121.22,118.58,121.03,1033.0
2023-04-24 01:00:00+00:00,121.03,121.92,120.24,120.33,1171.0
2023-04-24 05:00:00+00:00,120.32,120.77,118.8,119.84,1333.0
2023-04-24 09:00:00+00:00,119.86,121.22,119.69,120.46,853.0
2023-04-24 13:00:00+00:00,120.51,121.52,119.15,119.54,2468.0
2023-04-24 17:00:00+00:00,119.52,120.43,118.52,119.14,1293.0
2023-04-24 21:00:00+00:00,119.06,119.72,118.49,118.79,864.0
2023-04-25 01:00:00+00:00,118.69,119.14,117.86,118.75,986.0
2023-04-25 05:00:00+00:00,118.82,119.2,116.75,117.9,1255.0
2023-04-25 09:00:00+00:00,117.84,118.86,117.22,118.14,799.0
2023-04-25 13:00:00+00:00,118.15,118.65,116.68,117.36,1222.0
2023-04-25 17:00:00+00:00,117.24,119.35,116.84,119.26,503.0
2023-04-25 21:00:00+00:00,119.53,120.76,119.2,119.85,521.0
2023-04-26 01:00:00+00:00,119.86,120.5,119.56,120.1,258.0
2023-04-26 05:00:00+00:00,119.96,120.6,118.8,120.05,273.0
2023-04-26 09:00:00+00:00,120.15,123.23,119.82,123.16,554.0
2023-04-26 13:00:00+00:00,123.2,123.4,121.42,123.12,1414.0
2023-04-26 17:00:00+00:00,123.12,123.26,111.66,116.3,3316.0
2023-04-26 21:00:00+00:00,116.02,120.62,115.62,120.0,1281.0
2023-04-27 01:00:00+00:00,119.98,120.38,118.02,119.3,972.0
2023-04-27 05:00:00+00:00,119.14,119.3,116.96,117.3,1468.0
2023-04-27 09:00:00+00:00,117.39,118.2,116.4,117.05,1205.0
2023-04-27 13:00:00+00:00,117.16,118.5,116.4,117.33,2575.0
2023-04-27 17:00:00+00:00,117.38,118.62,117.08,117.73,2502.0
2023-04-27 21:00:00+00:00,117.73,118.72,116.42,117.29,2089.0
2023-04-28 01:00:00+00:00,117.3,117.65,116.36,117.5,674.0
2023-04-28 05:00:00+00:00,117.45,118.3,116.95,117.45,375.0
2023-04-28 09:00:00+00:00,117.44,118.36,116.87,117.1,1173.0
2023-04-28 13:00:00+00:00,117.1,120.32,115.44,116.94,961.0
2023-04-28 17:00:00+00:00,116.95,118.15,116.54,117.95,626.0
2023-04-30 21:00:00+00:00,116.95,119.04,116.85,118.36,507.0
2023-05-01 01:00:00+00:00,118.35,118.54,115.2,117.4,537.0
2023-05-01 05:00:00+00:00,117.4,117.9,116.46,117.12,942.0
2023-05-01 09:00:00+00:00,117.13,117.72,116.75,117.52,1750.0
2023-05-01 13:00:00+00:00,117.5,117.59,115.54,116.75,4057.0
2023-05-01 17:00:00+00:00,116.85,117.02,114.48,115.55,3549.0
2023-05-01 21:00:00+00:00,117.28,117.34,115.76,116.66,2393.0
2023-05-02 01:00:00+00:00,116.69,117.5,116.19,116.86,2453.0
2023-05-02 05:00:00+00:00,116.8,118.32,116.58,118.2,2030.0
2023-05-02 09:00:00+00:00,118.2,119.64,117.58,118.66,1752.0
2023-05-02 13:00:00+00:00,118.66,119.5,117.36,118.45,3589.0
2023-05-02 17:00:00+00:00,118.5,119.85,118.35,119.35,1350.0
2023-05-02 21:00:00+00:00,119.26,119.85,118.26,118.45,1057.0
2023-05-03 01:00:00+00:00,118.44,119.1,118.09,118.76,1517.0
2023-05-03 05:00:00+00:00,118.76,119.22,118.25,118.6,395.0
2023-05-03 09:00:00+00:00,118.6,118.82,115.46,116.15,363.0
2023-05-03 13:00:00+00:00,116.0,117.0,115.72,116.78,1405.0
2023-05-03 17:00:00+00:00,116.78,118.21,116.43,117.51,2519.0
2023-05-03 21:00:00+00:00,117.79,121.09,117.6,119.75,2332.0
2023-05-04 01:00:00+00:00,119.8,120.04,118.7,118.92,2321.0
2023-05-04 05:00:00+00:00,119.1,119.48,118.31,118.7,2045.0
2023-05-04 09:00:00+00:00,118.68,119.12,117.48,117.53,2004.0
2023-05-04 13:00:00+00:00,117.52,118.12,116.76,117.5,1186.0
2023-05-04 17:00:00+00:00,117.5,117.7,116.52,117.14,1455.0
2023-05-04 21:00:00+00:00,117.21,117.7,116.84,117.66,562.0
2023-05-05 01:00:00+00:00,117.66,119.02,117.38,118.46,2013.0
2023-05-05 05:00:00+00:00,118.28,118.82,117.85,118.4,2020.0
2023-05-05 09:00:00+00:00,118.4,118.93,116.95,117.84,2399.0
2023-05-05 13:00:00+00:00,117.84,121.03,117.54,120.44,4262.0
2023-05-05 17:00:00+00:00,120.45,120.6,119.32,120.02,918.0
2023-05-07 21:00:00+00:00,117.0,117.52,115.7,116.8,959.0
2023-05-08 01:00:00+00:00,116.8,117.01,111.16,113.4,1734.0
2023-05-08 05:00:00+00:00,113.39,113.74,111.76,112.26,1124.0
2023-05-08 09:00:00+00:00,112.27,113.72,112.19,112.69,1283.0
2023-05-08 13:00:00+00:00,112.72,113.7,112.14,112.5,1501.0
2023-05-08 17:00:00+00:00,112.49,112.72,107.37,110.68,2763.0
2023-05-08 21:00:00+00:00,109.05,111.84,107.83,111.24,676.0
2023-05-09 01:00:00+00:00,111.19,112.48,110.25,111.31,1471.0
2023-05-09 05:00:00+00:00,111.4,120.76,111.2,119.47,6525.0
2023-05-09 09:00:00+00:00,119.45,123.9,119.34,121.5,6686.0
2023-05-09 13:00:00+00:00,121.52,122.8,119.66,121.44,3637.0
2023-05-09 17:00:00+00:00,121.54,123.5,121.08,121.87,3222.0
2023-05-09 21:00:00+00:00,121.68,123.48,120.46,121.09,3158.0
2023-05-10 01:00:00+00:00,121.08,121.58,118.64,119.89,3068.0
2023-05-10 05:00:00+00:00,119.84,120.62,118.51,119.08,2549.0
2023-05-10 09:00:00+00:00,119.07,122.94,118.84,119.69,3035.0
2023-05-10 13:00:00+00:00,119.7,120.24,116.78,116.81,3498.0
2023-05-10 17:00:00+00:00,116.82,117.1,111.88,116.64,3804.0
2023-05-10 21:00:00+00:00,116.26,116.61,113.97,114.44,1737.0
2023-05-11 01:00:00+00:00,114.5,114.94,113.55,114.13,1556.0
2023-05-11 05:00:00+00:00,114.15,114.58,113.1,113.86,1791.0
2023-05-11 09:00:00+00:00,113.86,115.3,113.5,113.91,1067.0
2023-05-11 13:00:00+00:00,113.92,114.02,111.55,112.63,2863.0
2023-05-11 17:00:00+00:00,112.62,113.14,110.19,112.91,3156.0
2023-05-11 21:00:00+00:00,112.82,115.1,112.64,114.84,1748.0
2023-05-12 01:00:00+00:00,114.88,115.63,112.6,114.94,2503.0
2023-05-12 05:00:00+00:00,114.94,114.96,112.82,113.82,1996.0
2023-05-12 09:00:00+00:00,113.84,114.7,113.65,114.09,1339.0
2023-05-12 13:00:00+00:00,114.1,114.47,113.08,113.88,2176.0
2023-05-12 17:00:00+00:00,113.89,114.91,112.0,114.85,2899.0
2023-05-14 21:00:00+00:00,113.25,115.7,113.15,115.14,1516.0
2023-05-15 01:00:00+00:00,115.14,119.84,115.02,119.04,2367.0
2023-05-15 05:00:00+00:00,119.04,121.05,118.28,119.5,1686.0
2023-05-15 09:00:00+00:00,119.5,119.57,118.36,118.66,987.0
2023-05-15 13:00:00+00:00,118.6,118.6,116.92,117.7,986.0
2023-05-15 17:00:00+00:00,117.68,118.42,115.96,116.74,689.0
2023-05-15 21:00:00+00:00,116.66,117.42,115.72,115.94,766.0
2023-05-16 01:00:00+00:00,115.9,116.05,114.08,115.54,785.0
2023-05-16 05:00:00+00:00,115.62,116.48,115.02,115.89,454.0
2023-05-16 09:00:00+00:00,115.9,116.5,115.2,115.9,1368.0
2023-05-16 13:00:00+00:00,115.88,117.68,114.88,117.3,2046.0
2023-05-16 17:00:00+00:00,117.31,117.32,116.02,116.4,1067.0
2023-05-16 21:00:00+00:00,116.39,117.06,116.15,116.9,629.0
2023-05-17 01:00:00+00:00,116.9,117.84,116.8,117.3,816.0
2023-05-17 05:00:00+00:00,117.3,117.3,115.23,116.08,950.0
2023-05-17 09:00:00+00:00,116.09,117.36,115.59,116.89,1935.0
2023-05-17 13:00:00+00:00,116.85,117.45,115.86,117.36,1313.0
2023-05-17 17:00:00+00:00,117.36,118.62,117.02,117.68,947.0
2023-05-17 21:00:00+00:00,117.38,118.29,116.9,117.6,608.0
2023-05-18 01:00:00+00:00,117.62,118.06,117.01,117.54,510.0
2023-05-18 05:00:00+00:00,117.53,117.64,116.58,116.8,680.0
2023-05-18 09:00:00+00:00,116.86,117.5,116.54,116.92,718.0
2023-05-18 13:00:00+00:00,116.91,117.28,116.12,116.74,1396.0
2023-05-18 17:00:00+00:00,116.74,116.84,112.95,113.85,603.0
2023-05-18 21:00:00+00:00,115.18,117.05,113.8,115.84,504.0
2023-05-19 01:00:00+00:00,115.68,116.25,114.85,115.55,243.0
2023-05-19 05:00:00+00:00,115.6,116.22,115.1,115.74,287.0
2023-05-19 09:00:00+00:00,115.8,116.05,115.34,115.45,218.0
2023-05-19 13:00:00+00:00,115.46,115.7,114.55,115.3,462.0
2023-05-19 17:00:00+00:00,115.3,115.78,114.91,115.2,190.0
2023-05-21 21:00:00+00:00,114.58,115.14,112.68,114.05,852.0
2023-05-22 01:00:00+00:00,114.02,114.22,112.95,114.14,799.0
2023-05-22 05:00:00+00:00,114.12,114.73,113.99,114.31,392.0
2023-05-22 09:00:00+00:00,114.32,115.06,114.04,114.2,433.0
2023-05-22 13:00:00+00:00,114.2,115.31,113.8,114.22,875.0
2023-05-22 17:00:00+00:00,114.28,115.43,114.1,115.07,514.0
2023-05-22 21:00:00+00:00,115.26,115.3,114.68,114.84,354.0
2023-05-23 01:00:00+00:00,114.82,117.38,114.76,116.44,1203.0
2023-05-23 05:00:00+00:00,116.48,116.85,115.42,115.84,583.0
2023-05-23 09:00:00+00:00,115.82,116.24,115.66,115.81,346.0
2023-05-23 13:00:00+00:00,115.8,116.14,115.29,115.6,626.0
2023-05-23 17:00:00+00:00,115.6,115.88,114.87,115.7,476.0
2023-05-23 21:00:00+00:00,115.56,115.9,115.16,115.29,402.0
2023-05-24 01:00:00+00:00,115.28,115.5,112.48,112.98,1038.0
2023-05-24 05:00:00+00:00,113.03,113.54,112.36,113.08,827.0
2023-05-24 09:00:00+00:00,113.12,113.4,112.38,112.96,489.0
2023-05-24 13:00:00+00:00,112.94,112.98,111.08,111.78,1550.0
2023-05-24 17:00:00+00:00,111.76,112.5,111.28,112.36,825.0
2023-05-24 21:00:00+00:00,112.34,113.5,111.2,111.22,661.0
2023-05-25 01:00:00+00:00,111.23,111.78,109.25,110.82,1165.0
2023-05-25 05:00:00+00:00,111.01,111.63,111.0,111.55,516.0
2023-05-25 09:00:00+00:00,111.62,112.04,111.03,111.68,450.0
2023-05-25 13:00:00+00:00,111.68,111.74,111.02,111.38,849.0
2023-05-25 17:00:00+00:00,111.37,112.4,111.16,112.04,656.0
2023-05-25 21:00:00+00:00,111.95,112.02,110.54,111.8,360.0
2023-05-26 01:00:00+00:00,111.78,112.9,111.5,112.58,516.0
2023-05-26 05:00:00+00:00,112.56,113.5,112.18,113.23,532.0
2023-05-26 09:00:00+00:00,113.2,113.2,112.34,112.56,546.0
2023-05-26 13:00:00+00:00,112.57,113.51,112.47,113.04,625.0
2023-05-26 17:00:00+00:00,113.06,113.86,112.68,113.66,618.0
2023-05-28 21:00:00+00:00,114.78,116.94,114.36,116.16,1156.0
2023-05-29 01:00:00+00:00,116.18,116.82,115.1,115.91,690.0
2023-05-29 05:00:00+00:00,115.9,116.34,115.48,116.34,635.0
2023-05-29 09:00:00+00:00,116.36,116.81,115.8,116.68,779.0
2023-05-29 13:00:00+00:00,116.65,117.45,115.54,115.62,1098.0
2023-05-29 17:00:00+00:00,115.6,115.94,115.0,115.18,537.0
2023-05-29 21:00:00+00:00,115.17,115.65,114.26,114.41,551.0
2023-05-30 01:00:00+00:00,114.43,115.22,114.38,114.92,481.0
2023-05-30 05:00:00+00:00,114.9,115.18,114.48,115.14,498.0
2023-05-30 09:00:00+00:00,115.15,115.82,114.79,115.1,610.0
2023-05-30 13:00:00+00:00,115.1,115.18,114.12,114.71,913.0
2023-05-30 17:00:00+00:00,114.7,114.84,114.07,114.59,425.0
2023-05-30 21:00:00+00:00,114.66,115.78,113.12,114.3,516.0
2023-05-31 01:00:00+00:00,114.26,114.34,112.32,112.58,605.0
2023-05-31 05:00:00+00:00,112.58,113.04,112.28,112.44,773.0
2023-05-31 09:00:00+00:00,112.44,112.88,112.3,112.72,365.0
2023-05-31 13:00:00+00:00,112.74,113.0,112.16,112.34,701.0
2023-05-31 17:00:00+00:00,112.33,112.88,112.3,112.73,471.0
2023-05-31 21:00:00+00:00,113.9,113.9,112.52,112.88,697.0
2023-06-01 01:00:00+00:00,112.88,113.34,111.64,112.8,844.0
2023-06-01 05:00:00+00:00,112.79,113.02,112.36,112.9,389.0
2023-06-01 09:00:00+00:00,112.9,113.38,112.84,113.06,282.0
2023-06-01 13:00:00+00:00,113.07,113.56,112.64,113.46,593.0
2023-06-01 17:00:00+00:00,113.47,113.56,112.56,113.32,620.0
2023-06-01 21:00:00+00:00,113.56,113.79,112.72,113.43,673.0
2023-06-02 01:00:00+00:00,113.41,115.38,113.27,114.59,707.0
2023-06-02 05:00:00+00:00,114.6,114.76,114.32,114.57,300.0
2023-06-02 09:00:00+00:00,114.58,114.66,113.74,114.04,455.0
2023-06-02 13:00:00+00:00,114.04,114.4,113.56,114.07,624.0
2023-06-02 17:00:00+00:00,114.06,114.98,114.06,114.16,367.0
2023-06-04 21:00:00+00:00,116.76,116.98,114.86,115.16,883.0
2023-06-05 01:00:00+00:00,115.14,115.35,113.75,114.17,704.0
2023-06-05 05:00:00+00:00,114.2,114.2,113.46,113.78,367.0
2023-06-05 09:00:00+00:00,113.77,114.0,113.16,113.26,433.0
2023-06-05 13:00:00+00:00,113.23,113.69,107.39,108.5,2457.0
2023-06-05 17:00:00+00:00,108.52,109.02,108.14,108.26,887.0
2023-06-05 21:00:00+00:00,107.4,109.2,107.06,109.06,572.0
2023-06-06 01:00:00+00:00,109.08,109.84,108.64,109.84,440.0
2023-06-06 05:00:00+00:00,109.8,109.84,109.16,109.41,251.0
2023-06-06 09:00:00+00:00,109.38,109.63,107.68,107.88,737.0
2023-06-06 13:00:00+00:00,107.87,110.59,107.54,110.51,1994.0
2023-06-06 17:00:00+00:00,110.54,114.34,110.16,113.45,1527.0
2023-06-06 21:00:00+00:00,112.7,116.22,112.44,116.22,1183.0
2023-06-07 01:00:00+00:00,116.22,116.74,113.44,113.94,736.0
2023-06-07 05:00:00+00:00,113.96,114.01,113.08,113.5,451.0
2023-06-07 09:00:00+00:00,113.5,113.5,111.33,112.56,893.0
2023-06-07 13:00:00+00:00,112.58,112.96,110.2,110.77,1906.0
2023-06-07 17:00:00+00:00,110.78,111.78,110.48,111.26,746.0
2023-06-07 21:00:00+00:00,111.34,111.5,109.94,111.47,648.0
2023-06-08 01:00:00+00:00,111.5,111.78,110.32,111.1,577.0
2023-06-08 05:00:00+00:00,111.09,111.78,110.47,111.73,671.0
2023-06-08 09:00:00+00:00,111.7,112.32,111.08,111.86,832.0
2023-06-08 13:00:00+00:00,111.88,112.59,111.22,111.48,1368.0
2023-06-08 17:00:00+00:00,111.46,111.93,111.12,111.78,683.0
2023-06-08 21:00:00+00:00,111.84,111.92,111.08,111.14,460.0
2023-06-09 01:00:00+00:00,111.16,111.88,110.74,111.38,840.0
2023-06-09 05:00:00+00:00,111.4,111.72,110.25,110.88,748.0
2023-06-09 09:00:00+00:00,110.86,111.64,110.74,111.64,624.0
2023-06-09 13:00:00+00:00,111.65,112.02,110.72,111.03,909.0
2023-06-09 17:00:00+00:00,111.0,111.02,109.58,110.36,799.0
2023-06-11 21:00:00+00:00,103.04,104.2,102.0,104.19,621.0
2023-06-12 01:00:00+00:00,104.14,104.14,100.52,102.7,954.0
2023-06-12 05:00:00+00:00,102.66,102.86,101.78,102.76,481.0
2023-06-12 09:00:00+00:00,102.72,103.44,102.16,102.5,486.0
2023-06-12 13:00:00+00:00,102.5,102.69,101.54,101.8,609.0
2023-06-12 17:00:00+00:00,101.76,102.49,100.92,102.19,702.0
2023-06-12 21:00:00+00:00,102.12,103.0,101.3,102.4,449.0
2023-06-13 01:00:00+00:00,102.41,104.56,102.24,104.2,635.0
2023-06-13 05:00:00+00:00,104.16,105.54,104.16,105.03,537.0
2023-06-13 09:00:00+00:00,105.04,106.96,104.68,105.58,1291.0
2023-06-13 13:00:00+00:00,105.6,106.06,103.66,105.26,1179.0
2023-06-13 17:00:00+00:00,105.22,106.48,105.22,105.74,625.0
2023-06-13 21:00:00+00:00,105.78,105.78,104.75,105.45,433.0
2023-06-14 01:00:00+00:00,105.47,106.3,105.22,105.66,431.0
2023-06-14 05:00:00+00:00,105.7,106.02,105.06,105.62,530.0
2023-06-14 09:00:00+00:00,105.62,106.02,105.38,105.98,406.0
2023-06-14 13:00:00+00:00,105.97,105.97,104.9,105.11,509.0
2023-06-14 17:00:00+00:00,105.1,105.86,100.15,100.79,2573.0
2023-06-14 21:00:00+00:00,102.62,102.65,101.11,102.62,844.0
2023-06-15 01:00:00+00:00,102.6,103.92,102.44,102.96,762.0
2023-06-15 05:00:00+00:00,102.94,103.18,102.1,102.2,941.0
2023-06-15 09:00:00+00:00,102.1,103.83,101.82,103.55,944.0
2023-06-15 13:00:00+00:00,103.54,104.62,102.98,104.18,859.0
2023-06-15 17:00:00+00:00,104.16,105.15,102.66,104.52,1447.0
2023-06-15 21:00:00+00:00,104.76,106.02,104.07,104.54,522.0
2023-06-16 01:00:00+00:00,104.52,105.38,104.46,104.9,344.0
2023-06-16 05:00:00+00:00,104.92,105.08,104.31,104.45,354.0
2023-06-16 09:00:00+00:00,104.4,104.73,103.28,103.85,526.0
2023-06-16 13:00:00+00:00,103.82,104.88,102.48,104.76,1006.0
2023-06-16 17:00:00+00:00,104.76,108.44,104.66,108.44,1236.0
2023-06-18 21:00:00+00:00,106.44,107.78,106.3,106.84,501.0
2023-06-19 01:00:00+00:00,106.85,107.34,106.76,107.14,289.0
2023-06-19 05:00:00+00:00,107.12,107.41,106.49,106.74,306.0
2023-06-19 09:00:00+00:00,106.7,106.76,106.1,106.76,334.0
2023-06-19 13:00:00+00:00,106.76,106.86,104.76,105.09,707.0
2023-06-19 17:00:00+00:00,105.1,107.6,105.09,106.36,1057.0
2023-06-19 21:00:00+00:00,106.52,107.7,105.72,106.78,518.0
2023-06-20 01:00:00+00:00,106.78,107.42,106.02,106.38,440.0
2023-06-20 05:00:00+00:00,106.4,106.77,105.8,106.18,589.0
2023-06-20 09:00:00+00:00,106.15,107.01,105.89,106.6,628.0
2023-06-20 13:00:00+00:00,106.5,107.15,105.1,107.15,1153.0
2023-06-20 17:00:00+00:00,107.15,110.78,107.0,109.06,1797.0
2023-06-20 21:00:00+00:00,108.98,110.52,108.68,110.35,818.0
2023-06-21 01:00:00+00:00,110.35,113.14,110.26,113.02,1385.0
2023-06-21 05:00:00+00:00,113.02,137.77,112.83,128.12,10681.0
2023-06-21 09:00:00+00:00,128.17,130.9,126.02,127.46,4284.0
2023-06-21 13:00:00+00:00,127.52,139.39,127.45,133.86,9426.0
2023-06-21 17:00:00+00:00,133.96,140.1,132.15,134.45,10413.0
2023-06-21 21:00:00+00:00,134.6,149.18,132.44,144.76,4077.0
2023-06-22 01:00:00+00:00,144.72,145.9,138.1,138.74,4827.0
2023-06-22 05:00:00+00:00,138.84,139.62,133.52,134.74,3201.0
2023-06-22 09:00:00+00:00,134.7,135.76,128.8,132.11,3479.0
2023-06-22 13:00:00+00:00,132.1,136.04,132.04,134.92,3841.0
2023-06-22 17:00:00+00:00,134.94,137.55,134.48,134.84,1603.0
2023-06-22 21:00:00+00:00,134.91,137.22,133.42,135.8,1680.0
2023-06-23 01:00:00+00:00,135.8,143.65,135.36,141.6,3706.0
2023-06-23 05:00:00+00:00,141.58,144.5,139.96,142.12,4266.0
2023-06-23 09:00:00+00:00,142.14,146.42,140.44,143.73,5136.0
2023-06-23 13:00:00+00:00,143.71,182.39,141.38,174.58,17815.0
2023-06-23 17:00:00+00:00,174.64,193.48,172.05,184.54,16302.0
2023-06-25 21:00:00+00:00,192.64,202.76,190.28,192.63,4995.0
2023-06-26 01:00:00+00:00,192.78,199.28,187.54,194.46,3351.0
2023-06-26 05:00:00+00:00,194.62,198.25,190.95,193.98,2803.0
2023-06-26 09:00:00+00:00,193.98,200.72,188.9,198.29,5999.0
2023-06-26 13:00:00+00:00,198.28,226.25,196.5,216.4,15970.0
2023-06-26 17:00:00+00:00,216.55,228.72,212.84,224.28,15031.0
2023-06-26 21:00:00+00:00,223.64,233.48,215.6,220.6,10360.0
2023-06-27 01:00:00+00:00,220.65,226.85,216.48,224.29,7577.0
2023-06-27 05:00:00+00:00,224.25,224.55,216.3,221.24,7642.0
2023-06-27 09:00:00+00:00,221.28,238.94,219.46,233.55,11496.0
2023-06-27 13:00:00+00:00,233.45,235.75,224.26,229.32,8156.0
2023-06-27 17:00:00+00:00,229.37,235.66,226.98,233.0,3927.0
2023-06-27 21:00:00+00:00,232.26,235.5,225.15,227.89,5647.0
2023-06-28 01:00:00+00:00,227.84,236.5,227.22,231.66,5682.0
2023-06-28 05:00:00+00:00,231.5,243.84,219.9,224.62,7233.0
2023-06-28 09:00:00+00:00,224.6,236.7,223.55,228.4,9236.0
2023-06-28 13:00:00+00:00,228.44,234.95,227.36,229.85,29276.0
2023-06-28 17:00:00+00:00,229.9,230.7,221.3,226.03,16846.0
2023-06-28 21:00:00+00:00,227.1,229.07,223.62,225.6,19091.0
2023-06-29 01:00:00+00:00,225.56,231.84,225.1,226.24,11025.0
2023-06-29 05:00:00+00:00,226.2,230.52,224.42,229.4,16198.0
2023-06-29 09:00:00+00:00,229.34,249.02,227.85,245.1,28498.0
2023-06-29 13:00:00+00:00,245.05,249.79,239.63,242.75,15191.0
2023-06-29 17:00:00+00:00,242.8,248.95,241.15,243.85,11626.0
2023-06-29 21:00:00+00:00,243.6,264.85,243.55,263.05,8964.0
2023-06-30 01:00:00+00:00,263.15,309.2,260.5,296.24,9793.0
2023-06-30 05:00:00+00:00,296.35,315.69,294.25,311.82,19239.0
2023-06-30 09:00:00+00:00,312.2,314.0,299.75,310.52,9182.0
2023-06-30 13:00:00+00:00,310.48,326.04,273.02,322.2,20190.0
2023-06-30 17:00:00+00:00,322.35,329.05,288.25,301.66,13056.0
2023-07-02 21:00:00+00:00,294.58,304.14,290.83,294.71,2257.0
2023-07-03 01:00:00+00:00,294.51,302.15,294.51,295.94,1536.0
2023-07-03 05:00:00+00:00,296.0,297.29,289.59,292.98,1635.0
2023-07-03 09:00:00+00:00,293.02,297.83,288.02,291.06,2516.0
2023-07-03 13:00:00+00:00,291.08,294.92,283.78,286.5,3999.0
2023-07-03 17:00:00+00:00,286.56,290.0,283.22,285.34,2428.0
2023-07-03 21:00:00+00:00,284.82,293.04,279.62,283.93,3419.0
2023-07-04 01:00:00+00:00,284.14,288.5,281.0,283.78,6138.0
2023-07-04 05:00:00+00:00,283.61,284.67,279.34,281.25,3422.0
2023-07-04 09:00:00+00:00,281.2,285.54,277.1,282.6,2516.0
2023-07-04 13:00:00+00:00,282.65,283.7,276.08,276.9,7556.0
2023-07-04 17:00:00+00:00,276.95,280.35,271.84,276.8,9564.0
2023-07-04 21:00:00+00:00,277.17,278.44,270.9,272.25,11250.0
2023-07-05 01:00:00+00:00,272.2,278.65,272.13,274.71,6536.0
2023-07-05 05:00:00+00:00,274.76,275.38,268.68,274.56,3238.0
2023-07-05 09:00:00+00:00,274.5,275.8,257.5,257.6,19208.0
2023-07-05 13:00:00+00:00,257.7,262.75,247.96,254.4,23044.0
2023-07-05 17:00:00+00:00,254.34,263.28,252.18,259.8,41939.0
2023-07-05 21:00:00+00:00,261.18,274.2,259.15,270.08,19180.0
2023-07-06 01:00:00+00:00,270.03,280.98,269.6,277.05,20710.0
2023-07-06 05:00:00+00:00,277.0,301.1,276.82,296.4,8857.0
2023-07-06 09:00:00+00:00,296.5,303.75,282.4,286.64,7321.0
2023-07-06 13:00:00+00:00,286.54,289.58,275.54,280.16,10901.0
2023-07-06 17:00:00+00:00,280.11,288.6,279.64,284.45,6189.0
2023-07-06 21:00:00+00:00,283.06,288.35,271.83,282.62,10399.0
2023-07-07 01:00:00+00:00,282.52,287.05,278.44,280.49,5102.0
2023-07-07 05:00:00+00:00,280.35,286.52,276.82,278.35,7284.0
2023-07-07 09:00:00+00:00,278.55,282.75,274.0,279.25,10911.0
2023-07-07 13:00:00+00:00,279.3,289.4,276.82,281.28,6893.0
2023-07-07 17:00:00+00:00,281.14,282.42,277.52,279.58,3563.0
2023-07-09 21:00:00+00:00,265.9,267.1,259.03,263.58,4749.0
2023-07-10 01:00:00+00:00,263.42,274.76,262.47,268.65,35072.0
2023-07-10 05:00:00+00:00,268.46,269.47,261.14,266.08,36497.0
2023-07-10 09:00:00+00:00,266.14,271.9,265.32,267.2,30260.0
2023-07-10 13:00:00+00:00,267.25,281.45,266.7,276.65,23929.0
2023-07-10 17:00:00+00:00,276.7,287.6,272.95,280.9,42503.0
2023-07-10 21:00:00+00:00,280.3,281.43,272.72,273.7,4722.0
2023-07-11 01:00:00+00:00,273.64,275.7,271.82,272.82,2613.0
2023-07-11 05:00:00+00:00,272.9,277.3,271.7,273.02,2704.0
2023-07-11 09:00:00+00:00,272.81,274.44,271.65,273.08,3153.0
2023-07-11 13:00:00+00:00,273.02,277.32,269.78,272.58,5843.0
2023-07-11 17:00:00+00:00,272.48,275.2,271.7,273.86,2685.0
2023-07-11 21:00:00+00:00,275.13,275.52,271.79,274.14,4461.0
2023-07-12 01:00:00+00:00,274.2,276.65,272.97,274.72,3175.0
2023-07-12 05:00:00+00:00,274.78,286.06,274.3,282.45,4568.0
2023-07-12 09:00:00+00:00,282.4,294.54,282.32,286.58,3734.0
2023-07-12 13:00:00+00:00,286.62,288.95,279.31,282.04,6137.0
2023-07-12 17:00:00+00:00,281.84,282.6,276.22,278.98,2990.0
2023-07-12 21:00:00+00:00,276.94,285.55,276.94,282.24,2358.0
2023-07-13 01:00:00+00:00,282.28,284.85,279.09,279.71,3677.0
2023-07-13 05:00:00+00:00,279.76,289.16,278.29,283.54,4599.0
2023-07-13 09:00:00+00:00,283.6,288.1,282.75,284.25,5406.0
2023-07-13 13:00:00+00:00,284.3,292.2,278.28,280.07,9358.0
2023-07-13 17:00:00+00:00,279.82,288.36,271.7,272.05,19626.0
2023-07-13 21:00:00+00:00,273.44,278.05,268.8,277.71,3638.0
2023-07-14 01:00:00+00:00,277.66,277.66,272.36,275.62,15574.0
2023-07-14 05:00:00+00:00,275.66,277.63,270.82,274.3,7627.0
2023-07-14 09:00:00+00:00,274.35,275.08,270.68,271.06,9192.0
2023-07-14 13:00:00+00:00,270.95,274.02,263.0,266.44,7910.0
2023-07-14 17:00:00+00:00,266.44,269.01,253.94,258.8,6337.0
2023-07-16 21:00:00+00:00,251.1,253.35,247.22,250.44,2400.0
2023-07-17 01:00:00+00:00,250.5,254.59,250.1,252.16,1081.0
2023-07-17 05:00:00+00:00,252.2,253.08,250.66,251.69,600.0
2023-07-17 09:00:00+00:00,251.1,251.72,241.45,245.24,4153.0
2023-07-17 13:00:00+00:00,245.24,247.7,237.83,239.64,4523.0
2023-07-17 17:00:00+00:00,239.6,241.18,235.6,239.06,6417.0
2023-07-17 21:00:00+00:00,239.54,244.05,237.42,242.1,1526.0
2023-07-18 01:00:00+00:00,242.15,243.39,239.18,240.0,1734.0
2023-07-18 05:00:00+00:00,239.8,240.45,232.74,236.65,4093.0
2023-07-18 09:00:00+00:00,236.75,238.4,231.4,231.75,3975.0
2023-07-18 13:00:00+00:00,232.3,246.15,232.05,243.85,7668.0
2023-07-18 17:00:00+00:00,243.5,244.15,239.2,240.95,3309.0
2023-07-18 21:00:00+00:00,241.35,249.02,240.78,248.45,2772.0
2023-07-19 01:00:00+00:00,248.5,251.9,247.85,248.5,1767.0
2023-07-19 05:00:00+00:00,248.6,250.5,244.2,244.53,1492.0
2023-07-19 09:00:00+00:00,244.55,247.55,243.17,244.46,1480.0
2023-07-19 13:00:00+00:00,244.46,248.6,242.5,243.95,21848.0
2023-07-19 17:00:00+00:00,243.9,247.18,243.35,243.45,11684.0
2023-07-19 21:00:00+00:00,242.24,246.42,240.23,245.48,14040.0
2023-07-20 01:00:00+00:00,245.54,246.4,242.5,242.92,16424.0
2023-07-20 05:00:00+00:00,242.94,250.1,242.55,248.68,18712.0
2023-07-20 09:00:00+00:00,248.72,255.4,247.45,248.82,22502.0
2023-07-20 13:00:00+00:00,248.84,250.98,241.26,242.07,11959.0
2023-07-20 17:00:00+00:00,242.06,243.9,240.12,241.94,25867.0
2023-07-20 21:00:00+00:00,239.98,245.56,239.82,242.66,5494.0
2023-07-21 01:00:00+00:00,242.4,247.25,242.15,243.95,10199.0
2023-07-21 05:00:00+00:00,243.64,244.24,242.04,243.32,7446.0
2023-07-21 09:00:00+00:00,243.3,246.3,241.5,244.6,9642.0
2023-07-21 13:00:00+00:00,244.6,245.88,243.22,245.51,6836.0
2023-07-21 17:00:00+00:00,245.31,248.26,244.4,246.65,9977.0
2023-07-23 21:00:00+00:00,248.86,253.68,245.07,250.3,7943.0
2023-07-24 01:00:00+00:00,250.3,251.04,244.55,248.12,32930.0
2023-07-24 05:00:00+00:00,248.17,248.75,245.05,245.3,19904.0
2023-07-24 09:00:00+00:00,245.24,246.19,237.95,241.56,17944.0
2023-07-24 13:00:00+00:00,241.44,242.3,238.05,240.94,28524.0
2023-07-24 17:00:00+00:00,240.92,240.92,235.55,236.94,2200.0
2023-07-24 21:00:00+00:00,236.9,239.4,235.74,236.6,9041.0
2023-07-25 01:00:00+00:00,236.62,238.23,234.44,235.24,13626.0
2023-07-25 05:00:00+00:00,235.3,236.34,231.7,234.13,21581.0
2023-07-25 09:00:00+00:00,234.2,236.0,232.85,233.3,20086.0
2023-07-25 13:00:00+00:00,233.34,239.45,232.85,236.04,35826.0
2023-07-25 17:00:00+00:00,236.02,238.45,233.89,235.15,27916.0
2023-07-25 21:00:00+00:00,235.66,238.22,233.5,235.3,4476.0
2023-07-26 01:00:00+00:00,235.34,239.4,233.56,236.89,15673.0
2023-07-26 05:00:00+00:00,236.91,239.2,236.01,236.18,8890.0
2023-07-26 09:00:00+00:00,236.21,236.94,234.26,236.46,10280.0
2023-07-26 13:00:00+00:00,236.52,240.3,236.05,239.52,12627.0
2023-07-26 17:00:00+00:00,239.48,244.8,238.3,243.7,28641.0
2023-07-26 21:00:00+00:00,243.92,243.92,239.39,241.65,14564.0
2023-07-27 01:00:00+00:00,241.6,249.65,240.87,249.22,13980.0
2023-07-27 05:00:00+00:00,249.29,249.6,245.7,247.42,12271.0
2023-07-27 09:00:00+00:00,247.38,248.6,245.0,246.14,11457.0
2023-07-27 13:00:00+00:00,246.12,246.23,242.78,243.58,9142.0
2023-07-27 17:00:00+00:00,243.24,244.0,240.84,243.0,17015.0
2023-07-27 21:00:00+00:00,240.95,245.56,240.88,244.34,15772.0
2023-07-28 01:00:00+00:00,244.44,244.57,242.15,242.9,12025.0
2023-07-28 05:00:00+00:00,242.91,243.18,241.16,242.65,7488.0
2023-07-28 09:00:00+00:00,242.5,244.1,242.26,243.76,4947.0
2023-07-28 13:00:00+00:00,243.56,245.13,242.54,242.84,5437.0
2023-07-28 17:00:00+00:00,242.84,242.85,241.16,242.32,1981.0
2023-07-30 21:00:00+00:00,250.3,259.2,249.0,258.37,10139.0
2023-07-31 01:00:00+00:00,258.39,258.8,252.29,252.54,10062.0
2023-07-31 05:00:00+00:00,252.56,254.7,250.58,253.74,7898.0
2023-07-31 09:00:00+00:00,253.8,254.7,251.14,252.62,2995.0
2023-07-31 13:00:00+00:00,252.33,253.6,247.15,248.03,4733.0
2023-07-31 17:00:00+00:00,248.04,252.42,247.44,249.36,7320.0
2023-07-31 21:00:00+00:00,246.97,251.2,245.04,248.2,1988.0
2023-08-01 01:00:00+00:00,248.22,248.57,239.56,241.93,6750.0
2023-08-01 05:00:00+00:00,241.83,244.1,241.45,244.0,4790.0
2023-08-01 09:00:00+00:00,244.05,244.05,239.9,241.54,7652.0
2023-08-01 13:00:00+00:00,241.34,243.2,238.44,239.75,22419.0
2023-08-01 17:00:00+00:00,239.74,243.4,239.74,241.34,11842.0
2023-08-01 21:00:00+00:00,241.62,246.92,240.88,244.12,5474.0
2023-08-02 01:00:00+00:00,244.12,245.98,241.42,241.94,4096.0
2023-08-02 05:00:00+00:00,241.89,242.1,235.71,237.53,2405.0
2023-08-02 09:00:00+00:00,237.54,239.19,235.64,236.26,1125.0
2023-08-02 13:00:00+00:00,236.25,236.44,221.3,226.22,3723.0
2023-08-02 17:00:00+00:00,226.22,228.59,225.74,227.91,3035.0
2023-08-02 21:00:00+00:00,227.9,231.04,227.27,228.64,1749.0
2023-08-03 01:00:00+00:00,228.64,231.6,228.22,229.44,1447.0
2023-08-03 05:00:00+00:00,229.46,229.64,225.94,227.33,2217.0
2023-08-03 09:00:00+00:00,227.37,230.6,226.71,227.53,2270.0
2023-08-03 13:00:00+00:00,227.58,231.12,227.45,229.11,2267.0
2023-08-03 17:00:00+00:00,229.09,229.88,227.72,228.94,1059.0
2023-08-03 21:00:00+00:00,229.37,229.46,222.5,228.38,1800.0
2023-08-04 01:00:00+00:00,228.37,229.62,225.96,228.7,1318.0
2023-08-04 05:00:00+00:00,228.67,229.67,226.34,226.58,1756.0
2023-08-04 09:00:00+00:00,226.54,228.95,225.88,227.24,1168.0
2023-08-04 13:00:00+00:00,227.25,228.74,226.58,227.62,1518.0
2023-08-04 17:00:00+00:00,227.64,227.66,220.22,221.92,2433.0
2023-08-06 21:00:00+00:00,221.47,224.16,217.12,219.13,991.0
2023-08-07 01:00:00+00:00,219.15,234.04,219.15,231.27,2290.0
2023-08-07 05:00:00+00:00,231.22,232.42,228.94,231.86,1048.0
2023-08-07 09:00:00+00:00,231.82,244.09,231.25,238.09,2408.0
2023-08-07 13:00:00+00:00,238.24,238.54,230.04,233.95,2334.0
2023-08-07 17:00:00+00:00,234.0,239.32,233.7,236.95,1357.0
2023-08-07 21:00:00+00:00,237.17,239.85,236.89,239.75,1320.0
2023-08-08 01:00:00+00:00,239.71,242.74,235.56,235.66,2232.0
2023-08-08 05:00:00+00:00,235.56,237.05,234.21,235.53,1352.0
2023-08-08 09:00:00+00:00,235.6,248.23,234.96,248.0,3653.0
2023-08-08 13:00:00+00:00,247.85,248.9,236.7,239.6,3379.0
2023-08-08 17:00:00+00:00,239.44,242.11,237.86,241.2,1604.0
2023-08-08 21:00:00+00:00,242.0,243.12,237.7,238.85,2093.0
2023-08-09 01:00:00+00:00,238.9,239.58,234.73,236.14,1779.0
2023-08-09 05:00:00+00:00,236.2,237.2,235.2,236.75,1308.0
2023-08-09 09:00:00+00:00,236.55,238.4,235.86,238.25,1438.0
2023-08-09 13:00:00+00:00,238.28,239.0,235.22,236.6,2118.0
2023-08-09 17:00:00+00:00,236.35,238.95,235.75,237.3,1710.0
2023-08-09 21:00:00+00:00,237.02,240.0,233.94,238.76,1724.0
2023-08-10 01:00:00+00:00,239.08,240.3,236.76,237.84,1441.0
2023-08-10 05:00:00+00:00,237.74,237.75,233.8,234.8,1277.0
2023-08-10 09:00:00+00:00,234.81,235.14,231.97,234.15,1244.0
2023-08-10 13:00:00+00:00,234.3,236.54,232.1,232.28,1920.0
2023-08-10 17:00:00+00:00,232.24,232.6,230.1,231.22,1478.0
2023-08-10 21:00:00+00:00,231.62,232.7,231.18,232.6,728.0
2023-08-11 01:00:00+00:00,232.39,232.6,228.84,229.62,999.0
2023-08-11 05:00:00+00:00,229.58,230.85,226.8,227.46,1369.0
2023-08-11 09:00:00+00:00,227.16,229.3,226.82,227.48,1771.0
2023-08-11 13:00:00+00:00,227.32,229.5,226.9,228.25,1579.0
2023-08-11 17:00:00+00:00,228.25,229.3,226.82,227.94,1404.0
2023-08-13 21:00:00+00:00,229.44,229.93,226.86,228.86,1815.0
2023-08-14 01:00:00+00:00,229.12,229.4,225.15,228.82,2077.0
2023-08-14 05:00:00+00:00,229.16,230.45,228.55,229.6,1144.0
2023-08-14 09:00:00+00:00,229.5,230.06,227.55,228.3,1039.0
2023-08-14 13:00:00+00:00,228.1,230.96,227.12,230.44,1916.0
2023-08-14 17:00:00+00:00,230.47,230.72,227.2,229.34,1688.0
2023-08-14 21:00:00+00:00,229.4,230.7,228.8,229.6,563.0
2023-08-15 01:00:00+00:00,229.64,230.04,228.18,229.06,1043.0
2023-08-15 05:00:00+00:00,229.06,233.99,228.24,232.95,8573.0
2023-08-15 09:00:00+00:00,233.0,235.05,232.04,234.65,13280.0
2023-08-15 13:00:00+00:00,234.5,235.15,232.34,234.41,2799.0
2023-08-15 17:00:00+00:00,234.48,236.86,224.62,230.27,5111.0
2023-08-15 21:00:00+00:00,230.41,231.02,227.64,229.94,1856.0
2023-08-16 01:00:00+00:00,229.91,230.15,226.93,227.19,1859.0
2023-08-16 05:00:00+00:00,227.18,227.82,224.22,224.24,1526.0
2023-08-16 09:00:00+00:00,224.28,224.55,219.32,220.7,3071.0
2023-08-16 13:00:00+00:00,220.68,221.24,213.06,215.22,6029.0
2023-08-16 17:00:00+00:00,215.24,217.42,200.03,206.79,6179.0
2023-08-16 21:00:00+00:00,205.58,208.26,201.79,206.95,4953.0
2023-08-17 01:00:00+00:00,206.98,211.18,206.4,208.97,2809.0
2023-08-17 05:00:00+00:00,208.7,210.85,208.26,209.18,1580.0
2023-08-17 09:00:00+00:00,209.14,210.13,206.74,207.6,2945.0
2023-08-17 13:00:00+00:00,207.65,208.18,201.2,203.03,7495.0
2023-08-17 17:00:00+00:00,203.1,205.15,201.05,202.25,2320.0
2023-08-17 21:00:00+00:00,200.32,202.3,164.1,184.13,13427.0
2023-08-18 01:00:00+00:00,184.16,184.65,178.28,181.78,4932.0
2023-08-18 05:00:00+00:00,181.81,187.0,181.03,186.06,4903.0
2023-08-18 09:00:00+00:00,185.96,187.0,183.82,184.45,2868.0
2023-08-18 13:00:00+00:00,184.4,186.65,183.71,185.22,6027.0
2023-08-18 17:00:00+00:00,185.18,191.27,182.4,188.0,6647.0
2023-08-20 21:00:00+00:00,188.75,190.06,187.53,189.0,1164.0
2023-08-21 01:00:00+00:00,189.0,189.7,187.82,188.04,971.0
2023-08-21 05:00:00+00:00,188.02,194.39,186.12,187.86,2845.0
2023-08-21 09:00:00+00:00,187.88,189.28,185.43,187.13,1680.0
2023-08-21 13:00:00+00:00,187.15,188.7,180.68,183.73,2994.0
2023-08-21 17:00:00+00:00,183.74,187.22,183.63,186.6,982.0
2023-08-21 21:00:00+00:00,186.55,187.22,183.95,184.58,629.0
2023-08-22 01:00:00+00:00,184.56,185.77,184.3,184.48,593.0
2023-08-22 05:00:00+00:00,184.44,186.32,184.41,185.6,639.0
2023-08-22 09:00:00+00:00,185.58,186.83,185.37,186.07,584.0
2023-08-22 13:00:00+00:00,186.08,188.22,183.54,185.77,2998.0
2023-08-22 17:00:00+00:00,185.78,185.81,181.22,183.46,2265.0
2023-08-22 21:00:00+00:00,183.48,186.9,176.88,186.8,3327.0
2023-08-23 01:00:00+00:00,186.81,188.28,186.2,187.26,1789.0
2023-08-23 05:00:00+00:00,187.28,189.0,186.6,187.51,1356.0
2023-08-23 09:00:00+00:00,187.56,188.66,186.86,187.28,1132.0
2023-08-23 13:00:00+00:00,187.28,195.0,186.89,193.62,7001.0
2023-08-23 17:00:00+00:00,193.58,196.6,192.98,194.08,12396.0
2023-08-23 21:00:00+00:00,194.16,195.92,192.22,193.16,9611.0
2023-08-24 01:00:00+00:00,193.16,193.42,192.35,193.02,491.0
2023-08-24 05:00:00+00:00,193.04,193.3,191.0,191.85,10934.0
2023-08-24 09:00:00+00:00,191.75,192.63,190.72,191.82,15734.0
2023-08-24 13:00:00+00:00,191.8,192.44,188.68,191.07,7759.0
2023-08-24 17:00:00+00:00,191.08,192.1,188.88,189.74,8784.0
2023-08-24 21:00:00+00:00,190.62,195.15,188.2,192.9,15697.0
2023-08-25 01:00:00+00:00,192.92,193.98,188.72,188.86,9977.0
2023-08-25 05:00:00+00:00,188.9,191.6,188.78,190.74,1095.0
2023-08-25 09:00:00+00:00,190.74,191.34,190.27,190.31,875.0
2023-08-25 13:00:00+00:00,190.36,192.75,188.15,189.7,3399.0
2023-08-25 17:00:00+00:00,189.64,193.7,189.32,192.2,1577.0
2023-08-27 21:00:00+00:00,196.28,201.23,195.1,195.4,2197.0
2023-08-28 01:00:00+00:00,195.35,196.14,193.49,193.82,2107.0
2023-08-28 05:00:00+00:00,193.8,194.1,191.46,191.78,18063.0
2023-08-28 09:00:00+00:00,191.76,193.86,189.9,192.68,22086.0
2023-08-28 13:00:00+00:00,192.69,192.85,189.54,190.54,1161.0
2023-08-28 17:00:00+00:00,190.54,191.8,188.48,189.15,895.0
2023-08-28 21:00:00+00:00,189.06,191.1,186.63,191.1,1138.0
2023-08-29 01:00:00+00:00,191.06,192.34,190.04,190.84,1218.0
2023-08-29 05:00:00+00:00,190.86,191.11,188.64,190.27,1614.0
2023-08-29 09:00:00+00:00,190.08,192.95,188.65,192.86,2457.0
2023-08-29 13:00:00+00:00,192.88,221.27,192.39,220.54,10400.0
2023-08-29 17:00:00+00:00,220.46,228.12,217.24,221.02,7919.0
2023-08-29 21:00:00+00:00,221.64,227.76,219.4,222.7,4110.0
2023-08-30 01:00:00+00:00,222.6,223.8,218.34,219.62,2087.0
2023-08-30 05:00:00+00:00,219.55,220.54,216.25,219.62,1193.0
2023-08-30 09:00:00+00:00,219.61,219.61,214.36,215.63,1355.0
2023-08-30 13:00:00+00:00,215.64,218.22,212.24,213.72,3920.0
2023-08-30 17:00:00+00:00,213.69,214.2,211.49,214.06,1076.0
2023-08-30 21:00:00+00:00,213.72,216.6,211.33,214.26,1175.0
2023-08-31 01:00:00+00:00,214.22,214.73,212.3,213.78,807.0
2023-08-31 05:00:00+00:00,213.74,222.7,212.66,218.74,5349.0
2023-08-31 09:00:00+00:00,218.71,222.7,216.19,218.96,5348.0
2023-08-31 13:00:00+00:00,218.97,219.09,207.3,207.4,4170.0
2023-08-31 17:00:00+00:00,207.56,208.46,202.94,205.6,2226.0
2023-08-31 21:00:00+00:00,203.89,210.96,203.83,209.4,1338.0
2023-09-01 01:00:00+00:00,209.5,209.5,207.08,207.16,1103.0
2023-09-01 05:00:00+00:00,207.22,208.18,204.9,205.9,967.0
2023-09-01 09:00:00+00:00,205.9,207.88,205.46,207.42,1300.0
2023-09-01 13:00:00+00:00,207.32,207.44,200.58,201.18,3984.0
2023-09-01 17:00:00+00:00,201.16,202.29,197.54,200.64,3295.0
2023-09-03 21:00:00+00:00,200.3,200.3,193.39,195.41,1103.0
2023-09-04 01:00:00+00:00,195.38,198.96,194.72,197.27,1549.0
2023-09-04 05:00:00+00:00,197.24,197.56,193.56,195.76,922.0
2023-09-04 09:00:00+00:00,195.77,195.94,191.6,191.94,1094.0
2023-09-04 13:00:00+00:00,191.93,194.52,189.68,192.68,3765.0
2023-09-04 17:00:00+00:00,192.66,194.72,192.04,193.11,1141.0
2023-09-04 21:00:00+00:00,191.75,193.95,190.05,192.76,1503.0
2023-09-05 01:00:00+00:00,192.8,193.26,190.5,192.05,842.0
2023-09-05 05:00:00+00:00,192.16,193.21,190.8,192.66,1035.0
2023-09-05 09:00:00+00:00,192.76,194.92,192.18,194.29,1089.0
2023-09-05 13:00:00+00:00,194.34,194.34,191.08,191.34,2228.0
2023-09-05 17:00:00+00:00,191.28,191.68,189.2,189.38,1048.0
2023-09-05 21:00:00+00:00,187.06,192.39,186.95,191.76,911.0
2023-09-06 01:00:00+00:00,191.72,194.0,191.58,192.2,937.0
2023-09-06 05:00:00+00:00,192.16,192.72,191.4,192.4,556.0
2023-09-06 09:00:00+00:00,192.46,193.38,192.08,192.38,531.0
2023-09-06 13:00:00+00:00,192.4,193.24,190.45,191.94,2277.0
2023-09-06 17:00:00+00:00,191.92,195.65,189.36,192.5,2405.0
2023-09-06 21:00:00+00:00,192.83,193.89,190.41,192.62,1069.0
2023-09-07 01:00:00+00:00,192.67,192.89,191.5,192.04,884.0
2023-09-07 05:00:00+00:00,192.08,192.55,191.0,191.51,731.0
2023-09-07 09:00:00+00:00,191.32,192.04,189.84,190.54,640.0
2023-09-07 13:00:00+00:00,190.44,191.66,190.04,190.8,961.0
2023-09-07 17:00:00+00:00,190.85,191.82,190.02,191.62,725.0
2023-09-07 21:00:00+00:00,191.76,194.78,191.71,194.55,1646.0
2023-09-08 01:00:00+00:00,194.52,197.02,193.98,196.04,1419.0
2023-09-08 05:00:00+00:00,196.05,196.38,193.57,194.36,723.0
2023-09-08 09:00:00+00:00,194.36,194.51,190.5,191.64,1288.0
2023-09-08 13:00:00+00:00,191.66,192.58,191.08,191.62,1091.0
2023-09-08 17:00:00+00:00,191.56,192.9,191.3,192.8,496.0
2023-09-10 21:00:00+00:00,190.2,192.62,188.8,189.44,1336.0
2023-09-11 01:00:00+00:00,189.48,190.8,188.2,189.74,786.0
2023-09-11 05:00:00+00:00,189.82,191.7,188.62,189.21,1628.0
2023-09-11 09:00:00+00:00,189.31,189.64,184.96,187.94,2449.0
2023-09-11 13:00:00+00:00,187.93,188.62,182.5,183.83,3171.0
2023-09-11 17:00:00+00:00,183.89,184.87,180.48,183.92,2165.0
2023-09-11 21:00:00+00:00,183.88,186.34,182.78,185.38,1442.0
2023-09-12 01:00:00+00:00,185.42,193.5,184.2,190.74,3196.0
2023-09-12 05:00:00+00:00,190.76,191.48,189.04,190.57,1136.0
2023-09-12 09:00:00+00:00,190.6,200.56,190.6,198.2,2418.0
2023-09-12 13:00:00+00:00,198.33,210.3,195.46,207.3,4169.0
2023-09-12 17:00:00+00:00,207.22,207.85,200.82,202.32,2377.0
2023-09-12 21:00:00+00:00,202.32,202.98,197.41,199.16,3045.0
2023-09-13 01:00:00+00:00,199.2,201.1,196.56,198.26,2345.0
2023-09-13 05:00:00+00:00,198.32,204.19,195.7,201.94,3479.0
2023-09-13 09:00:00+00:00,201.88,203.6,199.74,201.62,2469.0
2023-09-13 13:00:00+00:00,201.7,202.85,199.4,201.4,1749.0
2023-09-13 17:00:00+00:00,201.52,202.1,197.92,199.08,1339.0
2023-09-13 21:00:00+00:00,199.08,204.45,196.79,204.45,1267.0
2023-09-14 01:00:00+00:00,204.41,204.5,199.64,200.04,1491.0
2023-09-14 05:00:00+00:00,200.0,201.62,198.8,201.17,752.0
2023-09-14 09:00:00+00:00,201.14,203.25,200.46,201.61,974.0
2023-09-14 13:00:00+00:00,201.51,209.8,201.34,208.78,2996.0
2023-09-14 17:00:00+00:00,208.86,210.6,206.4,207.16,1207.0
2023-09-14 21:00:00+00:00,207.48,209.68,206.18,207.12,2939.0
2023-09-15 01:00:00+00:00,207.16,220.84,206.66,217.6,3419.0
2023-09-15 05:00:00+00:00,217.57,219.9,215.82,217.98,2680.0
2023-09-15 09:00:00+00:00,217.68,219.48,212.29,212.78,1826.0
2023-09-15 13:00:00+00:00,212.78,215.6,210.94,213.54,2193.0
2023-09-15 17:00:00+00:00,213.49,214.24,211.32,213.6,782.0
2023-09-17 21:00:00+00:00,206.87,211.28,206.16,209.84,2773.0
2023-09-18 01:00:00+00:00,209.9,216.14,209.5,214.55,3264.0
2023-09-18 05:00:00+00:00,214.4,215.9,212.66,214.48,2092.0
2023-09-18 09:00:00+00:00,214.48,225.52,214.22,223.42,5897.0
2023-09-18 13:00:00+00:00,223.32,223.72,219.9,222.16,4228.0
2023-09-18 17:00:00+00:00,222.24,223.12,215.65,216.65,3599.0
2023-09-18 21:00:00+00:00,216.08,219.44,215.74,216.0,3245.0
2023-09-19 01:00:00+00:00,215.94,218.94,214.6,218.52,3488.0
2023-09-19 05:00:00+00:00,218.32,220.3,216.32,220.12,1519.0
2023-09-19 09:00:00+00:00,220.08,222.4,217.78,218.7,5054.0
2023-09-19 13:00:00+00:00,218.71,221.75,216.34,219.42,6188.0
2023-09-19 17:00:00+00:00,219.44,220.04,217.25,218.02,3972.0
2023-09-19 21:00:00+00:00,217.95,219.44,216.68,217.74,2246.0
2023-09-20 01:00:00+00:00,217.64,220.96,215.2,216.27,2319.0
2023-09-20 05:00:00+00:00,216.16,216.94,214.6,216.72,1130.0
2023-09-20 09:00:00+00:00,216.7,216.7,211.5,212.62,2935.0
2023-09-20 13:00:00+00:00,212.56,216.2,211.95,215.26,2838.0
2023-09-20 17:00:00+00:00,215.32,218.82,212.92,215.62,3604.0
2023-09-20 21:00:00+00:00,216.48,217.28,214.22,214.62,2011.0
2023-09-21 01:00:00+00:00,214.66,214.78,213.0,214.02,1079.0
2023-09-21 05:00:00+00:00,213.78,214.4,211.7,212.48,1676.0
2023-09-21 09:00:00+00:00,212.46,212.75,206.48,209.06,2995.0
2023-09-21 13:00:00+00:00,209.16,209.26,205.78,206.68,2483.0
2023-09-21 17:00:00+00:00,206.77,208.4,206.57,208.16,1765.0
2023-09-21 21:00:00+00:00,207.94,209.1,204.24,208.13,2288.0
2023-09-22 01:00:00+00:00,208.04,210.08,206.44,208.71,2269.0
2023-09-22 05:00:00+00:00,208.75,210.09,207.43,209.16,755.0
2023-09-22 09:00:00+00:00,209.15,209.66,207.74,208.04,889.0
2023-09-22 13:00:00+00:00,208.11,208.46,205.64,206.32,2740.0
2023-09-22 17:00:00+00:00,206.3,207.87,205.21,206.99,1413.0
2023-09-24 21:00:00+00:00,204.94,207.91,201.8,205.07,2071.0
2023-09-25 01:00:00+00:00,205.05,207.15,204.85,205.92,1003.0
2023-09-25 05:00:00+00:00,205.94,207.87,204.34,206.9,792.0
2023-09-25 09:00:00+00:00,206.95,207.26,205.64,206.88,884.0
2023-09-25 13:00:00+00:00,206.86,213.62,206.66,211.03,2335.0
2023-09-25 17:00:00+00:00,211.08,212.16,209.46,209.47,928.0
2023-09-25 21:00:00+00:00,210.3,211.14,209.5,210.86,976.0
2023-09-26 01:00:00+00:00,210.84,212.35,210.14,211.94,753.0
2023-09-26 05:00:00+00:00,211.91,214.14,211.18,213.02,1013.0
2023-09-26 09:00:00+00:00,213.01,215.6,211.81,212.51,1214.0
2023-09-26 13:00:00+00:00,212.49,215.7,211.56,214.62,1559.0
2023-09-26 17:00:00+00:00,214.73,214.94,213.22,213.44,772.0
2023-09-26 21:00:00+00:00,211.83,218.69,211.5,216.3,1511.0
2023-09-27 01:00:00+00:00,216.35,216.54,213.31,214.02,938.0
2023-09-27 05:00:00+00:00,214.09,215.55,213.93,214.72,719.0
2023-09-27 09:00:00+00:00,214.72,232.9,214.68,230.43,3990.0
2023-09-27 13:00:00+00:00,230.38,236.6,223.48,228.05,5373.0
2023-09-27 17:00:00+00:00,228.0,232.2,225.16,229.6,3741.0
2023-09-27 21:00:00+00:00,229.44,235.56,227.13,232.42,3104.0
2023-09-28 01:00:00+00:00,232.32,235.4,228.8,232.02,3902.0
2023-09-28 05:00:00+00:00,232.06,239.13,232.06,236.0,3989.0
2023-09-28 09:00:00+00:00,235.98,237.5,232.18,232.82,3815.0
2023-09-28 13:00:00+00:00,232.79,245.21,232.16,239.4,7169.0
2023-09-28 17:00:00+00:00,239.46,241.85,235.66,239.04,3800.0
2023-09-28 21:00:00+00:00,238.74,241.08,235.88,237.03,3570.0
2023-09-29 01:00:00+00:00,237.06,237.35,234.45,236.44,1740.0
2023-09-29 05:00:00+00:00,236.34,239.94,235.2,236.49,2053.0
2023-09-29 09:00:00+00:00,236.6,237.07,231.94,233.98,3066.0
2023-09-29 13:00:00+00:00,233.92,233.96,228.86,231.02,2362.0
2023-09-29 17:00:00+00:00,230.92,238.27,230.3,234.45,2095.0
2023-10-01 21:00:00+00:00,235.01,245.14,232.96,241.8,2741.0
2023-10-02 01:00:00+00:00,241.7,245.3,241.3,242.85,885.0
2023-10-02 05:00:00+00:00,242.7,244.68,241.26,242.67,949.0
2023-10-02 09:00:00+00:00,242.72,247.78,241.38,245.8,2574.0
2023-10-02 13:00:00+00:00,245.65,255.7,243.7,250.7,4281.0
2023-10-02 17:00:00+00:00,250.75,253.35,244.86,250.2,2681.0
2023-10-02 21:00:00+00:00,250.04,250.32,242.2,248.1,4200.0
2023-10-03 01:00:00+00:00,248.06,251.24,241.04,243.06,2959.0
2023-10-03 05:00:00+00:00,243.06,243.86,239.95,241.45,558.0
2023-10-03 09:00:00+00:00,241.5,241.9,238.18,239.54,1683.0
2023-10-03 13:00:00+00:00,239.55,241.3,233.41,234.1,2358.0
2023-10-03 17:00:00+00:00,234.12,234.74,230.5,232.28,1026.0
2023-10-03 21:00:00+00:00,232.12,233.04,224.06,226.56,2412.0
2023-10-04 01:00:00+00:00,226.62,230.4,225.91,229.64,1357.0
2023-10-04 05:00:00+00:00,229.66,231.94,228.24,231.0,1055.0
2023-10-04 09:00:00+00:00,231.14,232.74,229.8,231.02,1350.0
2023-10-04 13:00:00+00:00,231.1,231.1,226.5,229.2,3514.0
2023-10-04 17:00:00+00:00,229.19,230.75,226.64,229.5,1915.0
2023-10-04 21:00:00+00:00,229.98,234.76,227.79,233.56,2132.0
2023-10-05 01:00:00+00:00,233.56,233.56,229.97,231.18,2108.0
2023-10-05 05:00:00+00:00,231.15,231.61,228.36,229.95,962.0
2023-10-05 09:00:00+00:00,229.9,231.1,228.58,229.28,877.0
2023-10-05 13:00:00+00:00,229.28,234.84,226.54,228.34,5103.0
2023-10-05 17:00:00+00:00,228.29,230.44,225.4,230.03,1680.0
2023-10-05 21:00:00+00:00,231.16,233.69,229.5,232.15,1941.0
2023-10-06 01:00:00+00:00,232.03,232.9,228.78,229.16,1216.0
2023-10-06 05:00:00+00:00,229.12,231.58,228.59,229.98,1460.0
2023-10-06 09:00:00+00:00,229.94,230.88,226.1,226.94,2151.0
2023-10-06 13:00:00+00:00,227.0,232.8,226.0,231.02,3401.0
2023-10-06 17:00:00+00:00,231.05,232.94,230.7,232.52,2339.0
2023-10-08 21:00:00+00:00,229.62,229.88,225.53,226.14,1453.0
2023-10-09 01:00:00+00:00,226.18,229.22,225.84,228.81,725.0
2023-10-09 05:00:00+00:00,228.71,229.1,224.18,224.86,1485.0
2023-10-09 09:00:00+00:00,224.6,225.64,210.57,217.22,3191.0
2023-10-09 13:00:00+00:00,217.26,218.06,210.8,214.83,2412.0
2023-10-09 17:00:00+00:00,214.78,219.84,213.66,218.53,2365.0
2023-10-09 21:00:00+00:00,218.8,220.47,217.2,219.44,1899.0
2023-10-10 01:00:00+00:00,219.24,220.14,217.76,218.3,2040.0
2023-10-10 05:00:00+00:00,218.34,219.64,217.88,218.3,1218.0
2023-10-10 09:00:00+00:00,218.34,218.56,213.25,214.0,1448.0
2023-10-10 13:00:00+00:00,214.06,215.94,211.0,213.16,4994.0
2023-10-10 17:00:00+00:00,213.2,213.42,210.32,211.78,1695.0
2023-10-10 21:00:00+00:00,211.78,214.15,209.58,212.91,1826.0
2023-10-11 01:00:00+00:00,212.93,213.58,206.35,211.7,2897.0
2023-10-11 05:00:00+00:00,211.46,216.9,211.25,213.9,2087.0
2023-10-11 09:00:00+00:00,213.94,215.8,212.35,213.18,1865.0
2023-10-11 13:00:00+00:00,213.23,214.58,210.32,212.63,3022.0
2023-10-11 17:00:00+00:00,212.57,214.01,211.45,213.09,1604.0
2023-10-11 21:00:00+00:00,213.3,214.9,213.02,213.36,966.0
2023-10-12 01:00:00+00:00,213.46,214.78,211.64,213.82,987.0
2023-10-12 05:00:00+00:00,213.82,215.43,213.44,213.56,668.0
2023-10-12 09:00:00+00:00,213.52,215.75,211.19,215.19,1763.0
2023-10-12 13:00:00+00:00,215.16,217.26,207.36,210.54,2785.0
2023-10-12 17:00:00+00:00,210.52,212.3,209.83,212.3,1373.0
2023-10-12 21:00:00+00:00,212.1,214.84,210.27,213.78,1384.0
2023-10-13 01:00:00+00:00,213.76,214.73,211.6,212.14,856.0
2023-10-13 05:00:00+00:00,212.17,214.24,211.8,212.5,755.0
2023-10-13 09:00:00+00:00,212.46,215.24,211.9,214.68,909.0
2023-10-13 13:00:00+00:00,214.7,215.22,212.56,213.93,1071.0
2023-10-13 17:00:00+00:00,213.93,217.8,213.6,216.81,837.0
2023-10-15 21:00:00+00:00,216.42,216.76,214.66,215.3,1588.0
2023-10-16 01:00:00+00:00,215.33,217.86,215.08,217.54,1100.0
2023-10-16 05:00:00+00:00,217.28,228.3,217.28,226.64,2938.0
2023-10-16 09:00:00+00:00,226.74,232.78,224.56,230.62,2892.0
2023-10-16 13:00:00+00:00,230.69,251.18,225.96,228.04,10280.0
2023-10-16 17:00:00+00:00,228.1,235.74,228.1,231.6,5614.0
2023-10-16 21:00:00+00:00,231.35,233.18,227.86,228.36,3032.0
2023-10-17 01:00:00+00:00,228.32,228.8,225.7,227.58,976.0
2023-10-17 05:00:00+00:00,227.58,230.44,226.22,229.74,1220.0
2023-10-17 09:00:00+00:00,229.8,232.6,228.11,228.4,1456.0
2023-10-17 13:00:00+00:00,228.34,229.93,223.74,227.82,2464.0
2023-10-17 17:00:00+00:00,227.89,227.94,224.49,226.69,2500.0
2023-10-17 21:00:00+00:00,226.56,228.46,224.58,226.08,1141.0
2023-10-18 01:00:00+00:00,226.04,233.24,224.34,231.0,2530.0
2023-10-18 05:00:00+00:00,230.9,232.36,228.38,230.6,1103.0
2023-10-18 09:00:00+00:00,230.54,231.12,227.95,228.84,637.0
2023-10-18 13:00:00+00:00,228.8,231.66,228.06,229.36,1460.0
2023-10-18 17:00:00+00:00,229.34,229.94,225.95,226.85,587.0
2023-10-18 21:00:00+00:00,227.12,228.04,225.15,227.8,972.0
2023-10-19 01:00:00+00:00,227.76,229.15,224.8,227.0,1593.0
2023-10-19 05:00:00+00:00,226.98,227.9,226.4,226.73,626.0
2023-10-19 09:00:00+00:00,226.69,229.65,226.24,228.56,1000.0
2023-10-19 13:00:00+00:00,228.27,235.25,228.27,230.96,2152.0
2023-10-19 17:00:00+00:00,230.96,231.92,227.86,229.9,821.0
2023-10-19 21:00:00+00:00,228.1,230.06,224.87,226.94,1716.0
2023-10-20 01:00:00+00:00,227.0,239.34,226.18,238.42,3439.0
2023-10-20 05:00:00+00:00,238.46,244.35,234.62,241.95,3006.0
2023-10-20 09:00:00+00:00,242.0,250.12,238.95,239.82,6936.0
2023-10-20 13:00:00+00:00,239.85,244.4,238.6,240.04,5199.0
2023-10-20 17:00:00+00:00,240.03,242.21,238.64,240.4,1263.0
2023-10-22 21:00:00+00:00,239.7,244.53,236.46,243.76,2490.0
2023-10-23 01:00:00+00:00,243.98,251.36,242.96,249.41,3505.0
2023-10-23 05:00:00+00:00,249.4,251.8,242.32,246.2,2156.0
2023-10-23 09:00:00+00:00,246.2,246.5,240.28,242.57,1426.0
2023-10-23 13:00:00+00:00,242.45,250.25,240.46,249.05,3330.0
2023-10-23 17:00:00+00:00,249.15,253.4,245.34,251.57,5546.0
2023-10-23 21:00:00+00:00,251.8,267.84,250.21,263.48,9022.0
2023-10-24 01:00:00+00:00,263.48,269.4,258.6,260.55,4274.0
2023-10-24 05:00:00+00:00,260.55,261.6,253.6,258.98,4397.0
2023-10-24 09:00:00+00:00,258.92,264.14,257.64,261.2,2473.0
2023-10-24 13:00:00+00:00,260.94,260.94,245.47,251.56,5393.0
2023-10-24 17:00:00+00:00,251.36,252.72,248.05,249.15,3142.0
2023-10-24 21:00:00+00:00,248.81,254.9,246.25,254.5,4351.0
2023-10-25 01:00:00+00:00,254.4,257.2,251.86,254.4,1706.0
2023-10-25 05:00:00+00:00,254.36,255.23,248.0,251.43,3279.0
2023-10-25 09:00:00+00:00,251.51,256.14,250.95,255.75,2174.0
2023-10-25 13:00:00+00:00,255.78,260.14,252.5,252.6,4664.0
2023-10-25 17:00:00+00:00,252.63,254.85,251.65,252.32,2512.0
2023-10-25 21:00:00+00:00,253.06,256.14,250.98,254.87,2803.0
2023-10-26 01:00:00+00:00,254.8,256.48,253.54,254.58,1687.0
2023-10-26 05:00:00+00:00,254.57,256.94,249.06,254.26,2536.0
2023-10-26 09:00:00+00:00,254.24,255.04,247.46,251.05,4062.0
2023-10-26 13:00:00+00:00,251.15,251.47,240.35,242.59,4151.0
2023-10-26 17:00:00+00:00,242.5,246.94,242.17,246.85,1003.0
2023-10-26 21:00:00+00:00,246.7,248.66,244.65,245.04,1804.0
2023-10-27 01:00:00+00:00,245.05,245.5,241.3,244.24,2018.0
2023-10-27 05:00:00+00:00,244.34,244.6,241.26,244.05,1039.0
2023-10-27 09:00:00+00:00,244.06,247.18,242.8,245.73,1350.0
2023-10-27 13:00:00+00:00,245.71,246.47,237.66,239.48,2449.0
2023-10-27 17:00:00+00:00,239.44,239.82,233.02,238.16,2000.0
2023-10-29 21:00:00+00:00,247.26,248.65,244.83,245.26,531.0
2023-10-30 01:00:00+00:00,245.3,246.72,243.78,244.49,1696.0
2023-10-30 05:00:00+00:00,244.46,245.96,242.21,245.06,1549.0
2023-10-30 09:00:00+00:00,245.12,251.2,245.08,246.86,1753.0
2023-10-30 13:00:00+00:00,246.91,248.21,244.44,245.07,1709.0
2023-10-30 17:00:00+00:00,245.16,245.7,241.26,244.95,1168.0
2023-10-30 21:00:00+00:00,244.78,249.18,244.48,248.26,5201.0
2023-10-31 01:00:00+00:00,248.27,248.66,243.91,244.48,2989.0
2023-10-31 05:00:00+00:00,244.5,245.92,241.24,244.68,5202.0
2023-10-31 09:00:00+00:00,244.66,248.02,243.9,244.86,9532.0
2023-10-31 13:00:00+00:00,244.84,246.64,235.78,245.38,10844.0
2023-10-31 17:00:00+00:00,245.33,245.58,241.5,243.63,1876.0
2023-10-31 21:00:00+00:00,244.3,245.67,242.7,244.36,7295.0
2023-11-01 01:00:00+00:00,244.3,244.77,241.74,242.97,5555.0
2023-11-01 05:00:00+00:00,242.95,242.96,239.56,240.64,7680.0
2023-11-01 09:00:00+00:00,240.65,242.34,237.2,241.65,7527.0
2023-11-01 13:00:00+00:00,241.63,243.55,236.77,239.48,5710.0
2023-11-01 17:00:00+00:00,239.58,246.8,238.95,246.7,4457.0
2023-11-01 21:00:00+00:00,244.85,247.57,243.65,245.35,6045.0
2023-11-02 01:00:00+00:00,245.38,249.54,244.34,247.15,5199.0
2023-11-02 05:00:00+00:00,247.23,247.4,241.66,242.9,2883.0
2023-11-02 09:00:00+00:00,242.88,244.5,241.56,241.89,1843.0
2023-11-02 13:00:00+00:00,241.86,242.28,230.9,234.68,7353.0
2023-11-02 17:00:00+00:00,234.64,238.7,233.88,236.95,3160.0
2023-11-02 21:00:00+00:00,236.27,237.52,231.68,233.5,4598.0
2023-11-03 01:00:00+00:00,233.53,237.1,231.12,236.78,2640.0
2023-11-03 05:00:00+00:00,236.8,239.08,235.76,237.47,1892.0
2023-11-03 09:00:00+00:00,237.47,240.88,234.8,236.7,4119.0
2023-11-03 13:00:00+00:00,236.7,239.0,235.98,237.14,2134.0
2023-11-03 17:00:00+00:00,237.08,238.42,235.05,238.1,1648.0
2023-11-05 22:00:00+00:00,236.18,240.54,236.02,237.95,3559.0
2023-11-06 02:00:00+00:00,237.92,238.94,235.62,236.85,3051.0
2023-11-06 06:00:00+00:00,236.78,239.03,235.95,239.02,2226.0
2023-11-06 10:00:00+00:00,239.1,240.54,237.78,238.9,1630.0
2023-11-06 14:00:00+00:00,238.98,243.42,238.54,240.78,3097.0
2023-11-06 18:00:00+00:00,240.86,242.18,239.5,242.0,1628.0
2023-11-06 22:00:00+00:00,242.04,244.95,239.32,241.07,5517.0
2023-11-07 02:00:00+00:00,241.1,241.67,237.93,241.17,3941.0
2023-11-07 06:00:00+00:00,241.2,251.78,240.38,248.6,7171.0
2023-11-07 10:00:00+00:00,248.56,249.36,241.04,242.32,4290.0
2023-11-07 14:00:00+00:00,242.45,243.3,236.88,241.88,2827.0
2023-11-07 18:00:00+00:00,241.89,248.1,241.56,245.75,1209.0
2023-11-07 22:00:00+00:00,245.08,246.2,241.68,243.88,3726.0
2023-11-08 02:00:00+00:00,243.95,244.42,241.78,242.62,2414.0
2023-11-08 06:00:00+00:00,242.65,244.04,241.68,244.0,2292.0
2023-11-08 10:00:00+00:00,243.97,245.27,242.78,244.69,1147.0
2023-11-08 14:00:00+00:00,244.76,245.1,241.92,243.77,1265.0
2023-11-08 18:00:00+00:00,243.76,247.52,243.36,245.45,1281.0
2023-11-08 22:00:00+00:00,246.08,250.3,244.0,249.1,2389.0
2023-11-09 02:00:00+00:00,249.25,253.5,248.76,250.66,1411.0
2023-11-09 06:00:00+00:00,250.76,252.1,248.3,251.2,562.0
2023-11-09 10:00:00+00:00,251.38,252.19,247.65,249.95,1870.0
2023-11-09 14:00:00+00:00,249.95,257.55,225.7,236.56,6997.0
2023-11-09 18:00:00+00:00,236.18,237.62,230.86,236.46,3117.0
2023-11-09 22:00:00+00:00,236.58,242.85,236.5,241.6,5162.0
2023-11-10 02:00:00+00:00,241.55,242.95,240.12,241.6,3510.0
2023-11-10 06:00:00+00:00,241.55,241.7,235.74,239.8,2693.0
2023-11-10 10:00:00+00:00,239.83,242.36,236.54,237.2,2238.0
2023-11-10 14:00:00+00:00,237.28,240.13,233.49,239.98,3892.0
2023-11-10 18:00:00+00:00,240.06,241.75,238.66,240.24,1287.0
2023-11-12 22:00:00+00:00,238.28,240.05,235.02,238.85,4128.0
2023-11-13 02:00:00+00:00,238.88,239.85,233.82,234.8,5877.0
2023-11-13 06:00:00+00:00,234.77,240.56,233.18,237.85,4004.0
2023-11-13 10:00:00+00:00,237.82,238.2,233.75,235.03,3436.0
2023-11-13 14:00:00+00:00,235.13,239.72,231.82,238.96,3927.0
2023-11-13 18:00:00+00:00,238.93,239.65,233.46,235.5,2919.0
2023-11-13 22:00:00+00:00,235.44,236.95,231.59,235.68,5514.0
2023-11-14 02:00:00+00:00,235.77,238.45,235.39,238.13,2277.0
2023-11-14 06:00:00+00:00,238.24,239.14,236.48,236.6,2261.0
2023-11-14 10:00:00+00:00,236.65,238.2,233.05,236.9,5355.0
2023-11-14 14:00:00+00:00,236.8,237.34,233.3,233.56,2055.0
2023-11-14 18:00:00+00:00,233.54,233.99,220.13,230.95,2881.0
2023-11-14 22:00:00+00:00,230.52,233.02,230.28,230.6,5236.0
2023-11-15 02:00:00+00:00,230.85,232.38,230.2,231.8,4468.0
2023-11-15 06:00:00+00:00,231.82,232.8,230.88,231.42,1898.0
2023-11-15 10:00:00+00:00,231.39,234.94,231.08,232.83,3955.0
2023-11-15 14:00:00+00:00,232.78,234.28,232.01,233.56,1258.0
2023-11-15 18:00:00+00:00,233.47,237.33,232.4,235.65,1858.0
2023-11-15 22:00:00+00:00,235.72,245.25,235.66,239.66,1943.0
2023-11-16 02:00:00+00:00,239.68,240.1,238.35,238.76,479.0
2023-11-16 06:00:00+00:00,238.77,240.9,236.18,237.3,1625.0
2023-11-16 10:00:00+00:00,237.25,238.85,232.25,234.65,3258.0
2023-11-16 14:00:00+00:00,234.62,237.54,230.5,235.25,4225.0
2023-11-16 18:00:00+00:00,235.22,237.36,231.76,232.44,5210.0
2023-11-16 22:00:00+00:00,233.2,235.54,231.49,234.7,4066.0
2023-11-17 02:00:00+00:00,234.68,234.82,232.05,232.78,2224.0
2023-11-17 06:00:00+00:00,232.71,233.8,231.36,232.75,1770.0
2023-11-17 10:00:00+00:00,232.65,232.7,227.6,228.65,2493.0
2023-11-17 14:00:00+00:00,228.68,229.33,221.51,228.55,4884.0
2023-11-17 18:00:00+00:00,228.5,229.04,226.85,227.16,2952.0
2023-11-19 22:00:00+00:00,229.88,231.08,228.0,229.61,2617.0
2023-11-20 02:00:00+00:00,229.58,230.0,228.45,228.95,1907.0
2023-11-20 06:00:00+00:00,228.9,230.4,228.43,230.18,1265.0
2023-11-20 10:00:00+00:00,230.22,230.75,228.75,228.75,2531.0
2023-11-20 14:00:00+00:00,228.85,229.8,225.75,229.05,4021.0
2023-11-20 18:00:00+00:00,228.98,229.88,224.69,227.04,3662.0
2023-11-20 22:00:00+00:00,227.01,229.2,225.95,228.51,3413.0
2023-11-21 02:00:00+00:00,228.46,228.77,225.58,226.95,2780.0
2023-11-21 06:00:00+00:00,226.92,235.1,225.95,229.89,3542.0
2023-11-21 10:00:00+00:00,229.92,233.4,229.92,232.18,2934.0
2023-11-21 14:00:00+00:00,232.22,235.61,222.04,225.52,6985.0
2023-11-21 18:00:00+00:00,225.46,228.16,221.4,223.04,3454.0
2023-11-21 22:00:00+00:00,223.21,223.21,212.82,218.23,4669.0
2023-11-22 02:00:00+00:00,218.2,220.54,217.88,219.71,1082.0
2023-11-22 06:00:00+00:00,219.86,221.24,219.64,221.17,651.0
2023-11-22 10:00:00+00:00,221.2,221.33,218.41,220.5,1042.0
2023-11-22 14:00:00+00:00,220.5,221.05,217.96,219.64,1122.0
2023-11-22 18:00:00+00:00,219.66,224.82,219.42,224.35,1474.0
2023-11-22 22:00:00+00:00,223.72,225.14,222.55,224.19,2250.0
2023-11-23 02:00:00+00:00,224.15,227.66,223.61,225.28,2806.0
2023-11-23 06:00:00+00:00,225.29,227.24,225.0,226.45,1714.0
2023-11-23 10:00:00+00:00,226.4,226.4,223.66,223.96,1437.0
2023-11-23 14:00:00+00:00,223.9,225.04,221.86,224.75,2369.0
2023-11-23 18:00:00+00:00,224.79,225.74,224.26,225.52,1703.0
2023-11-23 22:00:00+00:00,225.48,226.77,225.02,225.92,1381.0
2023-11-24 02:00:00+00:00,225.82,226.51,224.85,225.92,1400.0
2023-11-24 06:00:00+00:00,225.94,226.55,224.66,225.96,1274.0
2023-11-24 10:00:00+00:00,225.96,227.6,225.28,225.88,1074.0
2023-11-24 14:00:00+00:00,225.86,230.27,224.9,227.0,1353.0
2023-11-24 18:00:00+00:00,226.96,227.72,226.34,227.42,658.0
2023-11-26 22:00:00+00:00,227.42,228.11,225.9,227.18,1848.0
2023-11-27 02:00:00+00:00,227.1,230.01,223.65,225.6,2512.0
2023-11-27 06:00:00+00:00,225.58,226.5,223.14,224.22,2864.0
2023-11-27 10:00:00+00:00,224.2,227.78,221.37,225.52,3559.0
2023-11-27 14:00:00+00:00,225.46,226.2,222.16,222.46,2339.0
2023-11-27 18:00:00+00:00,222.46,223.22,219.12,221.65,1507.0
2023-11-27 22:00:00+00:00,221.66,223.96,221.32,222.28,2205.0
2023-11-28 02:00:00+00:00,222.32,223.18,219.5,220.08,2676.0
2023-11-28 06:00:00+00:00,220.02,224.43,219.66,222.61,3624.0
2023-11-28 10:00:00+00:00,222.64,222.82,221.32,222.8,1814.0
2023-11-28 14:00:00+00:00,222.79,225.0,221.6,224.34,1506.0
2023-11-28 18:00:00+00:00,224.26,224.54,222.66,223.7,1286.0
2023-11-28 22:00:00+00:00,221.68,224.36,221.68,223.71,2242.0
2023-11-29 02:00:00+00:00,223.76,224.08,222.95,223.48,1347.0
2023-11-29 06:00:00+00:00,223.42,227.24,223.16,226.96,2224.0
2023-11-29 10:00:00+00:00,227.05,227.05,223.18,223.86,2916.0
2023-11-29 14:00:00+00:00,223.77,224.54,221.3,224.3,2050.0
2023-11-29 18:00:00+00:00,224.32,224.36,222.31,223.23,1186.0
2023-11-29 22:00:00+00:00,223.3,224.18,222.32,222.37,1658.0
2023-11-30 02:00:00+00:00,222.38,223.6,222.32,222.52,1307.0
2023-11-30 06:00:00+00:00,222.5,222.95,221.14,222.4,1344.0
2023-11-30 10:00:00+00:00,222.44,223.11,222.0,222.83,1803.0
2023-11-30 14:00:00+00:00,222.79,223.05,221.82,222.28,2219.0
2023-11-30 18:00:00+00:00,222.23,222.9,220.24,221.14,1194.0
2023-11-30 22:00:00+00:00,221.22,222.8,220.6,222.48,1896.0
2023-12-01 02:00:00+00:00,222.48,223.9,222.08,222.89,2149.0
2023-12-01 06:00:00+00:00,222.9,226.5,222.6,225.88,1576.0
2023-12-01 10:00:00+00:00,225.88,226.3,223.82,224.06,2214.0
2023-12-01 14:00:00+00:00,224.02,224.98,223.06,224.86,1841.0
2023-12-01 18:00:00+00:00,224.8,225.92,224.63,225.72,995.0
2023-12-03 22:00:00+00:00,228.07,253.22,227.96,247.81,5630.0
2023-12-04 02:00:00+00:00,247.84,256.39,244.36,251.22,6455.0
2023-12-04 06:00:00+00:00,251.15,252.8,247.9,248.01,3437.0
2023-12-04 10:00:00+00:00,248.25,252.24,238.6,244.6,6105.0
2023-12-04 14:00:00+00:00,244.6,250.7,242.37,249.06,5061.0
2023-12-04 18:00:00+00:00,249.1,249.32,246.5,248.17,2421.0
2023-12-04 22:00:00+00:00,248.4,255.26,246.31,247.36,5962.0
2023-12-05 02:00:00+00:00,247.26,247.35,244.56,246.86,2668.0
2023-12-05 06:00:00+00:00,246.93,247.32,238.46,240.46,3037.0
2023-12-05 10:00:00+00:00,240.43,242.16,238.56,239.11,2172.0
2023-12-05 14:00:00+00:00,239.28,250.96,238.68,248.75,3848.0
2023-12-05 18:00:00+00:00,248.81,252.24,247.16,250.1,3499.0
2023-12-05 22:00:00+00:00,250.0,256.43,248.64,252.22,6182.0
2023-12-06 02:00:00+00:00,252.2,252.86,243.14,245.72,3553.0
2023-12-06 06:00:00+00:00,245.68,265.01,242.78,255.1,8641.0
2023-12-06 10:00:00+00:00,254.92,258.76,245.79,247.8,6683.0
2023-12-06 14:00:00+00:00,248.14,251.65,246.08,250.9,3437.0
2023-12-06 18:00:00+00:00,250.88,251.1,244.58,247.0,3956.0
2023-12-06 22:00:00+00:00,245.84,247.66,243.19,244.62,4635.0
2023-12-07 02:00:00+00:00,244.54,249.24,243.85,248.63,849.0
2023-12-07 06:00:00+00:00,248.78,249.04,239.02,242.94,3204.0
2023-12-07 10:00:00+00:00,243.14,245.22,242.0,244.02,2218.0
2023-12-07 14:00:00+00:00,243.92,247.84,243.48,247.24,3421.0
2023-12-07 18:00:00+00:00,247.29,247.9,243.42,246.85,2260.0
2023-12-07 22:00:00+00:00,246.55,248.32,245.19,247.95,3771.0
2023-12-08 02:00:00+00:00,247.85,249.34,247.29,248.16,1831.0
2023-12-08 06:00:00+00:00,248.19,249.08,245.54,247.78,2297.0
2023-12-08 10:00:00+00:00,247.78,250.68,246.9,247.47,1926.0
2023-12-08 14:00:00+00:00,247.48,252.35,247.14,251.24,3385.0
2023-12-08 18:00:00+00:00,251.24,255.16,250.95,253.46,1340.0
2023-12-10 22:00:00+00:00,251.22,252.51,245.8,248.9,2745.0
2023-12-11 02:00:00+00:00,248.84,248.84,218.31,235.82,7928.0
2023-12-11 06:00:00+00:00,235.74,235.74,231.06,234.26,4006.0
2023-12-11 10:00:00+00:00,234.24,235.56,231.55,233.3,2656.0
2023-12-11 14:00:00+00:00,233.36,233.94,231.0,231.6,5098.0
2023-12-11 18:00:00+00:00,231.58,231.58,224.66,229.9,4593.0
2023-12-11 22:00:00+00:00,229.9,233.4,228.58,232.66,3386.0
2023-12-12 02:00:00+00:00,232.7,234.06,230.84,232.62,1506.0
2023-12-12 06:00:00+00:00,232.6,235.01,231.0,233.18,3641.0
2023-12-12 10:00:00+00:00,233.45,233.96,231.48,233.17,3400.0
2023-12-12 14:00:00+00:00,233.16,233.44,226.64,226.96,4898.0
2023-12-12 18:00:00+00:00,226.84,231.0,226.76,228.3,3696.0
2023-12-12 22:00:00+00:00,229.0,232.94,227.46,227.6,4452.0
2023-12-13 02:00:00+00:00,227.74,228.96,223.6,227.34,4923.0
2023-12-13 06:00:00+00:00,227.28,229.24,223.0,228.94,3782.0
2023-12-13 10:00:00+00:00,228.92,229.8,226.6,229.02,1971.0
2023-12-13 14:00:00+00:00,229.14,232.9,228.3,229.84,4190.0
2023-12-13 18:00:00+00:00,229.8,235.5,229.72,235.06,2634.0
2023-12-13 22:00:00+00:00,235.78,237.13,233.78,234.29,3164.0
2023-12-14 02:00:00+00:00,234.28,234.46,232.88,233.88,1551.0
2023-12-14 06:00:00+00:00,233.88,235.9,233.35,235.64,1395.0
2023-12-14 10:00:00+00:00,235.63,237.3,226.16,233.48,3359.0
2023-12-14 14:00:00+00:00,233.47,234.8,231.85,233.83,2319.0
2023-12-14 18:00:00+00:00,233.84,237.93,231.8,236.9,2855.0
2023-12-14 22:00:00+00:00,237.18,238.15,235.61,236.3,2963.0
2023-12-15 02:00:00+00:00,236.32,236.65,234.0,234.0,2649.0
2023-12-15 06:00:00+00:00,234.04,234.58,230.28,232.2,2406.0
2023-12-15 10:00:00+00:00,232.19,233.07,229.46,230.67,2758.0
2023-12-15 14:00:00+00:00,230.66,231.2,227.78,229.33,2589.0
2023-12-15 18:00:00+00:00,229.26,231.19,229.18,230.6,1564.0
2023-12-17 22:00:00+00:00,227.56,227.8,222.96,224.1,3799.0
2023-12-18 02:00:00+00:00,223.97,225.58,222.0,223.82,2366.0
2023-12-18 06:00:00+00:00,223.84,226.3,219.88,222.32,2676.0
2023-12-18 10:00:00+00:00,222.22,224.01,217.05,223.48,2929.0
2023-12-18 14:00:00+00:00,223.46,225.82,222.93,224.28,2348.0
2023-12-18 18:00:00+00:00,224.34,227.55,223.79,227.27,1799.0
2023-12-18 22:00:00+00:00,227.01,230.7,226.8,230.1,771.0
2023-12-19 02:00:00+00:00,230.26,230.7,228.34,229.58,905.0
2023-12-19 06:00:00+00:00,229.69,230.94,228.0,228.28,1400.0
2023-12-19 10:00:00+00:00,228.3,229.02,227.66,228.46,574.0
2023-12-19 14:00:00+00:00,228.45,228.71,222.72,223.3,2525.0
2023-12-19 18:00:00+00:00,223.25,225.8,222.72,225.58,2260.0
2023-12-19 22:00:00+00:00,225.3,226.0,223.92,224.74,2925.0
2023-12-20 02:00:00+00:00,224.76,227.92,223.65,227.44,2776.0
2023-12-20 06:00:00+00:00,227.4,229.64,227.04,229.27,2329.0
2023-12-20 10:00:00+00:00,229.31,232.8,227.22,232.47,2274.0
2023-12-20 14:00:00+00:00,232.48,234.9,229.36,231.58,3547.0
2023-12-20 18:00:00+00:00,231.5,234.14,226.5,227.99,2879.0
2023-12-20 22:00:00+00:00,227.42,229.84,227.4,229.68,2910.0
2023-12-21 02:00:00+00:00,229.62,230.75,228.61,229.3,2418.0
2023-12-21 06:00:00+00:00,229.26,231.33,229.12,231.02,2347.0
2023-12-21 10:00:00+00:00,231.0,234.44,231.0,233.32,1833.0
2023-12-21 14:00:00+00:00,233.34,233.38,229.1,230.78,3035.0
2023-12-21 18:00:00+00:00,230.78,233.82,230.39,233.47,2518.0
2023-12-21 22:00:00+00:00,233.24,235.59,232.64,234.6,2621.0
2023-12-22 02:00:00+00:00,234.7,234.8,232.12,233.6,1839.0
2023-12-22 06:00:00+00:00,233.6,239.8,231.52,239.22,4286.0
2023-12-22 10:00:00+00:00,239.27,239.6,234.2,235.6,2268.0
2023-12-22 14:00:00+00:00,235.59,243.6,233.1,237.08,4171.0
2023-12-22 18:00:00+00:00,237.08,238.74,236.16,237.98,2206.0
2023-12-24 22:00:00+00:00,237.74,237.74,237.74,237.74,1.0
2023-12-25 22:00:00+00:00,235.28,235.99,232.95,233.45,350.0
2023-12-26 02:00:00+00:00,233.29,234.24,228.94,229.92,1335.0
2023-12-26 06:00:00+00:00,229.96,233.64,228.1,230.16,3113.0
2023-12-26 10:00:00+00:00,230.1,233.14,229.96,231.72,645.0
2023-12-26 14:00:00+00:00,231.64,232.19,220.06,225.2,3320.0
2023-12-26 18:00:00+00:00,225.19,228.1,224.31,227.96,2895.0
2023-12-26 22:00:00+00:00,227.93,229.96,227.92,229.34,2626.0
2023-12-27 02:00:00+00:00,229.37,237.15,226.42,233.77,6430.0
2023-12-27 06:00:00+00:00,233.76,256.1,233.03,254.95,5572.0
2023-12-27 10:00:00+00:00,255.05,258.8,251.42,257.96,4331.0
2023-12-27 14:00:00+00:00,257.86,259.33,247.74,250.56,4302.0
2023-12-27 18:00:00+00:00,250.65,257.44,249.75,256.16,2513.0
2023-12-27 22:00:00+00:00,256.95,269.49,254.82,258.87,11000.0
2023-12-28 02:00:00+00:00,258.82,277.16,257.46,269.75,11452.0
2023-12-28 06:00:00+00:00,269.86,278.84,267.26,268.73,12897.0
2023-12-28 10:00:00+00:00,268.65,275.04,263.45,267.5,8096.0
2023-12-28 14:00:00+00:00,267.54,275.02,264.1,266.55,12737.0
2023-12-28 18:00:00+00:00,266.63,267.37,259.5,260.65,5481.0
2023-12-28 22:00:00+00:00,260.2,269.78,252.8,256.08,12214.0
2023-12-29 02:00:00+00:00,256.0,259.0,254.25,255.76,7321.0
2023-12-29 06:00:00+00:00,255.8,255.8,251.0,254.57,5393.0
2023-12-29 10:00:00+00:00,254.5,268.84,253.6,264.16,7648.0
2023-12-29 14:00:00+00:00,264.14,269.32,251.77,252.85,13203.0
2023-12-29 18:00:00+00:00,252.82,258.37,252.56,252.7,5391.0
2023-12-31 22:00:00+00:00,254.5,254.5,254.5,254.5,1.0
2024-01-01 18:00:00+00:00,265.8,266.14,264.75,265.35,57.0
2024-01-01 22:00:00+00:00,265.07,271.18,263.99,267.56,4174.0
2024-01-02 02:00:00+00:00,267.6,269.1,264.68,268.46,4710.0
2024-01-02 06:00:00+00:00,268.42,269.9,265.36,267.26,3541.0
2024-01-02 10:00:00+00:00,267.25,267.34,261.96,263.96,3459.0
2024-01-02 14:00:00+00:00,263.96,264.03,255.04,258.14,7331.0
2024-01-02 18:00:00+00:00,258.14,259.22,254.35,257.15,2135.0
2024-01-02 22:00:00+00:00,256.94,258.52,255.14,258.35,1635.0
2024-01-03 02:00:00+00:00,258.55,260.1,257.3,259.3,1014.0
2024-01-03 06:00:00+00:00,259.42,268.31,259.15,262.72,6815.0
2024-01-03 10:00:00+00:00,262.74,264.72,225.24,232.92,12386.0
2024-01-03 14:00:00+00:00,232.96,237.25,227.24,234.3,9062.0
2024-01-03 18:00:00+00:00,234.27,236.72,230.3,234.5,4376.0
2024-01-03 22:00:00+00:00,234.28,238.52,232.45,233.49,4219.0
2024-01-04 02:00:00+00:00,233.54,238.02,233.12,236.85,2917.0
2024-01-04 06:00:00+00:00,236.8,238.41,233.55,236.1,3225.0
2024-01-04 10:00:00+00:00,236.08,237.4,232.8,235.92,3577.0
2024-01-04 14:00:00+00:00,235.93,239.65,235.14,237.36,4185.0
2024-01-04 18:00:00+00:00,237.32,240.56,235.78,238.46,3821.0
2024-01-04 22:00:00+00:00,239.66,240.5,228.86,234.62,2676.0
2024-01-05 02:00:00+00:00,234.74,237.26,233.79,235.31,2475.0
2024-01-05 06:00:00+00:00,235.26,236.76,233.64,235.88,4084.0
2024-01-05 10:00:00+00:00,235.92,236.12,230.72,234.6,5861.0
2024-01-05 14:00:00+00:00,234.62,235.38,229.78,234.54,9891.0
2024-01-05 18:00:00+00:00,234.52,242.48,233.56,236.97,4549.0
2024-01-07 22:00:00+00:00,236.24,236.24,228.43,230.08,8290.0
2024-01-08 02:00:00+00:00,230.12,235.98,220.88,231.7,8584.0
2024-01-08 06:00:00+00:00,231.7,240.69,231.18,234.69,5607.0
2024-01-08 10:00:00+00:00,234.7,240.42,234.16,238.35,4700.0
2024-01-08 14:00:00+00:00,238.4,241.84,236.64,241.5,4318.0
2024-01-08 18:00:00+00:00,241.5,254.06,241.3,251.25,5689.0
2024-01-08 22:00:00+00:00,252.44,257.92,246.52,248.46,11265.0
2024-01-09 02:00:00+00:00,248.5,250.16,247.04,249.6,6218.0
2024-01-09 06:00:00+00:00,249.66,251.71,245.59,246.98,8680.0
2024-01-09 10:00:00+00:00,247.04,253.0,241.79,250.4,9299.0
2024-01-09 14:00:00+00:00,250.41,251.61,245.29,247.88,9612.0
2024-01-09 18:00:00+00:00,247.94,252.18,239.4,240.98,7878.0
2024-01-09 22:00:00+00:00,240.62,247.81,240.62,245.45,7094.0
2024-01-10 02:00:00+00:00,245.5,247.28,243.55,244.42,4274.0
2024-01-10 06:00:00+00:00,244.44,245.1,240.56,244.42,4775.0
2024-01-10 10:00:00+00:00,244.45,244.84,233.25,237.68,6356.0
2024-01-10 14:00:00+00:00,237.71,245.74,236.05,245.3,3932.0
2024-01-10 18:00:00+00:00,245.32,251.9,242.06,251.8,8102.0
2024-01-10 22:00:00+00:00,251.41,260.14,249.2,252.78,8411.0
2024-01-11 02:00:00+00:00,252.84,259.77,252.4,253.56,4463.0
2024-01-11 06:00:00+00:00,253.6,256.15,250.44,254.34,4677.0
2024-01-11 10:00:00+00:00,254.3,280.52,254.26,273.48,14353.0
2024-01-11 14:00:00+00:00,273.67,289.97,266.8,275.0,16338.0
2024-01-11 18:00:00+00:00,275.02,282.51,271.75,271.84,6730.0
2024-01-11 22:00:00+00:00,272.21,280.01,270.72,273.33,11354.0
2024-01-12 02:00:00+00:00,273.4,298.11,271.94,290.82,17178.0
2024-01-12 06:00:00+00:00,290.9,294.92,282.39,284.81,10754.0
2024-01-12 10:00:00+00:00,284.78,285.5,277.67,282.96,9609.0
2024-01-12 14:00:00+00:00,282.9,285.14,260.15,267.1,17003.0
2024-01-12 18:00:00+00:00,266.8,267.82,258.38,261.72,6957.0
2024-01-14 22:00:00+00:00,251.8,253.96,244.9,251.77,7725.0
2024-01-15 02:00:00+00:00,251.78,254.32,251.37,253.25,3468.0
2024-01-15 06:00:00+00:00,253.24,256.22,249.92,254.38,5243.0
2024-01-15 10:00:00+00:00,254.36,257.62,252.06,252.98,4673.0
2024-01-15 14:00:00+00:00,253.07,253.12,247.94,251.07,4835.0
2024-01-15 18:00:00+00:00,251.08,253.28,250.16,250.2,3523.0
2024-01-15 22:00:00+00:00,250.35,251.28,247.54,249.4,2808.0
2024-01-16 02:00:00+00:00,249.4,255.54,249.0,251.34,4053.0
2024-01-16 06:00:00+00:00,251.36,255.1,249.98,253.94,3659.0
2024-01-16 10:00:00+00:00,254.04,254.56,251.23,252.16,3527.0
2024-01-16 14:00:00+00:00,252.14,255.0,248.88,252.9,5818.0
2024-01-16 18:00:00+00:00,252.88,256.23,251.26,255.36,2232.0
2024-01-16 22:00:00+00:00,255.42,255.44,249.72,249.72,2107.0
2024-01-17 02:00:00+00:00,249.8,250.72,247.75,247.9,1823.0
2024-01-17 06:00:00+00:00,247.88,248.62,245.24,247.33,3121.0
2024-01-17 10:00:00+00:00,247.34,249.0,243.48,244.26,5102.0
2024-01-17 14:00:00+00:00,244.26,245.43,240.5,243.46,9593.0
2024-01-17 18:00:00+00:00,243.44,244.74,241.34,244.27,2793.0
2024-01-17 22:00:00+00:00,244.25,244.92,240.9,242.34,3901.0
2024-01-18 02:00:00+00:00,242.42,244.08,241.76,243.04,2229.0
2024-01-18 06:00:00+00:00,243.06,244.33,242.46,242.46,2467.0
2024-01-18 10:00:00+00:00,242.44,242.88,238.58,240.45,5905.0
2024-01-18 14:00:00+00:00,240.46,242.52,234.98,236.2,10513.0
2024-01-18 18:00:00+00:00,236.16,237.94,232.99,235.8,9802.0
2024-01-18 22:00:00+00:00,236.52,238.0,233.44,235.49,4989.0
2024-01-19 02:00:00+00:00,235.56,236.04,231.0,235.68,5018.0
2024-01-19 06:00:00+00:00,235.7,237.62,235.62,237.16,2689.0
2024-01-19 10:00:00+00:00,237.16,237.94,235.5,236.54,2136.0
2024-01-19 14:00:00+00:00,236.56,236.72,226.3,232.17,11410.0
2024-01-19 18:00:00+00:00,232.12,237.0,231.2,235.62,5498.0
2024-01-21 22:00:00+00:00,239.9,239.9,234.01,234.66,3885.0
2024-01-22 02:00:00+00:00,234.64,236.26,233.12,236.23,3932.0
2024-01-22 06:00:00+00:00,236.24,242.71,230.78,237.12,5661.0
2024-01-22 10:00:00+00:00,237.06,238.83,231.98,233.4,7734.0
2024-01-22 14:00:00+00:00,233.41,235.72,230.66,234.95,8720.0
2024-01-22 18:00:00+00:00,234.96,236.68,230.07,234.64,6341.0
2024-01-22 22:00:00+00:00,234.56,237.72,232.12,234.94,13712.0
2024-01-23 02:00:00+00:00,234.9,236.32,233.9,234.92,13433.0
2024-01-23 06:00:00+00:00,234.88,235.39,222.65,224.6,11128.0
2024-01-23 10:00:00+00:00,224.42,226.34,221.7,221.86,11189.0
2024-01-23 14:00:00+00:00,221.84,228.6,218.72,226.7,9012.0
2024-01-23 18:00:00+00:00,226.7,227.78,223.08,227.08,8940.0
2024-01-23 22:00:00+00:00,228.04,233.5,226.45,233.5,4270.0
2024-01-24 02:00:00+00:00,233.56,235.18,231.36,232.62,4840.0
2024-01-24 06:00:00+00:00,232.68,238.11,231.15,235.7,6484.0
2024-01-24 10:00:00+00:00,235.71,237.94,233.84,234.81,5857.0
2024-01-24 14:00:00+00:00,234.84,236.98,234.2,236.66,4848.0
2024-01-24 18:00:00+00:00,236.64,236.88,234.1,235.12,4370.0
2024-01-24 22:00:00+00:00,235.46,236.52,233.99,234.78,2610.0
2024-01-25 02:00:00+00:00,234.74,237.5,234.15,234.8,4793.0
2024-01-25 06:00:00+00:00,234.8,237.92,234.15,235.88,3710.0
2024-01-25 10:00:00+00:00,235.92,237.31,234.35,236.26,3456.0
2024-01-25 14:00:00+00:00,236.27,238.52,234.01,237.18,4021.0
2024-01-25 18:00:00+00:00,237.18,237.92,235.41,237.74,2102.0
2024-01-25 22:00:00+00:00,237.59,237.77,234.73,235.59,6490.0
2024-01-26 02:00:00+00:00,235.56,237.4,235.37,235.44,5613.0
2024-01-26 06:00:00+00:00,235.5,236.35,234.27,235.01,5236.0
2024-01-26 10:00:00+00:00,235.04,240.62,234.92,239.57,6494.0
2024-01-26 14:00:00+00:00,239.55,241.55,239.24,241.4,1542.0
2024-01-26 18:00:00+00:00,241.46,242.82,240.14,240.81,1756.0
2024-01-28 22:00:00+00:00,237.3,238.7,235.18,237.5,2463.0
2024-01-29 02:00:00+00:00,237.6,239.28,236.6,236.87,1397.0
2024-01-29 06:00:00+00:00,237.02,237.36,234.94,236.42,1787.0
2024-01-29 10:00:00+00:00,236.43,236.95,234.1,234.91,2421.0
2024-01-29 14:00:00+00:00,234.92,240.83,234.06,239.32,8315.0
2024-01-29 18:00:00+00:00,239.34,241.1,238.95,240.9,4561.0
2024-01-29 22:00:00+00:00,240.81,243.4,239.44,242.5,1378.0
2024-01-30 02:00:00+00:00,242.55,243.4,240.69,241.2,1489.0
2024-01-30 06:00:00+00:00,241.22,243.7,240.4,242.01,1039.0
2024-01-30 10:00:00+00:00,242.02,243.62,238.92,240.0,3298.0
2024-01-30 14:00:00+00:00,240.02,243.86,239.16,241.92,4714.0
2024-01-30 18:00:00+00:00,241.88,242.47,240.29,240.56,3460.0
2024-01-30 22:00:00+00:00,240.2,240.48,235.42,236.38,3944.0
2024-01-31 02:00:00+00:00,236.37,237.35,235.18,236.86,2009.0
2024-01-31 06:00:00+00:00,236.82,237.13,234.38,234.5,1398.0
2024-01-31 10:00:00+00:00,234.5,235.62,232.74,234.78,1973.0
2024-01-31 14:00:00+00:00,234.75,238.54,233.06,238.54,3027.0
2024-01-31 18:00:00+00:00,238.54,238.7,231.98,235.0,4281.0
2024-01-31 22:00:00+00:00,234.74,235.37,230.19,230.71,2514.0
2024-02-01 02:00:00+00:00,230.72,233.8,230.54,233.0,3092.0
2024-02-01 06:00:00+00:00,233.08,235.79,231.92,234.41,1724.0
2024-02-01 10:00:00+00:00,234.37,235.4,234.14,234.89,1066.0
2024-02-01 14:00:00+00:00,234.94,237.19,234.24,235.99,2179.0
2024-02-01 18:00:00+00:00,236.02,237.33,235.26,236.73,2257.0
2024-02-01 22:00:00+00:00,236.09,237.93,236.09,237.0,2543.0
2024-02-02 02:00:00+00:00,237.03,237.55,235.91,236.6,1773.0
2024-02-02 06:00:00+00:00,236.6,237.78,236.55,237.16,1590.0
2024-02-02 10:00:00+00:00,237.14,237.55,234.16,234.96,2174.0
2024-02-02 14:00:00+00:00,234.95,237.51,234.44,235.08,2639.0
2024-02-02 18:00:00+00:00,235.09,235.8,234.5,235.38,1335.0
2024-02-04 22:00:00+00:00,236.1,236.1,232.69,235.13,6818.0
2024-02-05 02:00:00+00:00,235.09,236.32,234.9,235.76,5699.0
2024-02-05 06:00:00+00:00,235.76,237.01,235.2,236.79,5046.0
2024-02-05 10:00:00+00:00,236.8,237.73,236.32,237.3,1157.0
2024-02-05 14:00:00+00:00,237.36,237.64,234.04,234.77,2676.0
2024-02-05 18:00:00+00:00,234.78,235.58,234.1,234.65,1330.0
2024-02-05 22:00:00+00:00,235.45,236.34,233.75,235.04,1461.0
2024-02-06 02:00:00+00:00,235.08,236.7,234.64,235.05,1296.0
2024-02-06 06:00:00+00:00,235.04,238.04,234.7,236.62,1609.0
2024-02-06 10:00:00+00:00,236.62,236.82,233.88,235.11,3147.0
2024-02-06 14:00:00+00:00,235.17,236.36,234.7,235.3,2548.0
2024-02-06 18:00:00+00:00,235.25,236.66,234.86,235.1,1710.0
2024-02-06 22:00:00+00:00,235.2,236.42,234.9,235.24,1031.0
2024-02-07 02:00:00+00:00,235.2,235.42,234.35,234.78,4682.0
2024-02-07 06:00:00+00:00,234.84,235.48,234.5,235.3,2030.0
2024-02-07 10:00:00+00:00,235.29,235.74,234.63,235.28,1888.0
2024-02-07 14:00:00+00:00,235.32,238.26,234.52,237.21,3683.0
2024-02-07 18:00:00+00:00,237.22,240.78,237.14,240.68,3437.0
2024-02-07 22:00:00+00:00,240.59,242.04,239.7,241.06,4404.0
2024-02-08 02:00:00+00:00,241.08,241.62,240.38,241.18,1149.0
2024-02-08 06:00:00+00:00,241.2,243.94,240.82,242.3,1809.0
2024-02-08 10:00:00+00:00,242.34,243.54,241.46,243.46,2627.0
2024-02-08 14:00:00+00:00,243.46,245.06,241.3,243.5,4001.0
2024-02-08 18:00:00+00:00,243.54,244.9,243.24,244.05,1170.0
2024-02-08 22:00:00+00:00,243.25,246.64,242.59,245.7,1473.0
2024-02-09 02:00:00+00:00,245.74,248.54,245.4,247.02,1735.0
2024-02-09 06:00:00+00:00,247.02,249.26,245.98,248.3,1125.0
2024-02-09 10:00:00+00:00,248.3,253.86,248.15,252.28,2320.0
2024-02-09 14:00:00+00:00,252.27,253.46,248.36,250.74,3536.0
2024-02-09 18:00:00+00:00,250.8,252.26,249.34,252.0,5246.0
2024-02-11 22:00:00+00:00,252.04,280.24,252.04,274.57,4990.0
2024-02-12 02:00:00+00:00,274.72,274.84,269.46,270.14,3772.0
2024-02-12 06:00:00+00:00,270.07,274.02,266.84,273.24,4756.0
2024-02-12 10:00:00+00:00,273.26,282.51,271.74,280.25,8000.0
2024-02-12 14:00:00+00:00,280.24,289.53,279.07,282.02,10991.0
2024-02-12 18:00:00+00:00,282.12,283.86,275.88,281.0,3641.0
2024-02-12 22:00:00+00:00,281.67,283.58,278.04,278.9,3618.0
2024-02-13 02:00:00+00:00,278.91,279.16,275.44,277.64,2349.0
2024-02-13 06:00:00+00:00,277.63,287.65,275.4,281.18,5637.0
2024-02-13 10:00:00+00:00,281.16,282.43,268.89,272.87,6466.0
2024-02-13 14:00:00+00:00,272.92,273.88,266.42,268.35,5156.0
2024-02-13 18:00:00+00:00,268.38,270.8,268.28,269.94,1700.0
2024-02-13 22:00:00+00:00,269.84,270.99,265.26,265.84,2903.0
2024-02-14 02:00:00+00:00,265.83,269.1,264.6,268.02,1461.0
2024-02-14 06:00:00+00:00,268.04,293.76,267.78,286.36,6077.0
2024-02-14 10:00:00+00:00,286.51,289.35,274.51,278.1,6810.0
2024-02-14 14:00:00+00:00,278.1,281.22,276.33,278.25,3980.0
2024-02-14 18:00:00+00:00,278.22,279.34,276.98,279.34,1919.0
2024-02-14 22:00:00+00:00,279.28,282.44,275.96,277.68,3358.0
2024-02-15 02:00:00+00:00,277.66,280.44,274.72,276.52,2283.0
2024-02-15 06:00:00+00:00,276.5,277.46,269.74,270.92,5515.0
2024-02-15 10:00:00+00:00,270.91,272.36,267.96,269.32,3583.0
2024-02-15 14:00:00+00:00,269.3,274.13,266.39,269.4,6224.0
2024-02-15 18:00:00+00:00,269.38,271.76,268.5,269.24,5059.0
2024-02-15 22:00:00+00:00,270.22,271.3,265.65,267.12,4693.0
2024-02-16 02:00:00+00:00,267.1,269.66,266.76,268.61,2642.0
2024-02-16 06:00:00+00:00,268.56,270.11,265.33,267.34,3695.0
2024-02-16 10:00:00+00:00,267.29,275.2,266.9,273.27,5316.0
2024-02-16 14:00:00+00:00,273.32,274.31,269.09,273.83,4831.0
2024-02-16 18:00:00+00:00,273.84,275.01,272.67,275.01,1399.0
2024-02-18 22:00:00+00:00,275.01,275.01,268.42,269.46,2118.0
2024-02-19 02:00:00+00:00,269.46,271.11,268.88,270.54,917.0
2024-02-19 06:00:00+00:00,270.6,272.52,269.21,270.22,1674.0
2024-02-19 10:00:00+00:00,270.18,270.88,267.93,268.46,2798.0
2024-02-19 14:00:00+00:00,268.45,270.74,266.56,268.46,3365.0
2024-02-19 18:00:00+00:00,268.5,270.34,267.42,269.68,1446.0
2024-02-19 22:00:00+00:00,270.16,273.72,268.26,269.58,3933.0
2024-02-20 02:00:00+00:00,269.4,271.42,268.0,270.62,2394.0
2024-02-20 06:00:00+00:00,270.64,271.66,264.26,266.91,2462.0
2024-02-20 10:00:00+00:00,266.88,274.06,266.88,272.84,3376.0
2024-02-20 14:00:00+00:00,273.02,273.14,257.19,259.01,9986.0
2024-02-20 18:00:00+00:00,259.04,264.88,258.57,263.93,4966.0
2024-02-20 22:00:00+00:00,264.32,266.44,263.06,264.53,3500.0
2024-02-21 02:00:00+00:00,264.64,264.83,261.53,262.52,2980.0
2024-02-21 06:00:00+00:00,262.46,267.02,256.86,257.9,6193.0
2024-02-21 10:00:00+00:00,257.9,262.22,255.72,259.92,7987.0
2024-02-21 14:00:00+00:00,259.98,261.0,255.6,257.86,7473.0
2024-02-21 18:00:00+00:00,257.9,261.26,255.2,261.26,3903.0
2024-02-21 22:00:00+00:00,260.86,263.84,259.6,259.63,3686.0
2024-02-22 02:00:00+00:00,259.58,262.64,259.48,261.8,2862.0
2024-02-22 06:00:00+00:00,261.84,265.84,261.32,265.37,2342.0
2024-02-22 10:00:00+00:00,265.48,265.57,258.96,260.1,6950.0
2024-02-22 14:00:00+00:00,260.12,262.62,259.78,262.6,6308.0
2024-02-22 18:00:00+00:00,262.56,266.02,261.51,262.4,4278.0
2024-02-22 22:00:00+00:00,262.81,262.95,259.8,261.25,2685.0
2024-02-23 02:00:00+00:00,261.26,262.72,259.2,261.78,2718.0
2024-02-23 06:00:00+00:00,261.76,262.56,259.96,261.91,1997.0
2024-02-23 10:00:00+00:00,261.96,264.64,261.43,263.88,1228.0
2024-02-23 14:00:00+00:00,263.74,266.8,259.7,265.02,5198.0
2024-02-23 18:00:00+00:00,265.06,267.14,264.56,266.1,1043.0
2024-02-25 22:00:00+00:00,268.26,269.31,265.78,265.94,1014.0
2024-02-26 02:00:00+00:00,265.89,267.04,264.72,266.88,727.0
2024-02-26 06:00:00+00:00,266.7,267.95,262.12,262.42,1964.0
2024-02-26 10:00:00+00:00,262.41,264.93,262.39,263.83,1396.0
2024-02-26 14:00:00+00:00,263.86,271.88,263.86,271.22,2936.0
2024-02-26 18:00:00+00:00,271.32,276.12,269.78,275.59,2180.0
2024-02-26 22:00:00+00:00,275.44,284.66,274.31,281.0,2882.0
2024-02-27 02:00:00+00:00,280.82,313.77,280.44,305.04,9629.0
2024-02-27 06:00:00+00:00,305.16,305.92,295.46,300.6,3926.0
2024-02-27 10:00:00+00:00,300.54,308.32,296.05,308.01,9778.0
2024-02-27 14:00:00+00:00,308.04,314.71,293.22,296.06,11205.0
2024-02-27 18:00:00+00:00,296.18,301.0,293.86,297.35,3362.0
2024-02-27 22:00:00+00:00,297.1,297.54,288.12,291.96,7463.0
2024-02-28 02:00:00+00:00,291.99,295.81,290.54,293.72,5507.0
2024-02-28 06:00:00+00:00,293.67,309.17,293.56,304.0,10061.0
2024-02-28 10:00:00+00:00,304.04,309.2,299.24,303.68,10110.0
2024-02-28 14:00:00+00:00,303.7,313.9,276.59,298.6,14686.0
2024-02-28 18:00:00+00:00,298.6,299.23,287.48,297.06,12124.0
2024-02-28 22:00:00+00:00,297.1,300.3,293.03,298.94,6811.0
2024-02-29 02:00:00+00:00,298.89,323.4,297.13,318.36,12741.0
2024-02-29 06:00:00+00:00,318.52,320.79,311.66,312.9,8376.0
2024-02-29 10:00:00+00:00,312.92,315.9,306.5,313.44,7510.0
2024-02-29 14:00:00+00:00,313.34,315.56,303.64,306.18,11855.0
2024-02-29 18:00:00+00:00,306.18,309.42,297.2,301.4,8077.0
2024-02-29 22:00:00+00:00,299.9,306.2,290.7,305.91,6209.0
2024-03-01 02:00:00+00:00,305.82,319.57,302.89,314.2,10808.0
2024-03-01 06:00:00+00:00,314.18,319.5,311.26,315.23,6320.0
2024-03-01 10:00:00+00:00,315.2,316.34,310.81,314.4,4582.0
2024-03-01 14:00:00+00:00,314.35,315.44,309.09,313.48,7826.0
2024-03-01 18:00:00+00:00,313.5,316.14,311.26,314.95,3606.0
2024-03-03 22:00:00+00:00,314.95,479.44,314.95,463.21,24633.0
2024-03-04 02:00:00+00:00,463.28,464.72,450.76,462.0,20967.0
2024-03-04 06:00:00+00:00,461.9,475.57,451.92,459.76,24855.0
2024-03-04 10:00:00+00:00,459.82,469.4,445.12,446.4,24679.0
2024-03-04 14:00:00+00:00,446.4,467.98,434.62,449.1,31742.0
2024-03-04 18:00:00+00:00,449.17,460.77,435.65,457.3,24692.0
2024-03-04 22:00:00+00:00,459.58,482.48,454.33,463.7,26913.0
2024-03-05 02:00:00+00:00,463.64,464.52,434.18,450.43,30723.0
2024-03-05 06:00:00+00:00,450.4,454.8,431.43,445.8,25880.0
2024-03-05 10:00:00+00:00,445.88,454.02,443.52,450.84,14539.0
2024-03-05 14:00:00+00:00,450.84,450.84,409.77,425.63,35627.0
2024-03-05 18:00:00+00:00,425.28,425.53,356.34,393.96,32160.0
2024-03-05 22:00:00+00:00,393.9,405.43,386.3,389.82,16399.0
2024-03-06 02:00:00+00:00,389.78,410.22,383.92,409.93,18571.0
2024-03-06 06:00:00+00:00,409.96,421.64,406.58,407.44,21259.0
2024-03-06 10:00:00+00:00,407.41,412.94,391.2,401.17,26862.0
2024-03-06 14:00:00+00:00,401.1,410.4,396.18,410.09,26130.0
2024-03-06 18:00:00+00:00,409.93,417.57,407.17,416.1,17036.0
2024-03-06 22:00:00+00:00,416.08,424.02,410.55,418.52,15657.0
2024-03-07 02:00:00+00:00,418.56,418.61,397.85,399.43,23180.0
2024-03-07 06:00:00+00:00,399.52,415.58,397.81,408.98,19684.0
2024-03-07 10:00:00+00:00,409.04,426.25,406.08,422.44,26008.0
2024-03-07 14:00:00+00:00,422.49,435.12,413.92,428.68,29789.0
2024-03-07 18:00:00+00:00,428.68,440.72,425.84,438.5,18696.0
2024-03-07 22:00:00+00:00,437.16,440.55,429.62,430.7,14901.0
2024-03-08 02:00:00+00:00,430.68,435.6,426.66,428.4,13343.0
2024-03-08 06:00:00+00:00,428.38,445.1,427.63,440.46,16719.0
2024-03-08 10:00:00+00:00,440.43,441.0,431.73,433.86,15554.0
2024-03-08 14:00:00+00:00,433.84,447.18,418.48,435.84,34314.0
2024-03-08 18:00:00+00:00,435.82,440.11,430.25,431.95,15873.0
2024-03-10 21:00:00+00:00,425.72,426.62,401.52,412.94,13081.0
2024-03-11 01:00:00+00:00,413.28,418.31,406.82,416.65,11907.0
2024-03-11 05:00:00+00:00,416.61,445.6,412.17,442.46,16689.0
2024-03-11 09:00:00+00:00,442.48,448.61,439.76,443.04,16799.0
2024-03-11 13:00:00+00:00,443.11,448.71,431.87,443.88,20517.0
2024-03-11 17:00:00+00:00,443.93,450.34,439.51,444.2,10933.0
2024-03-11 21:00:00+00:00,444.0,457.14,439.9,440.26,18702.0
2024-03-12 01:00:00+00:00,440.28,442.5,429.72,434.11,10743.0
2024-03-12 05:00:00+00:00,434.12,436.72,418.7,424.06,14724.0
2024-03-12 09:00:00+00:00,424.02,432.84,421.76,430.48,14387.0
2024-03-12 13:00:00+00:00,430.5,434.94,419.18,427.4,26381.0
2024-03-12 17:00:00+00:00,427.38,431.9,409.06,424.34,24796.0
2024-03-12 21:00:00+00:00,424.54,436.56,418.55,428.88,7964.0
2024-03-13 01:00:00+00:00,428.93,454.63,427.24,450.74,10698.0
2024-03-13 05:00:00+00:00,450.73,452.22,439.06,446.36,15355.0
2024-03-13 09:00:00+00:00,446.41,447.89,438.2,439.59,10377.0
2024-03-13 13:00:00+00:00,439.34,441.29,423.87,434.1,19241.0
2024-03-13 17:00:00+00:00,434.13,438.13,432.2,434.54,9658.0
2024-03-13 21:00:00+00:00,436.3,443.24,435.09,436.64,12205.0
2024-03-14 01:00:00+00:00,436.62,445.12,433.47,436.06,14315.0
2024-03-14 05:00:00+00:00,436.12,469.69,435.2,455.89,15932.0
2024-03-14 09:00:00+00:00,455.92,474.12,441.22,445.82,28050.0
2024-03-14 13:00:00+00:00,445.91,453.42,427.38,439.88,38610.0
2024-03-14 17:00:00+00:00,439.86,440.14,416.1,434.04,30245.0
2024-03-14 21:00:00+00:00,432.82,445.13,432.02,442.24,6740.0
2024-03-15 01:00:00+00:00,442.21,442.62,392.51,405.82,33311.0
2024-03-15 05:00:00+00:00,405.78,416.58,396.16,396.93,21438.0
2024-03-15 09:00:00+00:00,396.94,408.32,383.7,404.42,26040.0
2024-03-15 13:00:00+00:00,404.4,412.28,401.33,407.14,18570.0
2024-03-15 17:00:00+00:00,407.13,425.19,401.73,403.96,20854.0
2024-03-17 21:00:00+00:00,402.92,407.79,391.36,391.46,6261.0
2024-03-18 01:00:00+00:00,391.51,405.38,387.86,403.81,11549.0
2024-03-18 05:00:00+00:00,403.84,411.16,399.04,403.86,14106.0
2024-03-18 09:00:00+00:00,403.89,407.62,398.14,406.34,20547.0
2024-03-18 13:00:00+00:00,406.41,407.02,385.29,389.62,21729.0
2024-03-18 17:00:00+00:00,389.6,392.52,383.28,391.52,17077.0
2024-03-18 21:00:00+00:00,393.08,411.52,390.84,395.32,16894.0
2024-03-19 01:00:00+00:00,395.32,397.09,370.33,371.06,23705.0
2024-03-19 05:00:00+00:00,370.9,375.65,359.5,362.32,24402.0
2024-03-19 09:00:00+00:00,362.3,375.7,356.46,372.36,23897.0
2024-03-19 13:00:00+00:00,372.4,378.14,363.87,377.92,19436.0
2024-03-19 17:00:00+00:00,377.9,380.81,370.44,372.05,14926.0
2024-03-19 21:00:00+00:00,371.44,373.68,350.72,367.2,20355.0
2024-03-20 01:00:00+00:00,367.24,368.53,352.05,355.36,19822.0
2024-03-20 05:00:00+00:00,355.28,368.55,347.88,362.61,15997.0
2024-03-20 09:00:00+00:00,362.56,374.82,362.48,373.14,13867.0
2024-03-20 13:00:00+00:00,372.99,377.02,359.58,372.17,21242.0
2024-03-20 17:00:00+00:00,372.15,413.0,370.18,405.45,27388.0
2024-03-20 21:00:00+00:00,405.7,413.25,403.52,408.48,18649.0
2024-03-21 01:00:00+00:00,408.34,418.99,403.8,412.58,14204.0
2024-03-21 05:00:00+00:00,412.64,435.32,408.58,430.54,22016.0
2024-03-21 09:00:00+00:00,430.6,435.52,425.93,430.02,19815.0
2024-03-21 13:00:00+00:00,430.0,430.42,418.93,421.18,23037.0
2024-03-21 17:00:00+00:00,421.18,424.0,410.69,417.32,23594.0
2024-03-21 21:00:00+00:00,416.55,420.15,411.3,414.55,12121.0
2024-03-22 01:00:00+00:00,414.43,421.64,407.11,415.76,13906.0
2024-03-22 05:00:00+00:00,415.8,417.75,408.41,410.22,9232.0
2024-03-22 09:00:00+00:00,410.16,414.42,401.41,409.03,20054.0
2024-03-22 13:00:00+00:00,409.0,409.94,391.2,403.02,23474.0
2024-03-22 17:00:00+00:00,403.01,416.72,402.99,411.38,15901.0
2024-03-24 21:00:00+00:00,411.38,490.91,411.38,488.91,20824.0
2024-03-25 01:00:00+00:00,488.86,497.44,478.26,492.22,21401.0
2024-03-25 05:00:00+00:00,492.31,497.07,483.78,485.9,17783.0
2024-03-25 09:00:00+00:00,485.76,494.1,473.21,480.11,22725.0
2024-03-25 13:00:00+00:00,479.95,506.68,478.38,499.2,32805.0
2024-03-25 17:00:00+00:00,499.32,501.33,490.47,497.91,18170.0
2024-03-25 21:00:00+00:00,499.34,499.44,486.15,491.38,15715.0
2024-03-26 01:00:00+00:00,491.41,494.93,485.95,489.26,14000.0
2024-03-26 05:00:00+00:00,489.3,494.82,486.82,489.2,15988.0
2024-03-26 09:00:00+00:00,489.18,495.3,484.58,492.72,13463.0
2024-03-26 13:00:00+00:00,492.79,493.72,468.14,471.48,30806.0
2024-03-26 17:00:00+00:00,471.46,479.48,468.39,475.15,19044.0
2024-03-26 21:00:00+00:00,476.82,488.77,471.9,484.49,15488.0
2024-03-27 01:00:00+00:00,484.59,500.51,480.77,488.65,17613.0
2024-03-27 05:00:00+00:00,488.7,494.77,483.34,484.04,16192.0
2024-03-27 09:00:00+00:00,484.14,503.09,482.16,499.43,20861.0
2024-03-27 13:00:00+00:00,499.4,546.9,491.78,538.14,40599.0
2024-03-27 17:00:00+00:00,538.14,545.54,533.06,541.31,18412.0
2024-03-27 21:00:00+00:00,544.81,553.31,527.54,528.78,20349.0
2024-03-28 01:00:00+00:00,528.76,547.34,527.45,533.29,19600.0
2024-03-28 05:00:00+00:00,533.34,576.12,530.27,570.48,23880.0
2024-03-28 09:00:00+00:00,570.52,582.32,559.57,575.32,25647.0
2024-03-28 13:00:00+00:00,575.3,584.9,560.7,572.14,27898.0
2024-03-28 17:00:00+00:00,572.08,580.12,565.52,575.81,14766.0
2024-03-28 21:00:00+00:00,579.66,588.27,565.25,568.38,18059.0
2024-03-29 01:00:00+00:00,568.33,585.4,553.24,572.57,24668.0
2024-03-29 05:00:00+00:00,572.51,585.32,570.18,583.05,24485.0
2024-03-29 09:00:00+00:00,583.0,639.96,579.32,623.12,41164.0
2024-03-29 13:00:00+00:00,623.16,625.28,599.11,600.15,33396.0
2024-03-29 17:00:00+00:00,600.16,608.62,598.06,601.0,18142.0
2024-03-31 21:00:00+00:00,601.0,693.0,601.0,683.04,25734.0
2024-04-01 01:00:00+00:00,682.97,702.01,675.22,697.73,27389.0
2024-04-01 05:00:00+00:00,697.84,701.62,661.0,664.32,39481.0
2024-04-01 09:00:00+00:00,664.22,673.06,658.99,664.44,28003.0
2024-04-01 13:00:00+00:00,664.46,666.09,624.65,636.3,36886.0
2024-04-01 17:00:00+00:00,636.26,655.12,617.92,649.34,24952.0
2024-04-01 21:00:00+00:00,647.08,653.66,632.23,636.23,16804.0
2024-04-02 01:00:00+00:00,636.53,642.84,601.52,607.52,32795.0
2024-04-02 05:00:00+00:00,607.42,614.08,593.2,599.2,23794.0
2024-04-02 09:00:00+00:00,599.2,611.18,587.85,600.4,30193.0
2024-04-02 13:00:00+00:00,600.38,645.88,595.66,635.82,44766.0
2024-04-02 17:00:00+00:00,635.77,638.93,622.75,637.4,28613.0
2024-04-02 21:00:00+00:00,632.92,649.35,610.18,631.12,29103.0
2024-04-03 01:00:00+00:00,631.14,643.76,622.94,625.38,29611.0
2024-04-03 05:00:00+00:00,625.44,625.94,602.34,612.32,21771.0
2024-04-03 09:00:00+00:00,612.26,615.03,597.53,602.68,23043.0
2024-04-03 13:00:00+00:00,602.75,610.01,589.75,591.73,30063.0
2024-04-03 17:00:00+00:00,591.7,592.79,565.99,568.37,25124.0
2024-04-03 21:00:00+00:00,563.22,619.12,561.56,604.03,26859.0
2024-04-04 01:00:00+00:00,603.97,631.18,597.08,629.1,36627.0
2024-04-04 05:00:00+00:00,629.1,682.41,619.05,681.66,36938.0
2024-04-04 09:00:00+00:00,681.7,683.75,638.78,652.7,34500.0
2024-04-04 13:00:00+00:00,652.36,667.08,631.62,638.4,35097.0
2024-04-04 17:00:00+00:00,638.4,649.92,632.44,646.73,35245.0
2024-04-04 21:00:00+00:00,650.1,685.7,626.0,671.47,31058.0
2024-04-05 01:00:00+00:00,671.44,718.56,656.02,699.61,47221.0
2024-04-05 05:00:00+00:00,699.64,708.18,680.46,690.65,42250.0
2024-04-05 09:00:00+00:00,690.48,695.9,658.8,662.5,42844.0
2024-04-05 13:00:00+00:00,662.58,681.96,645.4,664.01,45259.0
2024-04-05 17:00:00+00:00,663.93,671.94,655.78,666.08,29449.0
2024-04-07 21:00:00+00:00,666.08,692.64,666.08,690.57,19653.0
2024-04-08 01:00:00+00:00,690.56,703.78,685.82,693.66,27880.0
2024-04-08 05:00:00+00:00,693.61,698.58,686.06,694.96,22755.0
2024-04-08 09:00:00+00:00,694.92,712.12,690.92,692.41,32059.0
2024-04-08 13:00:00+00:00,692.38,695.96,678.52,682.08,27740.0
2024-04-08 17:00:00+00:00,681.98,691.04,679.94,684.48,19087.0
2024-04-08 21:00:00+00:00,686.56,688.61,678.87,680.09,15268.0
2024-04-09 01:00:00+00:00,680.1,688.6,673.86,678.56,22249.0
2024-04-09 05:00:00+00:00,678.54,681.43,656.97,666.1,30551.0
2024-04-09 09:00:00+00:00,666.08,677.76,663.46,670.43,21280.0
2024-04-09 13:00:00+00:00,670.52,694.78,667.1,683.09,43120.0
2024-04-09 17:00:00+00:00,683.12,688.24,669.58,676.8,23450.0
2024-04-09 21:00:00+00:00,677.98,678.18,666.78,668.38,20010.0
2024-04-10 01:00:00+00:00,668.33,668.7,611.34,623.7,31831.0
2024-04-10 05:00:00+00:00,623.88,633.94,622.87,627.96,21036.0
2024-04-10 09:00:00+00:00,627.78,628.0,596.98,611.46,27465.0
2024-04-10 13:00:00+00:00,611.39,622.4,606.98,620.96,26937.0
2024-04-10 17:00:00+00:00,621.02,625.46,606.03,620.76,22320.0
2024-04-10 21:00:00+00:00,619.12,634.25,618.02,622.9,17475.0
2024-04-11 01:00:00+00:00,623.0,624.8,613.07,616.78,14194.0
2024-04-11 05:00:00+00:00,616.7,627.4,611.72,618.76,13612.0
2024-04-11 09:00:00+00:00,618.8,618.95,603.44,611.2,15745.0
2024-04-11 13:00:00+00:00,611.17,614.86,600.26,611.45,26062.0
2024-04-11 17:00:00+00:00,611.46,615.0,606.62,615.0,9843.0
2024-04-11 21:00:00+00:00,615.85,619.18,609.94,613.0,9379.0
2024-04-12 01:00:00+00:00,613.12,618.75,611.12,616.02,10475.0
2024-04-12 05:00:00+00:00,615.7,616.08,605.89,608.69,11194.0
2024-04-12 09:00:00+00:00,608.75,611.56,594.68,597.57,13022.0
2024-04-12 13:00:00+00:00,597.6,597.62,572.86,574.5,30091.0
2024-04-12 17:00:00+00:00,574.45,575.75,490.07,530.32,47519.0
2024-04-14 21:00:00+00:00,530.32,534.47,481.24,521.61,23042.0
2024-04-15 01:00:00+00:00,521.66,530.98,515.64,530.06,30983.0
2024-04-15 05:00:00+00:00,530.09,569.23,529.0,558.85,36075.0
2024-04-15 09:00:00+00:00,558.7,562.0,537.14,540.92,21573.0
2024-04-15 13:00:00+00:00,540.98,545.46,507.86,511.44,34628.0
2024-04-15 17:00:00+00:00,511.5,519.88,491.44,503.33,33101.0
2024-04-15 21:00:00+00:00,502.38,514.96,498.36,504.18,13950.0
2024-04-16 01:00:00+00:00,504.2,510.66,469.89,475.06,28500.0
2024-04-16 05:00:00+00:00,475.16,497.38,473.74,489.17,27100.0
2024-04-16 09:00:00+00:00,489.14,493.02,467.8,485.01,32713.0
2024-04-16 13:00:00+00:00,485.02,486.25,464.28,480.12,42551.0
2024-04-16 17:00:00+00:00,480.1,487.53,477.68,484.14,28547.0
2024-04-16 21:00:00+00:00,485.6,494.84,482.57,487.1,15933.0
2024-04-17 01:00:00+00:00,487.12,490.04,480.36,487.76,22258.0
2024-04-17 05:00:00+00:00,487.8,489.66,471.44,475.06,21930.0
2024-04-17 09:00:00+00:00,475.08,477.77,458.62,463.38,21233.0
2024-04-17 13:00:00+00:00,463.47,469.33,447.28,451.28,36775.0
2024-04-17 17:00:00+00:00,451.14,475.31,450.82,463.73,24991.0
2024-04-17 21:00:00+00:00,463.6,472.24,453.66,462.46,17032.0
2024-04-18 01:00:00+00:00,462.41,481.81,461.73,472.52,20956.0
2024-04-18 05:00:00+00:00,472.48,480.78,459.79,477.58,24134.0
2024-04-18 09:00:00+00:00,477.22,489.12,474.08,479.16,26342.0
2024-04-18 13:00:00+00:00,479.2,489.28,474.1,478.52,34578.0
2024-04-18 17:00:00+00:00,478.46,485.34,473.84,485.1,17457.0
2024-04-18 21:00:00+00:00,485.22,487.88,476.02,476.1,11473.0
2024-04-19 01:00:00+00:00,476.16,476.18,444.48,469.41,38905.0
2024-04-19 05:00:00+00:00,469.4,490.17,460.8,484.76,29161.0
2024-04-19 09:00:00+00:00,484.78,487.18,476.82,481.52,22766.0
2024-04-19 13:00:00+00:00,481.52,482.56,470.98,477.5,27131.0
2024-04-19 17:00:00+00:00,477.62,492.52,476.27,480.33,23838.0
2024-04-21 21:00:00+00:00,480.33,509.3,480.33,503.61,13035.0
2024-04-22 01:00:00+00:00,503.61,513.42,496.18,510.6,24742.0
2024-04-22 05:00:00+00:00,510.64,516.08,507.59,508.65,14625.0
2024-04-22 09:00:00+00:00,508.69,512.06,507.5,510.18,12733.0
2024-04-22 13:00:00+00:00,510.3,512.63,504.38,508.08,18020.0
2024-04-22 17:00:00+00:00,508.05,521.46,507.92,518.77,13721.0
2024-04-22 21:00:00+00:00,519.85,528.27,518.82,521.66,12275.0
2024-04-23 01:00:00+00:00,521.72,523.58,508.0,510.26,11730.0
2024-04-23 05:00:00+00:00,510.24,515.15,506.09,511.12,11290.0
2024-04-23 09:00:00+00:00,511.1,512.24,504.57,508.0,12378.0
2024-04-23 13:00:00+00:00,507.99,515.4,504.82,511.24,22144.0
2024-04-23 17:00:00+00:00,511.22,513.22,503.96,508.35,16920.0
2024-04-23 21:00:00+00:00,508.48,509.02,501.91,508.94,11975.0
2024-04-24 01:00:00+00:00,508.92,511.84,503.48,510.22,16061.0
2024-04-24 05:00:00+00:00,510.22,511.07,504.84,506.07,14735.0
2024-04-24 09:00:00+00:00,506.1,507.46,502.44,503.3,12376.0
2024-04-24 13:00:00+00:00,503.36,503.36,475.77,479.98,32877.0
2024-04-24 17:00:00+00:00,479.98,487.29,477.51,482.26,17355.0
2024-04-24 21:00:00+00:00,480.92,485.72,473.73,483.3,17646.0
2024-04-25 01:00:00+00:00,483.26,484.97,472.66,480.2,19677.0
2024-04-25 05:00:00+00:00,480.3,485.04,474.06,475.78,15447.0
2024-04-25 09:00:00+00:00,475.78,481.56,469.16,473.26,20424.0
2024-04-25 13:00:00+00:00,473.24,479.91,467.05,479.91,23883.0
2024-04-25 17:00:00+00:00,479.93,485.5,476.68,480.7,15427.0
2024-04-25 21:00:00+00:00,481.31,486.02,472.2,475.16,12960.0
2024-04-26 01:00:00+00:00,475.16,479.1,467.08,476.1,21265.0
2024-04-26 05:00:00+00:00,476.07,479.76,474.22,478.6,13350.0
2024-04-26 09:00:00+00:00,478.64,484.98,476.86,480.9,13522.0
2024-04-26 13:00:00+00:00,480.93,484.54,475.42,482.96,21405.0
2024-04-26 17:00:00+00:00,482.96,493.47,482.13,488.65,10846.0
2024-04-28 21:00:00+00:00,481.04,481.57,468.23,473.54,11998.0
2024-04-29 01:00:00+00:00,473.48,474.88,457.91,463.38,15812.0
2024-04-29 05:00:00+00:00,463.37,464.88,452.44,455.72,18885.0
2024-04-29 09:00:00+00:00,455.74,458.88,447.41,453.23,18962.0
2024-04-29 13:00:00+00:00,453.26,463.72,448.6,459.64,25278.0
2024-04-29 17:00:00+00:00,459.64,464.08,457.9,460.9,14768.0
2024-04-29 21:00:00+00:00,461.44,470.21,457.43,469.75,12713.0
2024-04-30 01:00:00+00:00,469.76,469.91,455.99,462.16,16504.0
2024-04-30 05:00:00+00:00,462.18,468.69,444.41,446.34,17257.0
2024-04-30 09:00:00+00:00,446.36,451.58,428.85,439.4,24929.0
2024-04-30 13:00:00+00:00,439.44,442.38,423.38,429.63,27577.0
2024-04-30 17:00:00+00:00,429.6,434.88,420.46,431.54,24950.0
2024-04-30 21:00:00+00:00,432.27,437.78,428.2,429.15,13093.0
2024-05-01 01:00:00+00:00,429.17,431.46,422.12,430.9,16288.0
2024-05-01 05:00:00+00:00,430.89,432.01,401.63,407.88,28818.0
2024-05-01 09:00:00+00:00,407.84,413.44,404.64,411.84,21257.0
2024-05-01 13:00:00+00:00,411.82,412.23,399.36,402.06,26866.0
2024-05-01 17:00:00+00:00,402.04,431.1,399.7,415.84,39290.0
2024-05-01 21:00:00+00:00,415.36,427.3,413.78,417.55,15988.0
2024-05-02 01:00:00+00:00,417.57,420.08,410.89,415.76,17173.0
2024-05-02 05:00:00+00:00,415.74,417.7,412.22,416.85,13763.0
2024-05-02 09:00:00+00:00,416.82,430.09,414.44,424.88,17622.0
2024-05-02 13:00:00+00:00,424.9,431.1,418.08,426.12,19917.0
2024-05-02 17:00:00+00:00,426.14,433.21,424.58,425.62,16941.0
2024-05-02 21:00:00+00:00,427.4,434.72,425.93,427.95,10477.0
2024-05-03 01:00:00+00:00,427.96,441.16,427.54,438.7,16796.0
2024-05-03 05:00:00+00:00,438.72,440.3,431.68,435.64,11575.0
2024-05-03 09:00:00+00:00,435.68,447.88,431.86,443.36,18953.0
2024-05-03 13:00:00+00:00,443.38,451.79,442.62,448.54,20662.0
2024-05-03 17:00:00+00:00,448.52,458.82,445.32,455.3,10436.0
2024-05-05 21:00:00+00:00,468.06,471.0,465.81,469.75,8359.0
2024-05-06 01:00:00+00:00,469.65,472.4,464.36,469.6,7564.0
2024-05-06 05:00:00+00:00,469.65,484.19,467.26,481.06,11648.0
2024-05-06 09:00:00+00:00,481.06,484.42,463.22,467.09,17356.0
2024-05-06 13:00:00+00:00,467.1,477.5,463.02,474.28,18045.0
2024-05-06 17:00:00+00:00,474.3,484.12,469.24,477.02,15911.0
2024-05-06 21:00:00+00:00,477.24,478.08,468.91,474.22,10041.0
2024-05-07 01:00:00+00:00,474.2,481.91,468.28,472.3,19622.0
2024-05-07 05:00:00+00:00,472.32,483.68,466.17,482.03,18070.0
2024-05-07 09:00:00+00:00,482.06,487.22,475.7,479.93,15326.0
2024-05-07 13:00:00+00:00,479.92,494.0,478.26,492.3,20441.0
2024-05-07 17:00:00+00:00,492.28,492.39,475.75,478.6,14342.0
2024-05-07 21:00:00+00:00,481.29,482.84,464.66,467.96,17727.0
2024-05-08 01:00:00+00:00,467.98,470.14,463.26,465.92,14351.0
2024-05-08 05:00:00+00:00,465.9,466.51,450.34,456.52,17251.0
2024-05-08 09:00:00+00:00,456.45,460.04,449.64,456.29,14131.0
2024-05-08 13:00:00+00:00,456.28,466.76,453.38,456.89,18754.0
2024-05-08 17:00:00+00:00,456.85,463.56,445.3,449.06,15494.0
2024-05-08 21:00:00+00:00,448.46,452.82,444.85,451.35,10540.0
2024-05-09 01:00:00+00:00,451.34,456.38,450.62,452.35,7165.0
2024-05-09 05:00:00+00:00,452.46,456.14,445.96,449.39,8381.0
2024-05-09 09:00:00+00:00,449.38,451.78,444.12,449.4,14865.0
2024-05-09 13:00:00+00:00,449.38,451.9,441.88,445.6,19699.0
2024-05-09 17:00:00+00:00,445.6,450.35,443.56,447.7,13487.0
2024-05-09 21:00:00+00:00,449.26,458.61,447.49,451.46,12637.0
2024-05-10 01:00:00+00:00,451.47,454.83,449.55,453.24,9651.0
2024-05-10 05:00:00+00:00,453.23,456.68,450.78,454.28,9128.0
2024-05-10 09:00:00+00:00,454.32,455.02,447.6,449.03,9057.0
2024-05-10 13:00:00+00:00,449.04,450.14,422.26,426.18,24906.0
2024-05-10 17:00:00+00:00,426.16,429.39,422.46,423.52,11573.0
2024-05-12 21:00:00+00:00,431.35,435.64,427.95,434.08,6153.0
2024-05-13 01:00:00+00:00,434.16,434.31,421.4,424.14,17163.0
2024-05-13 05:00:00+00:00,424.14,446.06,423.14,441.66,16536.0
2024-05-13 09:00:00+00:00,441.66,445.3,438.65,442.86,11213.0
2024-05-13 13:00:00+00:00,442.93,448.18,440.3,446.02,17337.0
2024-05-13 17:00:00+00:00,445.98,446.29,436.9,442.19,12425.0
2024-05-13 21:00:00+00:00,442.11,443.02,435.78,436.6,13852.0
2024-05-14 01:00:00+00:00,436.57,438.55,432.27,433.84,9587.0
2024-05-14 05:00:00+00:00,433.85,438.69,426.04,435.6,13580.0
2024-05-14 09:00:00+00:00,435.6,438.28,433.05,434.14,11801.0
2024-05-14 13:00:00+00:00,434.16,438.96,429.42,433.48,18599.0
2024-05-14 17:00:00+00:00,433.52,434.2,428.25,431.86,9888.0
2024-05-14 21:00:00+00:00,432.02,432.28,426.1,427.0,8191.0
2024-05-15 01:00:00+00:00,426.92,432.15,426.85,430.01,9781.0
2024-05-15 05:00:00+00:00,429.98,433.66,428.42,429.9,8582.0
2024-05-15 09:00:00+00:00,429.9,447.5,423.67,444.48,19980.0
2024-05-15 13:00:00+00:00,444.52,457.8,441.06,447.58,28375.0
2024-05-15 17:00:00+00:00,447.62,464.07,447.62,462.78,18682.0
2024-05-15 21:00:00+00:00,465.14,467.04,458.28,458.8,11865.0
2024-05-16 01:00:00+00:00,458.8,460.04,455.54,458.0,8559.0
2024-05-16 05:00:00+00:00,458.06,459.6,454.04,454.96,9753.0
2024-05-16 09:00:00+00:00,454.96,457.52,448.51,450.36,15025.0
2024-05-16 13:00:00+00:00,450.38,452.38,442.88,446.96,17777.0
2024-05-16 17:00:00+00:00,446.94,447.34,443.29,444.79,12755.0
2024-05-16 21:00:00+00:00,444.4,446.18,442.44,445.05,6957.0
2024-05-17 01:00:00+00:00,445.08,447.04,442.34,445.79,8779.0
2024-05-17 05:00:00+00:00,445.78,471.5,444.88,471.0,15497.0
2024-05-17 09:00:00+00:00,471.03,478.24,463.44,467.11,14969.0
2024-05-17 13:00:00+00:00,467.12,475.2,459.57,469.0,16202.0
2024-05-17 17:00:00+00:00,469.03,470.84,463.96,467.1,8064.0
2024-05-19 21:00:00+00:00,483.57,488.2,480.66,484.58,10335.0
2024-05-20 01:00:00+00:00,484.56,488.03,477.78,485.3,18351.0
2024-05-20 05:00:00+00:00,485.32,491.93,476.16,481.04,17205.0
2024-05-20 09:00:00+00:00,481.03,501.72,477.0,484.74,18142.0
2024-05-20 13:00:00+00:00,484.78,488.3,484.12,485.41,4286.0
2024-05-20 17:00:00+00:00,491.14,509.22,485.76,504.82,18910.0
2024-05-20 21:00:00+00:00,503.53,529.67,500.75,522.36,17638.0
2024-05-21 01:00:00+00:00,522.36,523.86,510.63,511.07,16523.0
2024-05-21 05:00:00+00:00,511.04,525.38,509.97,520.98,11716.0
2024-05-21 09:00:00+00:00,521.0,527.25,517.64,524.96,15348.0
2024-05-21 13:00:00+00:00,525.03,527.57,514.61,517.2,19489.0
2024-05-21 17:00:00+00:00,517.16,519.52,508.75,514.2,13700.0
2024-05-21 21:00:00+00:00,514.31,517.04,510.56,510.89,9850.0
2024-05-22 01:00:00+00:00,510.93,514.58,501.65,508.22,12198.0
2024-05-22 05:00:00+00:00,508.19,511.3,503.8,507.12,12114.0
2024-05-22 09:00:00+00:00,507.14,507.32,494.82,496.92,16872.0
2024-05-22 13:00:00+00:00,496.9,509.54,496.58,505.38,18521.0
2024-05-22 17:00:00+00:00,505.38,509.15,497.86,499.14,16545.0
2024-05-22 21:00:00+00:00,499.08,515.8,496.86,514.18,12077.0
2024-05-23 01:00:00+00:00,514.2,514.46,506.67,510.63,11553.0
2024-05-23 05:00:00+00:00,510.57,511.63,505.67,507.2,10562.0
2024-05-23 09:00:00+00:00,507.22,509.74,496.3,501.73,17207.0
2024-05-23 13:00:00+00:00,501.76,504.13,482.49,488.61,24783.0
2024-05-23 17:00:00+00:00,488.6,490.68,472.36,488.8,20715.0
2024-05-23 21:00:00+00:00,491.94,496.7,484.57,492.92,11359.0
2024-05-24 01:00:00+00:00,492.88,495.81,490.62,494.06,9646.0
2024-05-24 05:00:00+00:00,494.05,494.39,480.0,489.66,17126.0
2024-05-24 09:00:00+00:00,489.72,493.16,485.8,487.0,9306.0
2024-05-24 13:00:00+00:00,487.01,491.96,482.29,488.54,13068.0
2024-05-24 17:00:00+00:00,488.56,499.95,488.2,497.36,10163.0
2024-05-26 21:00:00+00:00,483.26,487.09,480.7,487.09,5322.0
2024-05-27 01:00:00+00:00,487.12,489.84,485.89,486.02,8649.0
2024-05-27 05:00:00+00:00,485.99,486.38,481.2,484.16,11030.0
2024-05-27 09:00:00+00:00,484.14,491.7,483.76,490.91,9461.0
2024-05-27 13:00:00+00:00,490.94,503.2,490.94,499.32,17845.0
2024-05-27 17:00:00+00:00,499.35,499.49,484.23,490.46,17097.0
2024-05-27 21:00:00+00:00,490.14,490.86,484.3,486.4,11327.0
2024-05-28 01:00:00+00:00,486.42,488.08,464.04,465.27,23876.0
2024-05-28 05:00:00+00:00,465.25,468.52,461.05,466.68,12070.0
2024-05-28 09:00:00+00:00,466.66,476.36,464.88,468.44,16020.0
2024-05-28 13:00:00+00:00,468.44,469.62,462.0,463.48,25219.0
2024-05-28 17:00:00+00:00,463.46,470.57,460.71,468.22,16271.0
2024-05-28 21:00:00+00:00,468.2,471.52,467.78,469.33,8164.0
2024-05-29 01:00:00+00:00,469.36,474.82,467.4,473.85,12818.0
2024-05-29 05:00:00+00:00,473.83,473.86,462.52,468.94,13802.0
2024-05-29 09:00:00+00:00,468.98,472.06,465.07,467.37,13151.0
2024-05-29 13:00:00+00:00,467.39,470.72,464.17,469.22,20615.0
2024-05-29 17:00:00+00:00,469.2,470.5,465.1,466.0,12540.0
2024-05-29 21:00:00+00:00,465.58,469.06,464.08,464.9,9448.0
2024-05-30 01:00:00+00:00,464.9,469.55,463.52,467.16,14255.0
2024-05-30 05:00:00+00:00,467.2,467.69,459.42,465.44,18800.0
2024-05-30 09:00:00+00:00,465.4,470.92,464.74,468.86,12779.0
2024-05-30 13:00:00+00:00,468.88,472.88,465.48,469.48,13162.0
2024-05-30 17:00:00+00:00,469.5,474.7,463.82,466.88,14532.0
2024-05-30 21:00:00+00:00,466.28,467.91,463.68,464.36,9636.0
2024-05-31 01:00:00+00:00,464.44,466.56,462.77,464.76,7756.0
2024-05-31 05:00:00+00:00,464.74,466.56,461.11,465.14,9192.0
2024-05-31 09:00:00+00:00,465.14,469.0,462.96,466.9,13433.0
2024-05-31 13:00:00+00:00,466.9,467.84,447.4,455.07,23798.0
2024-05-31 17:00:00+00:00,455.05,459.72,453.65,457.98,10100.0
2024-06-02 21:00:00+00:00,457.34,459.06,453.84,455.75,11157.0
2024-06-03 01:00:00+00:00,455.81,464.64,455.18,462.5,14637.0
2024-06-03 05:00:00+00:00,462.52,468.54,462.26,465.7,11626.0
2024-06-03 09:00:00+00:00,465.74,468.72,464.0,468.52,6425.0
2024-06-03 13:00:00+00:00,468.54,471.15,463.44,466.98,11049.0
2024-06-03 17:00:00+00:00,466.96,470.42,466.39,467.44,4088.0
2024-06-03 21:00:00+00:00,467.76,468.0,462.56,464.67,7017.0
2024-06-04 01:00:00+00:00,464.56,465.46,461.78,461.96,6341.0
2024-06-04 05:00:00+00:00,461.94,469.59,459.34,467.49,11458.0
2024-06-04 09:00:00+00:00,467.49,473.62,464.57,465.66,7939.0
2024-06-04 13:00:00+00:00,465.67,479.77,465.52,478.5,15838.0
2024-06-04 17:00:00+00:00,478.54,478.96,471.34,477.04,9375.0
2024-06-04 21:00:00+00:00,477.64,479.86,474.82,477.92,6630.0
2024-06-05 01:00:00+00:00,477.91,482.33,476.28,482.32,10963.0
2024-06-05 05:00:00+00:00,482.34,485.74,480.94,483.66,9013.0
2024-06-05 09:00:00+00:00,483.56,484.96,477.42,479.46,8614.0
2024-06-05 13:00:00+00:00,479.46,486.4,476.54,486.14,10796.0
2024-06-05 17:00:00+00:00,486.15,497.52,485.11,493.85,9898.0
2024-06-05 21:00:00+00:00,495.49,497.16,490.41,494.9,7201.0
2024-06-06 01:00:00+00:00,494.92,502.4,494.41,500.28,10627.0
2024-06-06 05:00:00+00:00,500.22,500.39,490.71,491.76,7994.0
2024-06-06 09:00:00+00:00,491.76,498.48,489.68,493.74,8860.0
2024-06-06 13:00:00+00:00,493.76,500.97,491.96,495.68,12393.0
2024-06-06 17:00:00+00:00,495.7,496.92,486.47,493.68,8424.0
2024-06-06 21:00:00+00:00,493.86,498.5,493.27,495.94,5651.0
2024-06-07 01:00:00+00:00,495.98,508.88,492.56,507.71,7934.0
2024-06-07 05:00:00+00:00,507.75,520.24,507.71,512.14,12703.0
2024-06-07 09:00:00+00:00,512.15,519.51,508.88,513.64,15699.0
2024-06-07 13:00:00+00:00,513.78,518.14,509.6,514.68,12863.0
2024-06-07 17:00:00+00:00,514.59,515.24,456.26,482.32,31917.0
2024-06-09 21:00:00+00:00,474.99,475.5,472.94,474.52,5750.0
2024-06-10 01:00:00+00:00,474.52,474.76,468.79,470.04,6938.0
2024-06-10 05:00:00+00:00,470.02,470.08,461.36,464.46,10224.0
2024-06-10 09:00:00+00:00,464.44,467.92,463.58,466.6,5881.0
2024-06-10 13:00:00+00:00,466.54,474.64,463.94,471.93,13317.0
2024-06-10 17:00:00+00:00,471.94,472.99,468.22,470.36,9971.0
2024-06-10 21:00:00+00:00,470.76,471.8,466.35,467.12,5562.0
2024-06-11 01:00:00+00:00,467.18,468.26,451.2,459.22,20457.0
2024-06-11 05:00:00+00:00,459.23,459.62,448.94,454.46,15509.0
2024-06-11 09:00:00+00:00,454.41,455.41,445.96,446.02,14211.0
2024-06-11 13:00:00+00:00,446.02,447.09,435.28,438.54,22427.0
2024-06-11 17:00:00+00:00,438.64,448.32,434.03,447.7,12801.0
2024-06-11 21:00:00+00:00,446.96,448.1,443.14,443.92,6018.0
2024-06-12 01:00:00+00:00,443.94,447.93,439.0,443.74,12382.0
2024-06-12 05:00:00+00:00,443.66,446.96,441.62,445.44,6725.0
2024-06-12 09:00:00+00:00,445.39,466.23,443.8,459.23,14247.0
2024-06-12 13:00:00+00:00,459.24,466.74,457.01,462.39,18906.0
2024-06-12 17:00:00+00:00,462.4,466.26,445.99,453.42,24280.0
2024-06-12 21:00:00+00:00,454.58,456.81,452.38,455.34,9927.0
2024-06-13 01:00:00+00:00,455.36,455.7,443.36,447.96,16791.0
2024-06-13 05:00:00+00:00,448.02,449.94,443.62,447.19,7133.0
2024-06-13 09:00:00+00:00,447.22,449.72,441.48,444.04,13615.0
2024-06-13 13:00:00+00:00,444.08,453.9,433.52,440.72,22146.0
2024-06-13 17:00:00+00:00,440.74,441.78,432.52,434.66,9295.0
2024-06-13 21:00:00+00:00,433.9,435.2,427.92,431.18,11379.0
2024-06-14 01:00:00+00:00,431.12,435.17,429.53,433.38,12109.0
2024-06-14 05:00:00+00:00,433.38,440.98,433.38,438.86,9851.0
2024-06-14 09:00:00+00:00,438.88,438.95,436.08,436.58,10360.0
2024-06-14 13:00:00+00:00,436.58,436.98,407.46,416.69,23087.0
2024-06-14 17:00:00+00:00,416.63,418.18,411.09,415.32,12426.0
2024-06-16 21:00:00+00:00,427.07,430.58,426.42,426.67,10162.0
2024-06-17 01:00:00+00:00,426.69,426.83,420.6,423.34,12209.0
2024-06-17 05:00:00+00:00,423.38,424.54,414.74,417.65,13252.0
2024-06-17 09:00:00+00:00,417.7,424.98,408.3,414.66,14779.0
2024-06-17 13:00:00+00:00,414.68,421.59,403.96,418.24,21121.0
2024-06-17 17:00:00+00:00,418.28,429.18,418.28,422.24,17875.0
2024-06-17 21:00:00+00:00,422.25,424.07,411.04,414.94,17829.0
2024-06-18 01:00:00+00:00,414.87,416.36,376.31,394.8,30640.0
2024-06-18 05:00:00+00:00,394.79,398.05,391.66,396.2,7373.0
2024-06-18 09:00:00+00:00,396.16,396.52,377.69,380.25,14549.0
2024-06-18 13:00:00+00:00,380.28,385.76,372.37,379.62,25011.0
2024-06-18 17:00:00+00:00,379.6,385.12,374.16,384.53,14442.0
2024-06-18 21:00:00+00:00,385.23,391.88,385.02,391.49,9156.0
2024-06-19 01:00:00+00:00,391.46,398.32,390.01,397.33,17750.0
2024-06-19 05:00:00+00:00,397.31,398.42,391.6,392.48,8109.0
2024-06-19 09:00:00+00:00,392.4,395.98,389.3,392.57,11483.0
2024-06-19 13:00:00+00:00,392.44,392.9,386.5,388.56,9223.0
2024-06-19 17:00:00+00:00,388.56,393.53,385.28,385.98,8716.0
2024-06-19 21:00:00+00:00,385.83,391.42,385.77,391.22,10173.0
2024-06-20 01:00:00+00:00,391.22,395.92,387.38,391.98,16012.0
2024-06-20 05:00:00+00:00,391.96,398.91,391.2,395.76,14369.0
2024-06-20 09:00:00+00:00,395.72,400.55,393.72,395.08,14244.0
2024-06-20 13:00:00+00:00,395.07,395.64,385.25,390.1,25101.0
2024-06-20 17:00:00+00:00,390.14,393.44,388.96,392.21,18622.0
2024-06-20 21:00:00+00:00,391.72,392.58,386.16,387.16,7627.0
2024-06-21 01:00:00+00:00,387.2,394.28,386.78,391.06,11068.0
2024-06-21 05:00:00+00:00,391.1,397.41,385.32,386.5,13008.0
2024-06-21 09:00:00+00:00,386.5,393.72,382.52,385.66,16785.0
2024-06-21 13:00:00+00:00,385.62,387.53,378.8,382.63,18940.0
2024-06-21 17:00:00+00:00,382.6,388.29,376.84,385.24,12233.0
2024-06-23 21:00:00+00:00,383.62,385.34,380.2,381.65,13572.0
2024-06-24 01:00:00+00:00,381.64,382.12,374.72,375.8,11992.0
2024-06-24 05:00:00+00:00,375.8,376.0,363.68,364.88,16026.0
2024-06-24 09:00:00+00:00,364.86,367.37,345.8,352.9,24661.0
2024-06-24 13:00:00+00:00,352.87,356.54,347.36,351.4,18222.0
2024-06-24 17:00:00+00:00,351.36,354.66,344.02,350.81,19057.0
2024-06-24 21:00:00+00:00,350.8,377.25,349.94,376.54,12943.0
2024-06-25 01:00:00+00:00,376.64,387.85,370.28,376.94,14382.0
2024-06-25 05:00:00+00:00,376.98,378.16,370.68,372.85,9991.0
2024-06-25 09:00:00+00:00,372.88,383.17,372.72,377.42,13598.0
2024-06-25 13:00:00+00:00,377.46,394.37,377.31,388.53,14959.0
2024-06-25 17:00:00+00:00,388.5,393.79,386.93,389.88,7350.0
2024-06-25 21:00:00+00:00,389.67,393.52,386.52,390.69,6748.0
2024-06-26 01:00:00+00:00,390.68,396.94,378.32,378.62,15652.0
2024-06-26 05:00:00+00:00,378.64,380.02,374.44,375.88,9727.0
2024-06-26 09:00:00+00:00,375.88,378.88,374.72,375.82,9048.0
2024-06-26 13:00:00+00:00,375.81,379.67,373.84,378.42,12086.0
2024-06-26 17:00:00+00:00,378.4,379.82,373.96,378.38,9047.0
2024-06-26 21:00:00+00:00,378.34,378.58,372.43,374.61,8804.0
2024-06-27 01:00:00+00:00,374.59,379.64,372.95,376.33,9583.0
2024-06-27 05:00:00+00:00,376.36,376.82,369.7,371.54,8642.0
2024-06-27 09:00:00+00:00,371.54,385.5,371.12,381.02,13736.0
2024-06-27 13:00:00+00:00,381.0,392.53,380.36,381.79,18787.0
2024-06-27 17:00:00+00:00,381.8,390.27,381.55,388.34,9735.0
2024-06-27 21:00:00+00:00,388.56,390.72,386.19,387.04,6559.0
2024-06-28 01:00:00+00:00,387.01,393.84,386.44,391.71,12888.0
2024-06-28 05:00:00+00:00,391.72,396.64,388.08,395.2,12265.0
2024-06-28 09:00:00+00:00,395.23,406.49,394.74,400.83,17137.0
2024-06-28 13:00:00+00:00,400.86,401.38,385.81,388.9,22820.0
2024-06-28 17:00:00+00:00,388.88,389.83,385.02,387.06,12887.0
2024-06-30 21:00:00+00:00,390.76,396.96,388.86,393.0,7797.0
2024-07-01 01:00:00+00:00,393.0,398.12,391.64,392.39,9113.0
2024-07-01 05:00:00+00:00,392.38,393.05,386.46,391.44,6821.0
2024-07-01 09:00:00+00:00,391.46,392.68,387.12,387.66,8532.0
2024-07-01 13:00:00+00:00,387.62,389.56,385.32,388.58,10388.0
2024-07-01 17:00:00+00:00,388.56,392.88,387.5,388.44,8970.0
2024-07-01 21:00:00+00:00,388.32,388.62,382.16,383.64,7246.0
2024-07-02 01:00:00+00:00,383.65,393.6,382.95,387.37,8473.0
2024-07-02 05:00:00+00:00,387.42,389.53,385.18,385.65,7789.0
2024-07-02 09:00:00+00:00,385.63,388.62,384.27,387.31,6926.0
2024-07-02 13:00:00+00:00,387.32,389.41,377.95,379.98,14448.0
2024-07-02 17:00:00+00:00,379.95,383.9,379.19,381.88,7561.0
2024-07-02 21:00:00+00:00,381.18,383.54,379.9,380.12,4855.0
2024-07-03 01:00:00+00:00,380.11,380.96,368.74,373.44,11953.0
2024-07-03 05:00:00+00:00,373.42,376.04,373.29,374.78,6977.0
2024-07-03 09:00:00+00:00,374.76,376.43,369.0,370.64,12372.0
2024-07-03 13:00:00+00:00,370.62,376.06,369.6,374.23,10574.0
2024-07-03 17:00:00+00:00,374.27,375.63,368.62,370.48,9981.0
2024-07-03 21:00:00+00:00,370.22,374.3,369.94,373.07,5502.0
2024-07-04 01:00:00+00:00,373.06,373.09,351.82,362.97,18273.0
2024-07-04 05:00:00+00:00,363.01,363.44,354.06,357.12,11864.0
2024-07-04 09:00:00+00:00,357.08,357.54,341.45,341.52,15696.0
2024-07-04 13:00:00+00:00,341.56,346.35,337.32,345.15,19175.0
2024-07-04 17:00:00+00:00,345.17,345.94,341.38,343.6,10572.0
2024-07-04 21:00:00+00:00,343.48,345.81,315.82,324.64,20261.0
2024-07-05 01:00:00+00:00,324.68,325.5,295.93,305.49,38283.0
2024-07-05 05:00:00+00:00,305.44,312.21,288.7,290.68,21182.0
2024-07-05 09:00:00+00:00,290.68,315.84,288.52,309.5,21932.0
2024-07-05 13:00:00+00:00,309.53,326.52,309.26,321.82,21992.0
2024-07-05 17:00:00+00:00,321.87,327.43,320.77,325.54,13325.0
2024-07-07 21:00:00+00:00,318.97,319.66,302.34,303.32,14430.0
2024-07-08 01:00:00+00:00,303.31,315.0,299.04,314.42,22261.0
2024-07-08 05:00:00+00:00,314.42,332.95,309.61,331.84,18270.0
2024-07-08 09:00:00+00:00,331.88,334.62,325.18,332.18,17648.0
2024-07-08 13:00:00+00:00,332.21,338.08,317.61,327.12,22015.0
2024-07-08 17:00:00+00:00,327.1,334.35,323.92,330.95,11702.0
2024-07-08 21:00:00+00:00,330.44,335.31,329.68,331.82,9063.0
2024-07-09 01:00:00+00:00,331.84,337.96,328.9,336.24,16021.0
2024-07-09 05:00:00+00:00,336.24,340.76,334.52,336.82,14111.0
2024-07-09 09:00:00+00:00,336.86,338.15,332.3,333.28,9993.0
2024-07-09 13:00:00+00:00,333.3,338.21,329.67,332.26,18821.0
2024-07-09 17:00:00+00:00,332.24,334.34,328.46,332.84,9917.0
2024-07-09 21:00:00+00:00,332.3,334.56,327.09,327.65,8521.0
2024-07-10 01:00:00+00:00,327.63,344.52,327.24,344.02,15849.0
2024-07-10 05:00:00+00:00,344.0,346.58,341.26,341.59,13326.0
2024-07-10 09:00:00+00:00,341.54,343.18,336.74,339.52,10176.0
2024-07-10 13:00:00+00:00,339.51,340.62,334.85,336.9,15217.0
2024-07-10 17:00:00+00:00,336.89,338.81,335.34,338.4,11797.0
2024-07-10 21:00:00+00:00,338.62,341.66,336.45,340.06,7889.0
2024-07-11 01:00:00+00:00,340.04,345.64,335.81,341.08,14583.0
2024-07-11 05:00:00+00:00,341.1,344.12,341.06,342.74,9073.0
2024-07-11 09:00:00+00:00,342.78,368.05,341.8,361.46,13628.0
2024-07-11 13:00:00+00:00,361.48,361.98,349.36,352.84,19433.0
2024-07-11 17:00:00+00:00,352.85,354.82,346.17,348.46,8637.0
2024-07-11 21:00:00+00:00,348.51,350.36,343.72,346.94,10057.0
2024-07-12 01:00:00+00:00,346.91,351.46,340.94,346.76,12034.0
2024-07-12 05:00:00+00:00,346.76,350.98,345.76,350.24,10451.0
2024-07-12 09:00:00+00:00,350.26,350.28,344.61,349.51,10750.0
2024-07-12 13:00:00+00:00,349.48,357.95,349.0,357.58,10669.0
2024-07-12 17:00:00+00:00,357.62,362.97,357.08,360.49,11286.0
2024-07-14 21:00:00+00:00,370.17,382.15,370.17,378.92,10663.0
2024-07-15 01:00:00+00:00,378.93,390.28,378.3,385.78,12525.0
2024-07-15 05:00:00+00:00,385.74,390.77,384.64,387.65,8589.0
2024-07-15 09:00:00+00:00,387.64,388.64,382.12,384.66,11120.0
2024-07-15 13:00:00+00:00,384.64,390.76,382.29,388.88,14029.0
2024-07-15 17:00:00+00:00,388.92,392.97,384.85,391.24,15831.0
2024-07-15 21:00:00+00:00,390.87,405.4,390.22,397.5,15969.0
2024-07-16 01:00:00+00:00,397.53,399.87,394.72,394.93,12135.0
2024-07-16 05:00:00+00:00,394.92,395.84,369.7,374.89,23192.0
2024-07-16 09:00:00+00:00,374.85,385.68,373.29,379.85,19075.0
2024-07-16 13:00:00+00:00,379.81,397.33,378.04,388.42,26216.0
2024-07-16 17:00:00+00:00,388.42,394.02,386.47,387.18,14564.0
2024-07-16 21:00:00+00:00,387.96,390.24,381.78,390.04,12039.0
2024-07-17 01:00:00+00:00,390.04,399.08,388.86,392.2,15926.0
2024-07-17 05:00:00+00:00,392.18,393.05,379.14,382.86,12264.0
2024-07-17 09:00:00+00:00,382.88,386.88,377.44,380.62,11805.0
2024-07-17 13:00:00+00:00,380.62,384.17,371.4,374.12,20218.0
2024-07-17 17:00:00+00:00,374.1,379.77,372.01,377.3,9775.0
2024-07-17 21:00:00+00:00,375.16,379.98,374.02,378.86,10894.0
2024-07-18 01:00:00+00:00,378.81,384.38,377.66,379.46,11168.0
2024-07-18 05:00:00+00:00,379.48,383.54,375.11,378.61,12798.0
2024-07-18 09:00:00+00:00,378.59,382.07,375.44,381.02,9835.0
2024-07-18 13:00:00+00:00,381.06,383.02,369.78,377.78,17772.0
2024-07-18 17:00:00+00:00,377.84,386.55,377.01,383.67,14984.0
2024-07-18 21:00:00+00:00,383.9,385.17,375.48,376.94,7928.0
2024-07-19 01:00:00+00:00,376.98,381.81,372.22,377.75,8900.0
2024-07-19 05:00:00+00:00,377.76,380.52,372.16,375.8,10847.0
2024-07-19 09:00:00+00:00,375.8,377.7,369.84,375.82,11668.0
2024-07-19 13:00:00+00:00,375.78,390.36,372.5,387.48,18769.0
2024-07-19 17:00:00+00:00,387.48,399.93,386.78,394.39,15887.0
2024-07-21 21:00:00+00:00,395.8,404.39,394.1,402.11,13009.0
2024-07-22 01:00:00+00:00,402.14,402.74,397.82,399.54,11880.0
2024-07-22 05:00:00+00:00,399.51,399.6,385.98,386.97,15550.0
2024-07-22 09:00:00+00:00,386.94,392.79,385.6,392.52,11232.0
2024-07-22 13:00:00+00:00,392.48,394.56,385.78,391.68,20441.0
2024-07-22 17:00:00+00:00,391.69,396.93,390.8,394.57,11937.0
2024-07-22 21:00:00+00:00,393.62,393.72,382.94,388.46,10617.0
2024-07-23 01:00:00+00:00,388.46,392.56,377.64,377.64,12645.0
2024-07-23 05:00:00+00:00,377.66,383.74,372.2,383.06,16150.0
2024-07-23 09:00:00+00:00,383.0,385.5,378.12,379.86,12394.0
2024-07-23 13:00:00+00:00,379.82,384.48,368.04,368.12,21584.0
2024-07-23 17:00:00+00:00,368.16,369.2,360.88,366.22,16425.0
2024-07-23 21:00:00+00:00,365.72,369.36,363.89,364.84,8224.0
2024-07-24 01:00:00+00:00,364.84,371.18,363.69,367.76,9283.0
2024-07-24 05:00:00+00:00,367.79,374.65,364.95,374.08,8216.0
2024-07-24 09:00:00+00:00,374.1,374.47,368.72,369.26,6483.0
2024-07-24 13:00:00+00:00,369.24,374.78,364.4,369.07,14333.0
2024-07-24 17:00:00+00:00,369.07,370.02,363.43,365.52,12985.0
2024-07-24 21:00:00+00:00,364.98,365.72,359.16,363.17,10130.0
2024-07-25 01:00:00+00:00,363.16,363.34,349.16,353.42,21355.0
2024-07-25 05:00:00+00:00,353.45,354.44,351.1,353.92,8607.0
2024-07-25 09:00:00+00:00,353.96,354.42,349.08,350.26,10197.0
2024-07-25 13:00:00+00:00,350.26,357.97,347.26,356.1,17562.0
2024-07-25 17:00:00+00:00,356.16,358.08,346.75,356.84,15381.0
2024-07-25 21:00:00+00:00,357.58,366.54,356.38,365.41,10226.0
2024-07-26 01:00:00+00:00,365.4,369.56,363.18,369.54,11229.0
2024-07-26 05:00:00+00:00,369.58,373.8,368.58,373.74,7352.0
2024-07-26 09:00:00+00:00,373.74,378.92,371.59,373.19,8826.0
2024-07-26 13:00:00+00:00,373.18,377.9,371.16,376.18,13010.0
2024-07-26 17:00:00+00:00,376.18,377.26,373.92,374.6,6640.0
2024-07-28 21:00:00+00:00,374.6,421.77,374.6,420.08,14673.0
2024-07-29 01:00:00+00:00,420.04,435.3,413.94,435.12,21246.0
2024-07-29 05:00:00+00:00,435.1,452.91,434.86,446.8,22291.0
2024-07-29 09:00:00+00:00,446.81,457.84,446.81,454.96,16972.0
2024-07-29 13:00:00+00:00,454.94,458.84,433.82,439.8,33536.0
2024-07-29 17:00:00+00:00,439.78,446.61,437.82,443.5,15244.0
2024-07-29 21:00:00+00:00,443.08,448.78,436.9,443.36,15666.0
2024-07-30 01:00:00+00:00,443.34,446.42,432.0,435.29,18766.0
2024-07-30 05:00:00+00:00,435.34,438.12,428.02,435.05,14054.0
2024-07-30 09:00:00+00:00,435.04,441.7,434.7,439.58,17727.0
2024-07-30 13:00:00+00:00,439.56,446.54,431.88,436.3,24135.0
2024-07-30 17:00:00+00:00,436.35,438.66,428.0,432.52,22040.0
2024-07-30 21:00:00+00:00,430.5,440.2,428.47,439.62,12186.0
2024-07-31 01:00:00+00:00,439.62,441.02,424.48,426.78,12355.0
2024-07-31 05:00:00+00:00,426.83,432.88,423.02,425.88,11851.0
2024-07-31 09:00:00+00:00,425.88,426.3,422.62,423.09,8693.0
2024-07-31 13:00:00+00:00,423.04,430.84,421.68,426.25,17871.0
2024-07-31 17:00:00+00:00,426.26,430.56,412.92,413.36,22161.0
2024-07-31 21:00:00+00:00,412.78,420.05,411.42,415.84,15774.0
2024-08-01 01:00:00+00:00,415.82,418.05,408.2,409.51,19501.0
2024-08-01 05:00:00+00:00,409.5,421.34,407.4,419.05,17120.0
2024-08-01 09:00:00+00:00,419.04,423.28,414.44,420.54,12314.0
2024-08-01 13:00:00+00:00,420.54,420.84,397.48,399.73,32906.0
2024-08-01 17:00:00+00:00,399.7,413.14,389.55,411.96,28212.0
2024-08-01 21:00:00+00:00,411.52,415.86,408.92,412.02,20878.0
2024-08-02 01:00:00+00:00,412.06,412.16,401.16,407.26,23098.0
2024-08-02 05:00:00+00:00,407.32,407.34,394.91,401.84,24273.0
2024-08-02 09:00:00+00:00,401.87,415.24,399.96,414.8,32021.0
2024-08-02 13:00:00+00:00,414.8,417.18,385.19,398.39,44358.0
2024-08-02 17:00:00+00:00,398.39,400.88,389.89,394.68,25992.0
2024-08-04 21:00:00+00:00,394.68,394.68,317.4,321.84,24354.0
2024-08-05 01:00:00+00:00,321.79,323.25,287.86,299.42,44325.0
2024-08-05 05:00:00+00:00,299.43,305.66,272.37,297.37,50626.0
2024-08-05 09:00:00+00:00,297.38,299.96,280.74,281.22,42796.0
2024-08-05 13:00:00+00:00,281.21,318.25,277.48,311.32,47184.0
2024-08-05 17:00:00+00:00,311.3,316.02,300.84,306.66,35549.0
2024-08-05 21:00:00+00:00,308.86,326.36,306.12,326.24,27227.0
2024-08-06 01:00:00+00:00,326.18,330.26,317.75,321.34,26287.0
2024-08-06 05:00:00+00:00,321.33,326.17,312.4,315.27,26401.0
2024-08-06 09:00:00+00:00,315.31,316.46,309.72,311.12,22755.0
2024-08-06 13:00:00+00:00,311.08,325.16,307.64,323.31,31785.0
2024-08-06 17:00:00+00:00,323.33,324.96,315.84,317.74,13608.0
2024-08-06 21:00:00+00:00,318.42,322.25,311.12,314.66,13563.0
2024-08-07 01:00:00+00:00,314.66,326.84,310.36,325.01,22504.0
2024-08-07 05:00:00+00:00,325.03,326.86,319.22,322.74,19436.0
2024-08-07 09:00:00+00:00,322.71,327.95,318.14,326.21,21918.0
2024-08-07 13:00:00+00:00,326.2,328.04,309.06,315.35,33066.0
2024-08-07 17:00:00+00:00,315.32,318.6,309.17,314.28,29327.0
2024-08-07 21:00:00+00:00,316.6,316.94,308.36,314.57,17784.0
2024-08-08 01:00:00+00:00,314.58,331.71,313.77,322.86,24420.0
2024-08-08 05:00:00+00:00,322.84,326.34,322.62,325.3,15238.0
2024-08-08 09:00:00+00:00,325.28,331.23,321.6,325.66,16454.0
2024-08-08 13:00:00+00:00,325.66,336.74,318.35,333.98,21680.0
2024-08-08 17:00:00+00:00,333.94,338.88,330.82,336.84,8306.0
2024-08-08 21:00:00+00:00,336.96,371.89,336.96,355.15,21930.0
2024-08-09 01:00:00+00:00,355.2,357.08,348.72,350.86,14413.0
2024-08-09 05:00:00+00:00,351.02,351.52,344.99,349.2,10948.0
2024-08-09 09:00:00+00:00,349.21,349.61,340.5,342.52,14557.0
2024-08-09 13:00:00+00:00,342.48,353.52,336.12,346.04,22729.0
2024-08-09 17:00:00+00:00,346.06,347.62,343.32,345.48,10406.0
2024-08-11 21:00:00+00:00,331.95,334.12,327.44,331.8,7761.0
2024-08-12 01:00:00+00:00,331.68,336.95,331.03,334.92,7398.0
2024-08-12 05:00:00+00:00,334.92,349.83,334.92,342.49,14619.0
2024-08-12 09:00:00+00:00,342.48,349.34,340.54,347.04,12917.0
2024-08-12 13:00:00+00:00,347.06,351.06,334.15,345.79,20725.0
2024-08-12 17:00:00+00:00,345.72,347.34,339.54,342.32,12477.0
2024-08-12 21:00:00+00:00,340.98,360.48,340.66,359.55,17674.0
2024-08-13 01:00:00+00:00,359.54,365.03,344.82,350.8,17377.0
2024-08-13 05:00:00+00:00,350.75,351.77,344.14,346.1,11634.0
2024-08-13 09:00:00+00:00,346.14,350.66,343.67,349.56,10356.0
2024-08-13 13:00:00+00:00,349.58,356.42,346.62,355.94,15773.0
2024-08-13 17:00:00+00:00,355.84,357.15,347.58,349.94,11875.0
2024-08-13 21:00:00+00:00,350.63,355.58,349.88,352.33,9106.0
2024-08-14 01:00:00+00:00,352.33,352.45,346.62,347.94,11209.0
2024-08-14 05:00:00+00:00,347.96,349.57,343.34,344.25,9683.0
2024-08-14 09:00:00+00:00,344.3,349.84,343.02,345.7,10110.0
2024-08-14 13:00:00+00:00,345.68,346.88,335.02,340.02,25249.0
2024-08-14 17:00:00+00:00,340.02,340.96,337.48,338.48,9683.0
2024-08-14 21:00:00+00:00,338.36,340.45,335.72,339.84,6736.0
2024-08-15 01:00:00+00:00,339.83,339.91,335.46,338.04,9030.0
2024-08-15 05:00:00+00:00,338.0,338.44,331.64,335.32,7111.0
2024-08-15 09:00:00+00:00,335.36,342.46,335.1,338.44,6224.0
2024-08-15 13:00:00+00:00,338.47,344.28,336.72,343.09,11965.0
2024-08-15 17:00:00+00:00,343.1,343.78,327.52,329.55,17933.0
2024-08-15 21:00:00+00:00,331.14,337.14,328.67,336.86,6905.0
2024-08-16 01:00:00+00:00,336.86,343.9,329.9,343.8,17326.0
2024-08-16 05:00:00+00:00,343.79,346.16,337.7,338.67,13470.0
2024-08-16 09:00:00+00:00,338.66,340.98,329.31,331.46,11489.0
2024-08-16 13:00:00+00:00,331.5,339.64,328.16,335.53,19566.0
2024-08-16 17:00:00+00:00,335.48,341.21,331.85,339.4,15790.0
2024-08-18 21:00:00+00:00,339.62,339.94,331.82,333.28,9924.0
2024-08-19 01:00:00+00:00,333.25,335.48,332.22,334.16,7174.0
2024-08-19 05:00:00+00:00,334.08,334.48,331.92,333.89,5503.0
2024-08-19 09:00:00+00:00,333.9,336.18,330.41,335.04,10761.0
2024-08-19 13:00:00+00:00,335.08,337.22,331.21,334.16,13337.0
2024-08-19 17:00:00+00:00,334.17,339.84,333.24,337.46,9923.0
2024-08-19 21:00:00+00:00,337.16,344.34,336.34,342.58,6881.0
2024-08-20 01:00:00+00:00,342.54,345.24,341.75,345.0,5127.0
2024-08-20 05:00:00+00:00,345.08,347.12,341.93,342.56,6246.0
2024-08-20 09:00:00+00:00,342.58,344.06,340.58,340.73,4335.0
2024-08-20 13:00:00+00:00,340.72,342.9,331.36,333.84,14273.0
2024-08-20 17:00:00+00:00,333.82,338.86,333.64,335.27,10040.0
2024-08-20 21:00:00+00:00,335.2,340.54,333.41,337.32,9860.0
2024-08-21 01:00:00+00:00,337.29,338.44,333.2,336.96,7702.0
2024-08-21 05:00:00+00:00,336.92,339.78,336.13,336.56,7423.0
2024-08-21 09:00:00+00:00,336.54,338.48,334.76,337.49,8162.0
2024-08-21 13:00:00+00:00,337.48,341.69,333.18,341.3,16030.0
2024-08-21 17:00:00+00:00,341.3,355.04,340.38,346.94,13858.0
2024-08-21 21:00:00+00:00,348.37,353.78,345.07,347.16,9946.0
2024-08-22 01:00:00+00:00,347.18,348.06,342.13,347.09,8784.0
2024-08-22 05:00:00+00:00,347.12,349.92,345.8,348.82,5218.0
2024-08-22 09:00:00+00:00,348.82,352.12,347.76,348.76,7029.0
2024-08-22 13:00:00+00:00,348.75,349.61,344.8,346.6,11475.0
2024-08-22 17:00:00+00:00,346.59,348.36,344.8,347.25,7190.0
2024-08-22 21:00:00+00:00,346.8,349.9,345.26,348.25,5276.0
2024-08-23 01:00:00+00:00,348.25,349.54,346.37,347.84,5070.0
2024-08-23 05:00:00+00:00,347.84,352.8,347.84,351.02,7615.0
2024-08-23 09:00:00+00:00,351.01,351.84,347.77,351.14,7035.0
2024-08-23 13:00:00+00:00,351.2,358.26,347.39,356.08,18731.0
2024-08-23 17:00:00+00:00,356.1,365.16,354.94,363.52,13936.0
2024-08-25 21:00:00+00:00,361.23,362.64,354.14,355.25,7998.0
2024-08-26 01:00:00+00:00,355.24,356.3,350.88,354.64,5680.0
2024-08-26 05:00:00+00:00,354.64,354.83,351.1,354.3,4829.0
2024-08-26 09:00:00+00:00,354.36,356.62,350.52,351.86,6293.0
2024-08-26 13:00:00+00:00,351.84,353.54,347.58,348.85,9947.0
2024-08-26 17:00:00+00:00,348.8,352.07,339.2,347.17,16716.0
2024-08-26 21:00:00+00:00,346.32,347.62,339.18,343.44,6887.0
2024-08-27 01:00:00+00:00,343.36,346.36,343.08,345.38,5695.0
2024-08-27 05:00:00+00:00,345.33,347.14,342.65,343.96,6546.0
2024-08-27 09:00:00+00:00,343.96,345.12,337.54,340.8,8274.0
2024-08-27 13:00:00+00:00,340.86,341.47,335.48,335.81,10260.0
2024-08-27 17:00:00+00:00,335.78,339.11,335.16,337.06,7756.0
2024-08-27 21:00:00+00:00,337.56,337.68,315.24,321.96,17140.0
2024-08-28 01:00:00+00:00,321.98,325.32,319.22,324.48,6462.0
2024-08-28 05:00:00+00:00,324.4,326.24,320.58,323.12,4607.0
2024-08-28 09:00:00+00:00,323.2,330.28,321.5,327.2,9687.0
2024-08-28 13:00:00+00:00,327.25,327.9,314.4,323.88,19455.0
2024-08-28 17:00:00+00:00,323.88,326.5,318.38,323.22,18643.0
2024-08-28 21:00:00+00:00,322.03,324.38,319.34,323.7,9447.0
2024-08-29 01:00:00+00:00,323.7,325.6,322.22,323.32,7967.0
2024-08-29 05:00:00+00:00,323.27,327.54,322.98,324.63,8130.0
2024-08-29 09:00:00+00:00,324.62,329.9,324.56,328.86,8919.0
2024-08-29 13:00:00+00:00,328.83,330.96,326.5,326.9,9948.0
2024-08-29 17:00:00+00:00,326.87,327.56,317.08,321.25,11843.0
2024-08-29 21:00:00+00:00,321.62,324.0,318.24,322.08,4941.0
2024-08-30 01:00:00+00:00,322.02,323.08,320.49,322.59,3740.0
2024-08-30 05:00:00+00:00,322.55,326.04,320.64,324.78,3084.0
2024-08-30 09:00:00+00:00,324.78,326.98,324.32,325.28,5727.0
2024-08-30 13:00:00+00:00,325.26,326.11,315.03,320.3,17264.0
2024-08-30 17:00:00+00:00,320.28,326.1,319.28,323.56,10358.0
2024-09-01 21:00:00+00:00,320.66,320.76,310.64,314.18,9366.0
2024-09-02 01:00:00+00:00,314.1,315.86,312.51,312.53,3438.0
2024-09-02 05:00:00+00:00,312.58,319.17,310.7,317.44,6810.0
2024-09-02 09:00:00+00:00,317.46,324.99,317.04,320.93,9982.0
2024-09-02 13:00:00+00:00,320.89,322.5,317.85,320.06,9211.0
2024-09-02 17:00:00+00:00,320.01,325.7,319.8,324.68,6305.0
2024-09-02 21:00:00+00:00,325.22,325.36,322.48,324.2,6279.0
2024-09-03 01:00:00+00:00,324.22,326.08,320.99,321.73,6702.0
2024-09-03 05:00:00+00:00,321.72,322.4,318.42,319.1,5499.0
2024-09-03 09:00:00+00:00,319.08,321.95,319.04,321.03,5230.0
2024-09-03 13:00:00+00:00,321.06,322.02,311.03,311.88,14933.0
2024-09-03 17:00:00+00:00,311.92,317.76,308.82,313.72,14124.0
2024-09-03 21:00:00+00:00,314.16,314.96,305.92,306.34,8401.0
2024-09-04 01:00:00+00:00,306.36,310.94,295.88,310.74,12997.0
2024-09-04 05:00:00+00:00,310.72,314.27,308.1,313.83,8190.0
2024-09-04 09:00:00+00:00,313.84,314.46,308.48,309.18,8578.0
2024-09-04 13:00:00+00:00,309.2,319.52,307.08,318.52,15901.0
2024-09-04 17:00:00+00:00,318.51,318.88,313.49,314.97,7486.0
2024-09-04 21:00:00+00:00,314.61,316.71,314.22,315.32,5562.0
2024-09-05 01:00:00+00:00,315.33,316.84,308.18,310.28,7940.0
2024-09-05 05:00:00+00:00,310.32,311.23,305.91,309.31,7454.0
2024-09-05 09:00:00+00:00,309.32,310.0,307.46,308.8,8606.0
2024-09-05 13:00:00+00:00,308.82,312.26,303.82,305.91,13199.0
2024-09-05 17:00:00+00:00,305.95,308.38,303.5,305.96,7077.0
2024-09-05 21:00:00+00:00,306.06,307.99,304.6,306.87,3201.0
2024-09-06 01:00:00+00:00,306.9,311.37,305.98,309.24,4414.0
2024-09-06 05:00:00+00:00,309.16,310.23,304.92,310.14,7095.0
2024-09-06 09:00:00+00:00,310.16,312.56,308.58,312.08,8430.0
2024-09-06 13:00:00+00:00,312.04,312.76,298.95,300.48,18377.0
2024-09-06 17:00:00+00:00,300.52,301.56,289.94,290.58,16459.0
2024-09-08 21:00:00+00:00,302.68,308.14,302.36,306.94,8159.0
2024-09-09 01:00:00+00:00,307.01,308.08,305.16,306.34,6867.0
2024-09-09 05:00:00+00:00,306.32,310.86,304.76,310.85,6340.0
2024-09-09 09:00:00+00:00,310.88,313.08,309.02,311.84,6424.0
2024-09-09 13:00:00+00:00,311.78,321.22,308.22,320.55,10959.0
2024-09-09 17:00:00+00:00,320.6,323.1,319.74,321.09,7203.0
2024-09-09 21:00:00+00:00,321.74,326.0,319.9,321.45,4041.0
2024-09-10 01:00:00+00:00,321.44,321.9,318.16,320.63,3609.0
2024-09-10 05:00:00+00:00,320.68,325.38,319.85,323.64,5825.0
2024-09-10 09:00:00+00:00,323.64,324.62,322.54,322.96,5916.0
2024-09-10 13:00:00+00:00,322.92,328.04,320.56,326.61,9891.0
2024-09-10 17:00:00+00:00,326.66,331.83,326.38,329.91,6240.0
2024-09-10 21:00:00+00:00,329.95,331.06,327.58,328.42,4953.0
2024-09-11 01:00:00+00:00,328.34,328.86,321.38,323.04,7873.0
2024-09-11 05:00:00+00:00,322.97,326.94,319.56,325.32,4994.0
2024-09-11 09:00:00+00:00,325.32,330.0,325.19,329.57,7609.0
2024-09-11 13:00:00+00:00,329.57,337.84,321.92,336.18,20288.0
2024-09-11 17:00:00+00:00,336.13,343.96,336.04,337.38,10097.0
2024-09-11 21:00:00+00:00,338.07,340.64,334.31,337.94,5007.0
2024-09-12 01:00:00+00:00,338.05,340.84,336.26,338.95,9091.0
2024-09-12 05:00:00+00:00,338.94,339.3,334.32,335.04,8256.0
2024-09-12 09:00:00+00:00,335.1,335.77,332.18,333.05,8210.0
2024-09-12 13:00:00+00:00,333.06,336.58,329.95,332.39,12432.0
2024-09-12 17:00:00+00:00,332.38,334.63,331.44,331.93,5973.0
2024-09-12 21:00:00+00:00,331.57,333.86,330.99,331.3,4074.0
2024-09-13 01:00:00+00:00,331.3,332.47,329.4,329.44,5570.0
2024-09-13 05:00:00+00:00,329.4,330.4,327.48,328.42,5957.0
2024-09-13 09:00:00+00:00,328.41,331.78,326.88,328.98,8553.0
2024-09-13 13:00:00+00:00,328.94,337.55,328.13,334.1,13972.0
2024-09-13 17:00:00+00:00,334.1,337.0,332.15,333.84,8328.0
2024-09-15 21:00:00+00:00,333.84,333.84,313.44,314.69,6217.0
2024-09-16 01:00:00+00:00,314.64,315.04,310.68,313.97,5032.0
2024-09-16 05:00:00+00:00,313.96,317.2,313.79,315.24,3187.0
2024-09-16 09:00:00+00:00,315.22,315.63,312.62,312.86,2817.0
2024-09-16 13:00:00+00:00,312.78,313.91,309.32,312.7,5342.0
2024-09-16 17:00:00+00:00,312.72,313.96,309.58,309.61,7059.0
2024-09-16 21:00:00+00:00,309.76,312.65,308.98,309.66,4815.0
2024-09-17 01:00:00+00:00,309.65,313.94,309.44,313.9,3535.0
2024-09-17 05:00:00+00:00,313.93,317.32,313.54,313.58,4454.0
2024-09-17 09:00:00+00:00,313.6,314.62,311.94,314.46,5883.0
2024-09-17 13:00:00+00:00,314.46,321.58,311.6,316.8,10447.0
2024-09-17 17:00:00+00:00,316.81,318.07,311.73,313.48,9234.0
2024-09-17 21:00:00+00:00,313.95,314.92,311.4,313.46,3858.0
2024-09-18 01:00:00+00:00,313.38,316.2,312.39,314.16,3030.0
2024-09-18 05:00:00+00:00,314.14,315.1,312.73,312.75,3002.0
2024-09-18 09:00:00+00:00,312.75,312.82,308.99,311.84,6160.0
2024-09-18 13:00:00+00:00,311.84,312.48,306.38,309.64,7072.0
2024-09-18 17:00:00+00:00,309.63,316.48,308.3,314.15,14376.0
2024-09-18 21:00:00+00:00,314.29,340.56,313.37,338.78,10759.0
2024-09-19 01:00:00+00:00,338.8,350.04,338.68,343.69,13032.0
2024-09-19 05:00:00+00:00,343.66,346.56,341.74,343.06,6337.0
2024-09-19 09:00:00+00:00,343.04,349.4,336.85,340.86,8848.0
2024-09-19 13:00:00+00:00,340.84,346.66,338.38,345.08,7126.0
2024-09-19 17:00:00+00:00,345.04,345.74,341.1,341.37,5486.0
2024-09-19 21:00:00+00:00,341.1,341.78,337.15,337.8,4008.0
2024-09-20 01:00:00+00:00,337.78,345.57,335.33,344.22,7915.0
2024-09-20 05:00:00+00:00,344.19,345.18,339.0,340.48,10378.0
2024-09-20 09:00:00+00:00,340.46,342.94,338.18,341.08,9410.0
2024-09-20 13:00:00+00:00,341.06,341.55,332.6,333.74,15001.0
2024-09-20 17:00:00+00:00,333.74,336.88,332.17,336.21,7677.0
2024-09-22 21:00:00+00:00,340.34,344.0,333.94,341.8,9369.0
2024-09-23 01:00:00+00:00,341.78,349.04,340.56,342.6,12236.0
2024-09-23 05:00:00+00:00,342.6,344.17,338.68,339.41,8426.0
2024-09-23 09:00:00+00:00,339.4,341.31,337.9,338.7,6526.0
2024-09-23 13:00:00+00:00,338.68,341.76,337.44,338.42,9126.0
2024-09-23 17:00:00+00:00,338.26,344.02,337.71,341.0,4066.0
2024-09-23 21:00:00+00:00,341.18,343.46,338.16,338.44,5709.0
2024-09-24 01:00:00+00:00,338.47,340.72,336.96,338.61,6920.0
2024-09-24 05:00:00+00:00,338.58,343.87,338.43,343.4,4756.0
2024-09-24 09:00:00+00:00,343.42,347.5,341.19,343.36,6054.0
2024-09-24 13:00:00+00:00,343.36,345.84,339.28,342.86,10825.0
2024-09-24 17:00:00+00:00,342.8,347.9,342.64,346.52,6601.0
2024-09-24 21:00:00+00:00,346.72,351.5,345.87,349.95,6795.0
2024-09-25 01:00:00+00:00,349.98,355.46,347.86,347.86,7282.0
2024-09-25 05:00:00+00:00,347.83,353.81,346.32,349.77,6588.0
2024-09-25 09:00:00+00:00,349.77,349.78,345.64,346.0,5451.0
2024-09-25 13:00:00+00:00,346.02,349.75,344.71,347.11,10163.0
2024-09-25 17:00:00+00:00,347.08,347.62,343.06,346.64,7372.0
2024-09-25 21:00:00+00:00,346.12,347.57,339.17,340.12,6886.0
2024-09-26 01:00:00+00:00,340.1,344.27,338.91,343.51,6963.0
2024-09-26 05:00:00+00:00,343.5,349.1,343.1,346.34,5741.0
2024-09-26 09:00:00+00:00,346.34,351.73,346.1,349.63,7284.0
2024-09-26 13:00:00+00:00,349.66,357.92,348.51,354.52,13213.0
2024-09-26 17:00:00+00:00,354.57,357.14,349.26,349.48,8460.0
2024-09-26 21:00:00+00:00,349.44,358.24,349.38,357.48,5842.0
2024-09-27 01:00:00+00:00,357.42,363.79,355.78,360.12,9811.0
2024-09-27 05:00:00+00:00,360.08,362.6,359.16,360.84,8061.0
2024-09-27 09:00:00+00:00,360.84,362.75,356.26,360.56,8439.0
2024-09-27 13:00:00+00:00,360.6,364.6,357.32,363.37,12628.0
2024-09-27 17:00:00+00:00,363.38,363.98,358.7,359.76,6944.0
2024-09-29 21:00:00+00:00,355.72,358.18,347.76,352.84,9572.0
2024-09-30 01:00:00+00:00,352.82,353.77,341.24,345.89,11198.0
2024-09-30 05:00:00+00:00,345.87,348.83,345.45,348.38,4219.0
2024-09-30 09:00:00+00:00,348.34,348.34,339.03,345.2,7459.0
2024-09-30 13:00:00+00:00,345.14,345.96,340.37,342.6,7255.0
2024-09-30 17:00:00+00:00,342.61,343.95,339.89,343.95,8000.0
2024-09-30 21:00:00+00:00,343.2,343.64,334.26,340.53,9388.0
2024-10-01 01:00:00+00:00,340.46,345.34,338.62,344.59,6969.0
2024-10-01 05:00:00+00:00,344.6,347.36,343.28,344.72,5155.0
2024-10-01 09:00:00+00:00,344.7,345.71,341.2,341.21,6027.0
2024-10-01 13:00:00+00:00,341.23,341.74,319.0,325.68,25028.0
2024-10-01 17:00:00+00:00,325.72,325.9,310.58,316.91,26099.0
2024-10-01 21:00:00+00:00,317.68,320.98,314.74,318.7,10101.0
2024-10-02 01:00:00+00:00,318.64,323.96,318.22,322.0,8747.0
2024-10-02 05:00:00+00:00,322.01,324.24,320.54,323.0,9383.0
2024-10-02 09:00:00+00:00,323.0,323.24,313.8,314.5,14266.0
2024-10-02 13:00:00+00:00,314.42,322.87,313.59,319.4,15990.0
2024-10-02 17:00:00+00:00,319.39,319.72,309.06,317.69,16773.0
2024-10-02 21:00:00+00:00,317.74,318.12,312.84,317.3,8660.0
2024-10-03 01:00:00+00:00,317.23,320.12,317.21,319.22,4540.0
2024-10-03 05:00:00+00:00,319.21,319.6,310.32,311.64,8509.0
2024-10-03 09:00:00+00:00,311.64,316.59,307.86,313.22,14042.0
2024-10-03 13:00:00+00:00,313.2,323.17,307.92,312.96,25105.0
2024-10-03 17:00:00+00:00,312.94,320.32,311.27,317.54,10202.0
2024-10-03 21:00:00+00:00,316.76,321.44,316.51,320.3,7200.0
2024-10-04 01:00:00+00:00,320.32,325.18,318.04,319.56,8216.0
2024-10-04 05:00:00+00:00,319.54,322.72,319.2,319.88,5792.0
2024-10-04 09:00:00+00:00,319.88,323.54,319.44,323.54,6591.0
2024-10-04 13:00:00+00:00,323.54,326.07,318.9,324.76,14712.0
2024-10-04 17:00:00+00:00,324.74,325.86,323.4,324.76,6424.0
2024-10-06 21:00:00+00:00,324.13,328.09,321.66,328.06,4943.0
2024-10-07 01:00:00+00:00,328.06,331.29,327.2,327.92,4979.0
2024-10-07 05:00:00+00:00,327.9,329.56,327.52,328.8,3203.0
2024-10-07 09:00:00+00:00,328.75,328.92,320.24,323.08,8676.0
2024-10-07 13:00:00+00:00,323.04,333.03,322.65,330.85,13589.0
2024-10-07 17:00:00+00:00,330.86,331.88,323.7,326.98,9736.0
2024-10-07 21:00:00+00:00,327.86,329.74,322.73,326.24,8874.0
2024-10-08 01:00:00+00:00,326.24,327.77,325.54,326.78,6111.0
2024-10-08 05:00:00+00:00,326.76,327.08,321.62,324.6,7639.0
2024-10-08 09:00:00+00:00,324.6,329.16,322.94,327.5,5183.0
2024-10-08 13:00:00+00:00,327.51,333.5,326.37,332.2,15285.0
2024-10-08 17:00:00+00:00,332.22,333.13,327.14,330.31,8661.0
2024-10-08 21:00:00+00:00,330.5,331.62,326.87,328.25,5067.0
2024-10-09 01:00:00+00:00,328.24,330.44,326.64,327.15,5877.0
2024-10-09 05:00:00+00:00,327.14,329.28,325.19,325.72,5655.0
2024-10-09 09:00:00+00:00,325.72,326.76,323.23,324.67,6610.0
2024-10-09 13:00:00+00:00,324.68,327.32,322.6,324.64,10570.0
2024-10-09 17:00:00+00:00,324.6,325.64,317.9,318.84,8970.0
2024-10-09 21:00:00+00:00,319.06,321.96,317.98,318.76,6122.0
2024-10-10 01:00:00+00:00,318.78,323.02,318.74,322.16,5139.0
2024-10-10 05:00:00+00:00,322.18,323.82,320.99,321.2,5176.0
2024-10-10 09:00:00+00:00,321.14,323.85,319.42,321.74,9607.0
2024-10-10 13:00:00+00:00,321.76,325.54,320.36,323.42,13445.0
2024-10-10 17:00:00+00:00,323.44,324.84,317.02,320.79,11681.0
2024-10-10 21:00:00+00:00,320.33,323.48,320.01,322.51,5084.0
2024-10-11 01:00:00+00:00,322.52,324.64,321.86,323.42,4915.0
2024-10-11 05:00:00+00:00,323.4,324.26,321.74,323.59,3478.0
2024-10-11 09:00:00+00:00,323.56,325.02,322.39,323.04,5389.0
2024-10-11 13:00:00+00:00,323.04,327.04,322.58,324.88,7334.0
2024-10-11 17:00:00+00:00,324.9,328.9,324.56,328.19,6527.0
2024-10-13 21:00:00+00:00,321.12,322.96,318.73,319.44,5460.0
2024-10-14 01:00:00+00:00,319.43,329.72,319.39,327.51,5349.0
2024-10-14 05:00:00+00:00,327.48,329.42,324.46,328.26,6172.0
2024-10-14 09:00:00+00:00,328.28,335.22,327.6,334.92,6751.0
2024-10-14 13:00:00+00:00,334.86,361.76,333.6,356.36,18405.0
2024-10-14 17:00:00+00:00,356.32,358.68,353.99,353.99,8847.0
2024-10-14 21:00:00+00:00,354.74,383.84,354.24,381.45,14649.0
2024-10-15 01:00:00+00:00,381.41,386.1,368.95,372.38,15079.0
2024-10-15 05:00:00+00:00,372.38,372.42,366.04,370.66,11115.0
2024-10-15 09:00:00+00:00,370.66,372.54,358.26,363.94,16929.0
2024-10-15 13:00:00+00:00,363.93,379.46,344.3,356.46,33815.0
2024-10-15 17:00:00+00:00,356.45,357.86,349.82,350.66,15773.0
2024-10-15 21:00:00+00:00,350.66,357.73,349.4,357.2,9755.0
2024-10-16 01:00:00+00:00,357.07,370.93,352.52,359.78,17136.0
2024-10-16 05:00:00+00:00,359.82,362.12,354.2,355.92,9480.0
2024-10-16 09:00:00+00:00,355.92,367.0,355.8,364.52,14944.0
2024-10-16 13:00:00+00:00,364.52,370.66,360.95,364.36,21958.0
2024-10-16 17:00:00+00:00,364.36,370.78,364.18,364.24,9213.0
2024-10-16 21:00:00+00:00,364.36,373.8,361.7,370.34,8157.0
2024-10-17 01:00:00+00:00,370.33,372.54,362.61,363.18,10591.0
2024-10-17 05:00:00+00:00,363.2,366.38,361.36,363.48,8548.0
2024-10-17 09:00:00+00:00,363.48,368.04,360.7,364.25,10883.0
2024-10-17 13:00:00+00:00,364.3,371.04,361.94,367.0,19262.0
2024-10-17 17:00:00+00:00,367.02,368.6,360.26,363.48,15667.0
2024-10-17 21:00:00+00:00,363.94,375.58,363.88,368.48,11044.0
2024-10-18 01:00:00+00:00,368.45,377.1,368.4,371.08,14303.0
2024-10-18 05:00:00+00:00,371.1,375.52,370.22,372.46,8802.0
2024-10-18 09:00:00+00:00,372.42,372.64,365.27,365.88,5829.0
2024-10-18 13:00:00+00:00,365.93,370.58,364.46,367.56,12611.0
2024-10-18 17:00:00+00:00,367.54,374.92,362.68,366.5,9135.0
2024-10-20 21:00:00+00:00,365.46,372.72,364.75,371.02,11793.0
2024-10-21 01:00:00+00:00,371.04,375.7,369.18,375.4,12307.0
2024-10-21 05:00:00+00:00,375.4,378.64,371.05,371.12,12176.0
2024-10-21 09:00:00+00:00,371.03,372.62,367.37,368.58,10677.0
2024-10-21 13:00:00+00:00,368.58,369.36,358.92,362.13,16771.0
2024-10-21 17:00:00+00:00,362.11,365.29,361.77,364.12,9669.0
2024-10-21 21:00:00+00:00,364.28,366.3,358.88,363.27,7331.0
2024-10-22 01:00:00+00:00,363.36,366.23,361.65,362.9,8218.0
2024-10-22 05:00:00+00:00,362.92,364.79,358.89,359.28,7023.0
2024-10-22 09:00:00+00:00,359.3,361.35,355.32,357.32,11822.0
2024-10-22 13:00:00+00:00,357.28,359.5,353.94,354.29,11949.0
2024-10-22 17:00:00+00:00,354.32,358.98,354.14,357.45,6468.0
2024-10-22 21:00:00+00:00,357.06,358.81,354.96,355.29,3491.0
2024-10-23 01:00:00+00:00,355.2,356.65,352.28,355.1,4557.0
2024-10-23 05:00:00+00:00,355.07,357.04,349.26,349.66,7121.0
2024-10-23 09:00:00+00:00,349.68,353.06,347.22,350.19,7952.0
2024-10-23 13:00:00+00:00,350.17,352.18,341.96,342.38,13045.0
2024-10-23 17:00:00+00:00,342.33,349.76,338.25,348.44,13099.0
2024-10-23 21:00:00+00:00,347.48,352.56,345.8,352.45,7093.0
2024-10-24 01:00:00+00:00,352.44,357.16,351.38,356.92,8578.0
2024-10-24 05:00:00+00:00,356.88,357.4,351.58,351.8,8216.0
2024-10-24 09:00:00+00:00,351.82,356.78,350.74,356.55,8558.0
2024-10-24 13:00:00+00:00,356.57,363.88,355.7,362.32,14056.0
2024-10-24 17:00:00+00:00,362.36,367.11,358.62,363.44,11156.0
2024-10-24 21:00:00+00:00,364.12,370.4,362.83,365.67,11696.0
2024-10-25 01:00:00+00:00,365.64,368.98,361.11,362.02,10596.0
2024-10-25 05:00:00+00:00,362.0,367.7,361.57,365.89,10144.0
2024-10-25 09:00:00+00:00,365.87,373.69,365.67,372.88,9322.0
2024-10-25 13:00:00+00:00,372.92,373.2,362.9,364.3,17600.0
2024-10-25 17:00:00+00:00,364.29,365.13,356.04,360.71,14445.0
2024-10-27 21:00:00+00:00,350.74,353.76,350.65,350.8,7213.0
2024-10-28 01:00:00+00:00,350.74,351.16,345.0,346.09,7192.0
2024-10-28 05:00:00+00:00,346.07,351.92,343.53,350.22,8333.0
2024-10-28 09:00:00+00:00,350.28,355.54,350.22,355.14,6480.0
2024-10-28 13:00:00+00:00,355.14,364.38,354.03,358.35,15594.0
2024-10-28 17:00:00+00:00,358.35,364.6,356.09,362.14,8629.0
2024-10-28 21:00:00+00:00,362.62,368.06,362.62,365.54,8597.0
2024-10-29 01:00:00+00:00,365.48,386.95,363.54,382.98,19346.0
2024-10-29 05:00:00+00:00,382.99,383.14,377.32,381.92,10227.0
2024-10-29 09:00:00+00:00,381.94,384.79,378.14,379.78,10273.0
2024-10-29 13:00:00+00:00,379.78,387.88,379.35,385.5,16761.0
2024-10-29 17:00:00+00:00,385.5,389.25,378.67,381.36,13556.0
2024-10-29 21:00:00+00:00,381.08,387.32,379.42,383.26,7983.0
2024-10-30 01:00:00+00:00,383.2,383.2,377.51,378.04,7485.0
2024-10-30 05:00:00+00:00,378.05,383.72,367.38,369.1,11814.0
2024-10-30 09:00:00+00:00,369.02,373.81,367.4,370.34,10325.0
2024-10-30 13:00:00+00:00,370.34,376.01,366.26,371.32,14767.0
2024-10-30 17:00:00+00:00,371.26,373.94,368.06,373.08,8456.0
2024-10-30 21:00:00+00:00,373.06,373.06,366.08,367.43,8073.0
2024-10-31 01:00:00+00:00,367.45,375.25,366.16,368.54,13521.0
2024-10-31 05:00:00+00:00,368.57,375.2,368.29,374.56,10140.0
2024-10-31 09:00:00+00:00,374.54,377.68,371.29,373.32,12009.0
2024-10-31 13:00:00+00:00,373.28,374.82,360.5,360.72,18898.0
2024-10-31 17:00:00+00:00,360.68,362.88,350.54,352.8,14919.0
2024-10-31 21:00:00+00:00,352.29,360.4,349.49,353.74,10056.0
2024-11-01 01:00:00+00:00,353.71,354.38,346.61,351.12,12343.0
2024-11-01 05:00:00+00:00,351.16,351.18,343.54,347.04,10023.0
2024-11-01 09:00:00+00:00,347.03,354.04,346.42,353.48,10776.0
2024-11-01 13:00:00+00:00,353.44,359.82,343.32,351.1,22683.0
2024-11-01 17:00:00+00:00,351.13,351.7,346.32,347.84,11770.0
2024-11-03 22:00:00+00:00,342.57,343.82,333.36,338.06,5457.0
2024-11-04 02:00:00+00:00,338.22,342.28,333.88,334.52,3923.0
2024-11-04 06:00:00+00:00,334.55,337.34,332.2,334.68,4453.0
2024-11-04 10:00:00+00:00,334.64,340.98,334.32,337.5,6021.0
2024-11-04 14:00:00+00:00,337.5,338.59,332.91,334.36,9655.0
2024-11-04 18:00:00+00:00,334.34,336.5,321.78,322.08,8418.0
2024-11-04 22:00:00+00:00,326.66,331.12,326.38,329.92,4469.0
2024-11-05 02:00:00+00:00,329.85,335.86,328.72,335.64,2870.0
2024-11-05 06:00:00+00:00,335.7,340.24,334.0,338.08,6552.0
2024-11-05 10:00:00+00:00,338.1,339.82,336.81,338.68,4127.0
2024-11-05 14:00:00+00:00,338.58,345.09,338.0,341.85,8874.0
2024-11-05 18:00:00+00:00,341.91,343.28,335.39,341.0,5365.0
2024-11-05 22:00:00+00:00,341.94,351.14,340.13,348.53,12658.0
2024-11-06 02:00:00+00:00,348.52,380.43,347.68,376.75,23776.0
2024-11-06 06:00:00+00:00,376.72,383.96,364.18,371.74,25353.0
2024-11-06 10:00:00+00:00,371.78,374.9,364.21,367.26,12734.0
2024-11-06 14:00:00+00:00,367.26,372.9,360.92,370.96,16047.0
2024-11-06 18:00:00+00:00,370.98,376.1,370.45,375.36,9646.0
2024-11-06 22:00:00+00:00,375.58,386.81,374.93,382.4,11345.0
2024-11-07 02:00:00+00:00,382.29,385.74,374.4,376.46,7004.0
2024-11-07 06:00:00+00:00,376.42,378.18,370.36,376.44,6668.0
2024-11-07 10:00:00+00:00,376.29,378.9,373.92,374.0,5233.0
2024-11-07 14:00:00+00:00,374.02,385.92,373.42,382.82,7583.0
2024-11-07 18:00:00+00:00,382.72,386.99,380.2,383.36,8128.0
2024-11-07 22:00:00+00:00,383.83,383.92,374.66,379.56,7351.0
2024-11-08 02:00:00+00:00,379.51,379.82,375.13,378.69,3707.0
2024-11-08 06:00:00+00:00,378.66,382.92,368.3,372.62,5974.0
2024-11-08 10:00:00+00:00,372.59,375.74,370.78,374.6,5028.0
2024-11-08 14:00:00+00:00,374.7,376.5,364.12,368.98,12624.0
2024-11-08 18:00:00+00:00,368.96,376.38,368.29,375.83,6673.0
2024-11-10 22:00:00+00:00,375.83,452.5,375.83,448.09,18086.0
2024-11-11 02:00:00+00:00,448.1,450.64,424.0,427.17,15603.0
2024-11-11 06:00:00+00:00,427.06,434.59,422.88,434.37,17400.0
2024-11-11 10:00:00+00:00,434.36,440.42,430.56,433.14,16341.0
2024-11-11 14:00:00+00:00,433.14,453.47,429.66,441.2,33925.0
2024-11-11 18:00:00+00:00,441.12,453.34,435.74,448.88,29356.0
2024-11-11 22:00:00+00:00,449.59,480.98,443.46,460.2,38435.0
2024-11-12 02:00:00+00:00,460.2,462.95,451.93,455.82,28800.0
2024-11-12 06:00:00+00:00,455.7,474.52,446.36,446.86,25344.0
2024-11-12 10:00:00+00:00,446.96,451.26,418.48,427.14,44797.0
2024-11-12 14:00:00+00:00,427.31,435.4,421.38,429.64,25990.0
2024-11-12 18:00:00+00:00,429.66,440.78,429.39,438.73,20707.0
2024-11-12 22:00:00+00:00,440.24,444.4,424.12,429.48,24280.0
2024-11-13 02:00:00+00:00,429.45,430.6,406.0,407.73,29870.0
2024-11-13 06:00:00+00:00,407.66,417.94,403.72,412.28,21632.0
2024-11-13 10:00:00+00:00,412.3,425.83,408.56,422.04,24968.0
2024-11-13 14:00:00+00:00,422.04,450.28,418.3,439.65,44416.0
2024-11-13 18:00:00+00:00,439.74,451.22,425.72,432.8,41078.0
2024-11-13 22:00:00+00:00,433.85,442.18,431.96,439.65,18904.0
2024-11-14 02:00:00+00:00,439.62,445.27,428.52,441.32,16904.0
2024-11-14 06:00:00+00:00,441.38,445.96,430.84,440.25,14574.0
2024-11-14 10:00:00+00:00,440.24,444.16,429.7,431.01,21464.0
2024-11-14 14:00:00+00:00,430.93,435.36,417.71,427.84,22390.0
2024-11-14 18:00:00+00:00,427.8,429.8,418.09,424.48,14344.0
2024-11-14 22:00:00+00:00,425.63,425.9,409.62,419.14,21734.0
2024-11-15 02:00:00+00:00,419.18,422.08,409.8,416.44,12835.0
2024-11-15 06:00:00+00:00,416.51,425.07,413.12,423.41,9903.0
2024-11-15 10:00:00+00:00,423.48,435.72,422.34,434.22,12817.0
2024-11-15 14:00:00+00:00,434.22,435.52,415.7,422.36,23506.0
2024-11-15 18:00:00+00:00,422.34,436.31,419.86,434.6,9334.0
2024-11-17 22:00:00+00:00,424.72,448.52,424.48,447.21,12104.0
2024-11-18 02:00:00+00:00,447.31,450.48,443.05,450.24,12610.0
2024-11-18 06:00:00+00:00,450.08,456.9,445.02,446.98,12934.0
2024-11-18 10:00:00+00:00,446.86,449.62,431.37,432.55,17764.0
2024-11-18 14:00:00+00:00,432.53,449.23,431.68,445.04,21161.0
2024-11-18 18:00:00+00:00,444.94,470.85,431.96,454.6,18575.0
2024-11-18 22:00:00+00:00,457.36,459.88,447.46,452.78,15689.0
2024-11-19 02:00:00+00:00,452.76,460.26,452.25,459.54,13881.0
2024-11-19 06:00:00+00:00,459.56,460.0,442.76,444.09,13744.0
2024-11-19 10:00:00+00:00,444.06,455.06,440.94,441.24,14417.0
2024-11-19 14:00:00+00:00,441.21,450.94,438.51,448.41,19466.0
2024-11-19 18:00:00+00:00,448.4,454.11,439.64,445.2,14905.0
2024-11-19 22:00:00+00:00,445.18,447.78,438.66,441.56,15431.0
2024-11-20 02:00:00+00:00,441.63,441.81,429.86,439.77,15317.0
2024-11-20 06:00:00+00:00,439.8,445.5,437.23,442.68,12025.0
2024-11-20 10:00:00+00:00,442.66,449.16,437.9,448.83,16836.0
2024-11-20 14:00:00+00:00,448.9,454.84,435.84,435.84,23869.0
2024-11-20 18:00:00+00:00,435.82,442.4,429.2,442.02,24210.0
2024-11-20 22:00:00+00:00,443.63,451.46,439.03,443.88,8871.0
2024-11-21 02:00:00+00:00,443.86,523.46,429.0,515.34,36679.0
2024-11-21 06:00:00+00:00,515.44,536.08,511.52,516.03,42203.0
2024-11-21 10:00:00+00:00,516.14,525.82,490.76,493.28,38874.0
2024-11-21 14:00:00+00:00,493.38,493.45,472.54,488.19,27123.0
2024-11-21 18:00:00+00:00,488.18,491.7,477.24,479.44,20252.0
2024-11-21 22:00:00+00:00,479.29,495.2,478.05,489.89,19845.0
2024-11-22 02:00:00+00:00,489.88,503.24,485.08,500.62,27171.0
2024-11-22 06:00:00+00:00,500.6,500.93,486.56,489.48,22550.0
2024-11-22 10:00:00+00:00,489.5,493.56,472.8,476.26,24368.0
2024-11-22 14:00:00+00:00,476.26,490.42,474.02,487.3,25859.0
2024-11-22 18:00:00+00:00,487.32,494.84,483.06,488.61,19557.0
2024-11-24 22:00:00+00:00,512.71,519.16,495.0,502.56,24449.0
2024-11-25 02:00:00+00:00,502.44,515.32,502.18,511.73,20805.0
2024-11-25 06:00:00+00:00,511.72,531.91,507.61,520.07,22723.0
2024-11-25 10:00:00+00:00,520.04,530.02,511.67,517.2,29592.0
2024-11-25 14:00:00+00:00,517.21,532.16,497.52,503.02,43087.0
2024-11-25 18:00:00+00:00,503.06,509.2,492.7,496.36,23871.0
2024-11-25 22:00:00+00:00,497.11,503.48,483.38,502.8,23821.0
2024-11-26 02:00:00+00:00,502.72,504.58,495.26,502.12,10388.0
2024-11-26 06:00:00+00:00,502.14,505.15,482.16,495.56,21127.0
2024-11-26 10:00:00+00:00,495.58,497.22,471.0,481.6,38122.0
2024-11-26 14:00:00+00:00,481.61,497.38,476.91,493.74,31925.0
2024-11-26 18:00:00+00:00,493.8,495.1,478.06,491.55,28604.0
2024-11-26 22:00:00+00:00,494.48,497.9,484.74,494.24,18001.0
2024-11-27 02:00:00+00:00,494.26,499.26,488.67,493.64,17471.0
2024-11-27 06:00:00+00:00,493.7,505.24,493.7,499.26,16151.0
2024-11-27 10:00:00+00:00,499.25,523.33,496.88,517.71,24196.0
2024-11-27 14:00:00+00:00,517.7,523.99,512.87,516.88,24593.0
2024-11-27 18:00:00+00:00,516.81,519.06,514.38,517.87,12995.0
2024-11-27 22:00:00+00:00,519.43,525.34,507.77,520.1,22918.0
2024-11-28 02:00:00+00:00,520.1,521.05,505.67,512.17,15534.0
2024-11-28 06:00:00+00:00,512.18,512.3,502.26,502.64,13255.0
2024-11-28 10:00:00+00:00,502.62,507.7,497.42,506.38,22687.0
2024-11-28 14:00:00+00:00,506.36,509.86,496.72,502.84,23070.0
2024-11-28 18:00:00+00:00,502.83,508.72,502.76,507.98,10038.0
2024-11-28 22:00:00+00:00,509.48,513.74,506.57,512.16,23452.0
2024-11-29 02:00:00+00:00,512.22,516.18,510.28,510.96,12709.0
2024-11-29 06:00:00+00:00,510.92,512.1,500.0,505.69,13952.0
2024-11-29 10:00:00+00:00,505.74,514.68,504.72,513.78,14121.0
2024-11-29 14:00:00+00:00,513.77,523.18,510.86,513.92,25142.0
2024-11-29 18:00:00+00:00,513.96,521.1,510.81,520.98,12274.0
2024-12-01 22:00:00+00:00,526.84,561.73,526.24,559.28,34348.0
2024-12-02 02:00:00+00:00,559.29,559.69,522.22,533.66,34345.0
2024-12-02 06:00:00+00:00,533.57,533.58,503.23,514.0,37138.0
2024-12-02 10:00:00+00:00,513.93,514.1,495.32,510.68,33235.0
2024-12-02 14:00:00+00:00,510.66,534.8,501.54,504.47,42950.0
2024-12-02 18:00:00+00:00,504.48,539.62,504.22,535.93,29917.0
2024-12-02 22:00:00+00:00,534.18,548.35,528.88,532.0,24304.0
2024-12-03 02:00:00+00:00,531.98,556.61,528.08,546.34,21266.0
2024-12-03 06:00:00+00:00,546.38,549.12,527.61,533.29,30888.0
2024-12-03 10:00:00+00:00,533.28,573.71,525.36,534.16,39965.0
2024-12-03 14:00:00+00:00,534.12,544.16,512.38,535.16,52562.0
2024-12-03 18:00:00+00:00,535.16,547.42,527.4,544.37,22994.0
2024-12-03 22:00:00+00:00,540.32,600.7,539.68,578.12,39982.0
2024-12-04 02:00:00+00:00,578.16,578.77,560.82,571.32,21571.0
2024-12-04 06:00:00+00:00,571.26,583.08,567.76,578.66,17407.0
2024-12-04 10:00:00+00:00,578.68,578.72,557.52,562.74,26597.0
2024-12-04 14:00:00+00:00,562.8,572.81,541.71,555.15,47649.0
2024-12-04 18:00:00+00:00,555.22,587.05,554.1,576.95,41933.0
2024-12-04 22:00:00+00:00,577.52,587.78,551.08,559.16,44830.0
2024-12-05 02:00:00+00:00,559.12,611.94,558.36,578.64,56443.0
2024-12-05 06:00:00+00:00,578.72,629.67,574.76,607.1,40829.0
2024-12-05 10:00:00+00:00,607.06,633.98,601.98,627.12,30654.0
2024-12-05 14:00:00+00:00,627.15,627.34,606.26,614.36,41506.0
2024-12-05 18:00:00+00:00,614.38,619.3,591.44,603.3,36854.0
2024-12-05 22:00:00+00:00,604.48,604.59,569.23,594.22,30675.0
2024-12-06 02:00:00+00:00,594.24,601.24,586.96,598.98,19058.0
2024-12-06 06:00:00+00:00,599.0,601.29,585.22,587.73,21437.0
2024-12-06 10:00:00+00:00,587.68,606.4,580.24,604.65,35808.0
2024-12-06 14:00:00+00:00,604.64,638.98,602.12,635.44,39408.0
2024-12-06 18:00:00+00:00,635.51,640.14,622.74,623.13,22481.0
2024-12-08 22:00:00+00:00,618.26,624.56,609.9,611.16,22609.0
2024-12-09 02:00:00+00:00,611.3,615.94,602.68,610.18,23643.0
2024-12-09 06:00:00+00:00,610.1,610.28,594.4,601.15,38850.0
2024-12-09 10:00:00+00:00,601.18,608.64,586.02,602.83,31030.0
2024-12-09 14:00:00+00:00,602.89,614.07,590.82,590.85,35618.0
2024-12-09 18:00:00+00:00,590.86,604.17,511.16,551.0,42131.0
2024-12-09 22:00:00+00:00,542.08,564.82,520.88,564.33,37901.0
2024-12-10 02:00:00+00:00,564.42,564.42,525.41,543.49,40221.0
2024-12-10 06:00:00+00:00,543.55,552.62,539.82,545.65,22790.0
2024-12-10 10:00:00+00:00,545.64,552.0,522.22,526.47,36671.0
2024-12-10 14:00:00+00:00,526.52,532.92,486.78,486.78,54894.0
2024-12-10 18:00:00+00:00,487.01,520.94,485.5,514.59,38638.0
2024-12-10 22:00:00+00:00,516.46,519.97,503.64,506.99,28731.0
2024-12-11 02:00:00+00:00,507.0,523.22,505.12,519.34,26223.0
2024-12-11 06:00:00+00:00,519.34,530.21,517.5,529.24,19140.0
2024-12-11 10:00:00+00:00,529.25,545.26,526.58,540.54,20414.0
2024-12-11 14:00:00+00:00,540.56,550.99,536.15,542.48,27247.0
2024-12-11 18:00:00+00:00,542.46,548.66,541.72,544.89,17029.0
2024-12-11 22:00:00+00:00,545.33,551.11,542.37,544.14,15700.0
2024-12-12 02:00:00+00:00,544.2,564.56,543.88,557.65,21552.0
2024-12-12 06:00:00+00:00,557.66,560.1,553.86,554.01,14849.0
2024-12-12 10:00:00+00:00,554.04,558.27,545.61,548.16,23487.0
2024-12-12 14:00:00+00:00,548.18,557.78,546.22,553.76,32520.0
2024-12-12 18:00:00+00:00,553.72,555.84,538.06,544.42,22197.0
2024-12-12 22:00:00+00:00,541.02,543.68,529.16,534.18,19017.0
2024-12-13 02:00:00+00:00,534.29,541.48,533.14,536.74,15726.0
2024-12-13 06:00:00+00:00,536.76,538.46,526.26,529.9,14802.0
2024-12-13 10:00:00+00:00,529.94,536.56,526.42,533.28,15528.0
2024-12-13 14:00:00+00:00,533.24,544.39,527.78,533.39,30228.0
2024-12-13 18:00:00+00:00,533.31,539.9,529.52,537.71,13885.0
2024-12-15 22:00:00+00:00,525.54,557.02,524.92,552.51,21564.0
2024-12-16 02:00:00+00:00,552.62,552.96,534.14,540.94,14300.0
2024-12-16 06:00:00+00:00,541.01,546.25,532.6,532.66,14882.0
2024-12-16 10:00:00+00:00,532.72,533.38,522.44,526.52,16542.0
2024-12-16 14:00:00+00:00,526.52,552.43,526.52,547.12,32024.0
2024-12-16 18:00:00+00:00,547.13,549.12,542.32,545.36,22087.0
2024-12-16 22:00:00+00:00,545.32,545.81,528.78,534.84,17488.0
2024-12-17 02:00:00+00:00,534.86,539.69,532.0,537.81,12962.0
2024-12-17 06:00:00+00:00,537.78,543.94,532.52,542.81,14027.0
2024-12-17 10:00:00+00:00,542.83,544.94,538.18,540.24,15886.0
2024-12-17 14:00:00+00:00,540.18,547.93,526.33,544.02,34466.0
2024-12-17 18:00:00+00:00,543.98,547.72,533.5,537.61,21524.0
2024-12-17 22:00:00+00:00,536.66,543.7,524.32,533.64,26015.0
2024-12-18 02:00:00+00:00,533.62,540.92,516.76,523.18,26348.0
2024-12-18 06:00:00+00:00,523.19,526.22,515.19,524.36,19933.0
2024-12-18 10:00:00+00:00,524.33,530.24,519.06,522.1,18263.0
2024-12-18 14:00:00+00:00,522.12,525.08,511.61,521.86,28130.0
2024-12-18 18:00:00+00:00,521.9,528.02,473.24,488.52,44211.0
2024-12-18 22:00:00+00:00,487.44,491.55,470.17,472.21,23299.0
2024-12-19 02:00:00+00:00,472.16,483.72,458.7,483.12,21444.0
2024-12-19 06:00:00+00:00,483.11,484.73,477.6,481.88,12557.0
2024-12-19 10:00:00+00:00,481.86,489.26,479.72,482.99,15403.0
2024-12-19 14:00:00+00:00,483.04,488.26,440.68,445.98,29598.0
2024-12-19 18:00:00+00:00,446.06,446.74,421.06,442.26,38377.0
2024-12-19 22:00:00+00:00,442.93,447.0,431.26,438.42,15303.0
2024-12-20 02:00:00+00:00,438.44,449.89,437.66,439.31,11068.0
2024-12-20 06:00:00+00:00,439.26,444.89,407.14,407.34,27205.0
2024-12-20 10:00:00+00:00,407.38,422.96,389.81,419.52,40602.0
2024-12-20 14:00:00+00:00,419.48,447.19,415.94,438.38,22892.0
2024-12-20 18:00:00+00:00,438.43,447.62,435.92,443.7,12906.0
2024-12-22 22:00:00+00:00,443.37,449.88,433.44,439.22,13082.0
2024-12-23 02:00:00+00:00,439.34,458.53,433.74,444.88,15160.0
2024-12-23 06:00:00+00:00,445.06,449.02,436.44,446.24,10637.0
2024-12-23 10:00:00+00:00,446.2,449.23,435.48,437.8,8011.0
2024-12-23 14:00:00+00:00,437.86,444.72,432.06,439.3,20943.0
2024-12-23 18:00:00+00:00,439.2,465.74,438.72,459.28,15036.0
2024-12-23 22:00:00+00:00,457.74,465.66,453.66,453.94,11495.0
2024-12-24 02:00:00+00:00,453.82,463.74,449.88,460.37,8220.0
2024-12-24 06:00:00+00:00,460.34,461.8,453.24,457.1,7226.0
2024-12-24 10:00:00+00:00,457.16,473.89,455.5,473.84,6633.0
2024-12-24 14:00:00+00:00,473.89,478.36,469.71,475.99,10728.0
2024-12-24 18:00:00+00:00,476.08,478.64,463.8,469.86,6798.0
2024-12-25 22:00:00+00:00,459.44,468.35,457.75,462.88,6871.0
2024-12-26 02:00:00+00:00,462.77,464.71,452.52,454.63,5719.0
2024-12-26 06:00:00+00:00,454.59,455.24,436.72,440.78,8835.0
2024-12-26 10:00:00+00:00,440.82,443.0,436.8,438.95,4957.0
2024-12-26 14:00:00+00:00,438.9,442.29,433.06,437.24,8646.0
2024-12-26 18:00:00+00:00,437.32,439.42,433.26,439.04,10766.0
2024-12-26 22:00:00+00:00,438.58,441.52,434.94,440.12,6449.0
2024-12-27 02:00:00+00:00,440.08,444.35,438.49,442.53,3770.0
2024-12-27 06:00:00+00:00,442.59,461.63,437.88,459.86,9382.0
2024-12-27 10:00:00+00:00,459.94,460.64,451.66,454.86,6959.0
2024-12-27 14:00:00+00:00,454.78,454.83,439.39,447.06,14264.0
2024-12-27 18:00:00+00:00,447.08,448.77,440.24,440.24,7335.0
2024-12-29 22:00:00+00:00,439.4,449.64,434.66,446.58,11948.0
2024-12-30 02:00:00+00:00,446.58,447.52,442.63,445.86,7462.0
2024-12-30 06:00:00+00:00,445.85,451.24,445.64,447.87,7814.0
2024-12-30 10:00:00+00:00,447.97,452.8,436.44,436.52,8994.0
2024-12-30 14:00:00+00:00,436.52,446.95,428.24,444.84,23189.0
2024-12-30 18:00:00+00:00,444.82,452.42,438.72,441.08,12004.0
2024-12-30 22:00:00+00:00,441.06,446.05,434.12,437.26,12065.0
2024-12-31 02:00:00+00:00,437.32,440.38,433.14,437.53,10169.0
2024-12-31 06:00:00+00:00,437.64,449.26,433.64,447.6,13577.0
2024-12-31 10:00:00+00:00,447.61,455.08,444.73,452.26,6460.0
2024-12-31 14:00:00+00:00,452.27,454.23,436.09,439.82,12241.0
2024-12-31 18:00:00+00:00,439.79,441.44,434.88,437.5,10276.0
2025-01-01 22:00:00+00:00,447.0,458.17,445.08,454.74,10822.0
2025-01-02 02:00:00+00:00,454.77,461.58,454.1,457.46,8001.0
2025-01-02 06:00:00+00:00,457.49,464.48,455.48,464.42,7241.0
2025-01-02 10:00:00+00:00,464.4,464.7,461.3,461.63,5648.0
2025-01-02 14:00:00+00:00,461.62,466.3,455.92,458.44,10412.0
2025-01-02 18:00:00+00:00,458.5,461.31,456.96,460.18,2434.0
2025-01-02 22:00:00+00:00,460.1,464.04,458.12,461.06,2472.0
2025-01-03 02:00:00+00:00,461.14,464.92,459.48,461.18,2748.0
2025-01-03 06:00:00+00:00,461.18,462.78,455.84,460.36,2477.0
2025-01-03 10:00:00+00:00,460.44,465.98,458.64,464.36,3942.0
2025-01-03 14:00:00+00:00,464.26,477.25,464.26,473.01,7821.0
2025-01-03 18:00:00+00:00,473.07,477.28,472.28,473.94,4715.0
2025-01-05 22:00:00+00:00,471.38,473.39,464.63,471.32,3952.0
2025-01-06 02:00:00+00:00,471.3,477.52,470.98,474.64,6580.0
2025-01-06 06:00:00+00:00,474.66,475.34,469.63,471.2,3066.0
2025-01-06 10:00:00+00:00,471.22,474.2,466.8,472.7,3798.0
2025-01-06 14:00:00+00:00,472.66,486.21,467.2,480.26,14980.0
2025-01-06 18:00:00+00:00,480.32,482.58,477.42,478.03,4549.0
2025-01-06 22:00:00+00:00,477.36,486.5,475.86,482.9,6729.0
2025-01-07 02:00:00+00:00,482.94,484.05,476.14,477.34,5604.0
2025-01-07 06:00:00+00:00,477.44,479.54,472.92,474.48,3673.0
2025-01-07 10:00:00+00:00,474.46,474.62,466.76,469.14,4564.0
2025-01-07 14:00:00+00:00,469.13,470.54,441.28,445.66,19756.0
2025-01-07 18:00:00+00:00,445.66,446.72,437.48,437.62,9939.0
2025-01-07 22:00:00+00:00,436.5,442.09,436.32,439.86,7605.0
2025-01-08 02:00:00+00:00,439.87,441.6,433.17,434.84,13163.0
2025-01-08 06:00:00+00:00,434.86,439.2,426.48,433.94,7761.0
2025-01-08 10:00:00+00:00,434.02,436.88,430.54,434.96,10642.0
2025-01-08 14:00:00+00:00,434.92,441.91,418.2,430.63,23743.0
2025-01-08 18:00:00+00:00,430.58,439.0,428.67,432.3,12536.0
2025-01-08 22:00:00+00:00,432.46,437.63,432.29,435.6,6458.0
2025-01-09 02:00:00+00:00,435.62,436.24,430.16,431.52,9871.0
2025-01-09 06:00:00+00:00,431.56,432.42,421.92,426.8,9807.0
2025-01-09 10:00:00+00:00,426.86,429.49,414.4,414.59,10630.0
2025-01-09 14:00:00+00:00,414.5,432.27,412.95,423.3,18326.0
2025-01-09 18:00:00+00:00,423.33,426.56,411.73,418.91,18656.0
2025-01-09 22:00:00+00:00,419.37,423.86,417.82,422.48,4068.0
2025-01-10 02:00:00+00:00,422.41,431.36,422.4,428.76,4134.0
2025-01-10 06:00:00+00:00,428.79,436.35,428.79,433.48,5793.0
2025-01-10 10:00:00+00:00,433.5,446.56,429.96,435.42,13540.0
2025-01-10 14:00:00+00:00,435.36,449.84,431.68,449.38,18429.0
2025-01-10 18:00:00+00:00,449.34,450.68,446.13,446.84,8795.0
2025-01-12 22:00:00+00:00,450.2,454.22,444.8,446.53,7190.0
2025-01-13 02:00:00+00:00,446.48,447.16,431.99,434.92,7384.0
2025-01-13 06:00:00+00:00,434.96,435.64,419.38,422.38,7825.0
2025-01-13 10:00:00+00:00,422.36,422.36,406.27,412.08,11433.0
2025-01-13 14:00:00+00:00,412.14,420.54,400.38,410.03,18347.0
2025-01-13 18:00:00+00:00,410.0,425.9,405.89,425.56,12583.0
2025-01-13 22:00:00+00:00,426.58,431.02,425.16,428.48,7215.0
2025-01-14 02:00:00+00:00,428.47,434.51,428.2,430.46,3498.0
2025-01-14 06:00:00+00:00,430.5,441.54,429.64,439.92,4511.0
2025-01-14 10:00:00+00:00,440.0,440.4,432.42,436.64,5607.0
2025-01-14 14:00:00+00:00,436.66,439.75,431.43,436.91,6558.0
2025-01-14 18:00:00+00:00,436.94,440.16,434.0,437.45,5049.0
2025-01-14 22:00:00+00:00,437.8,441.41,437.16,439.98,3747.0
2025-01-15 02:00:00+00:00,440.04,442.46,437.76,439.2,4119.0
2025-01-15 06:00:00+00:00,439.23,441.49,432.04,432.38,2946.0
2025-01-15 10:00:00+00:00,432.36,446.22,430.95,445.74,6802.0
2025-01-15 14:00:00+00:00,445.72,449.92,439.81,440.14,8989.0
2025-01-15 18:00:00+00:00,440.2,454.57,440.2,451.1,7495.0
2025-01-15 22:00:00+00:00,450.12,467.59,449.32,461.34,13589.0
2025-01-16 02:00:00+00:00,461.3,464.57,455.34,457.22,5084.0
2025-01-16 06:00:00+00:00,457.22,459.79,450.69,454.86,5834.0
2025-01-16 10:00:00+00:00,454.92,463.62,451.96,457.32,11050.0
2025-01-16 14:00:00+00:00,457.28,471.26,446.19,468.68,18062.0
2025-01-16 18:00:00+00:00,468.79,471.32,462.61,464.11,6939.0
2025-01-16 22:00:00+00:00,462.73,475.34,458.3,474.8,7457.0
2025-01-17 02:00:00+00:00,474.82,483.4,470.52,479.8,7730.0
2025-01-17 06:00:00+00:00,479.86,483.01,476.56,481.75,5563.0
2025-01-17 10:00:00+00:00,481.98,485.09,479.94,482.51,6056.0
2025-01-17 14:00:00+00:00,482.56,490.84,478.65,490.31,17322.0
2025-01-17 18:00:00+00:00,490.32,500.54,490.09,492.84,11708.0
2025-01-19 22:00:00+00:00,492.84,492.84,415.5,422.9,40512.0
2025-01-20 02:00:00+00:00,422.94,436.95,421.72,432.4,16084.0
2025-01-20 06:00:00+00:00,432.44,477.36,431.34,457.6,29757.0
2025-01-20 10:00:00+00:00,457.64,459.45,439.38,450.14,21635.0
2025-01-20 14:00:00+00:00,450.12,451.3,421.2,430.82,34211.0
2025-01-20 18:00:00+00:00,430.86,440.7,429.06,429.06,16873.0
2025-01-20 22:00:00+00:00,425.96,435.98,421.26,425.3,19838.0
2025-01-21 02:00:00+00:00,425.25,429.5,419.32,422.0,19740.0
2025-01-21 06:00:00+00:00,422.1,433.27,420.15,429.98,9963.0
2025-01-21 10:00:00+00:00,430.14,444.22,429.46,439.28,7927.0
2025-01-21 14:00:00+00:00,439.34,449.0,434.8,448.74,9029.0
2025-01-21 18:00:00+00:00,448.74,454.59,447.44,452.46,6225.0
2025-01-21 22:00:00+00:00,451.1,451.9,444.74,448.2,4601.0
2025-01-22 02:00:00+00:00,448.26,450.84,446.32,446.99,3172.0
2025-01-22 06:00:00+00:00,447.0,449.66,442.52,444.15,4227.0
2025-01-22 10:00:00+00:00,444.22,447.17,438.34,439.52,3218.0
2025-01-22 14:00:00+00:00,439.6,444.5,437.03,444.28,6930.0
2025-01-22 18:00:00+00:00,444.34,445.5,436.07,437.76,7449.0
2025-01-22 22:00:00+00:00,436.99,439.64,430.12,430.72,5832.0
2025-01-23 02:00:00+00:00,430.76,434.24,425.88,432.15,5604.0
2025-01-23 06:00:00+00:00,432.07,432.46,426.84,427.78,2727.0
2025-01-23 10:00:00+00:00,427.76,432.38,425.18,431.4,6899.0
2025-01-23 14:00:00+00:00,431.28,447.5,429.52,442.52,11622.0
2025-01-23 18:00:00+00:00,442.54,442.9,427.26,429.88,14319.0
2025-01-23 22:00:00+00:00,430.36,439.04,426.78,427.94,7885.0
2025-01-24 02:00:00+00:00,427.76,440.8,426.29,440.76,10105.0
2025-01-24 06:00:00+00:00,440.9,441.8,434.28,439.37,7558.0
2025-01-24 10:00:00+00:00,439.36,442.99,438.1,439.74,6488.0
2025-01-24 14:00:00+00:00,439.7,442.68,435.96,439.56,10934.0
2025-01-24 18:00:00+00:00,439.54,440.4,430.74,433.67,9613.0
2025-01-26 22:00:00+00:00,432.58,434.84,418.68,419.36,18027.0
2025-01-27 02:00:00+00:00,419.32,421.94,410.88,413.86,12172.0
2025-01-27 06:00:00+00:00,413.94,415.2,396.38,405.18,19871.0
2025-01-27 10:00:00+00:00,405.18,415.96,397.16,410.87,18113.0
2025-01-27 14:00:00+00:00,410.76,421.09,408.24,410.14,21585.0
2025-01-27 18:00:00+00:00,410.1,428.98,407.04,424.08,16172.0
2025-01-27 22:00:00+00:00,424.21,431.09,423.35,424.24,6239.0
2025-01-28 02:00:00+00:00,424.19,430.84,424.11,428.7,4394.0
2025-01-28 06:00:00+00:00,428.76,429.56,425.2,426.8,4120.0
2025-01-28 10:00:00+00:00,426.87,431.05,425.94,428.8,6432.0
2025-01-28 14:00:00+00:00,428.82,431.68,423.9,426.25,13050.0
2025-01-28 18:00:00+00:00,426.24,428.3,407.95,408.48,10505.0
2025-01-28 22:00:00+00:00,406.64,416.66,406.64,414.23,9910.0
2025-01-29 02:00:00+00:00,414.25,417.34,411.4,416.21,5939.0
2025-01-29 06:00:00+00:00,416.24,419.34,411.38,413.71,5413.0
2025-01-29 10:00:00+00:00,413.79,416.12,408.35,409.3,6497.0
2025-01-29 14:00:00+00:00,409.33,412.87,407.26,411.02,8936.0
2025-01-29 18:00:00+00:00,411.08,421.82,404.41,419.24,26360.0
2025-01-29 22:00:00+00:00,419.22,425.76,412.88,424.78,11196.0
2025-01-30 02:00:00+00:00,424.84,432.04,422.6,429.6,7355.0
2025-01-30 06:00:00+00:00,429.58,431.55,427.04,430.18,5975.0
2025-01-30 10:00:00+00:00,430.22,433.32,427.32,432.1,7175.0
2025-01-30 14:00:00+00:00,432.08,439.2,430.32,438.22,14179.0
2025-01-30 18:00:00+00:00,438.24,438.8,434.1,434.88,9202.0
2025-01-30 22:00:00+00:00,434.41,437.2,432.89,434.16,6897.0
2025-01-31 02:00:00+00:00,434.18,434.3,427.79,429.92,7520.0
2025-01-31 06:00:00+00:00,429.88,433.36,428.4,430.95,7959.0
2025-01-31 10:00:00+00:00,430.93,438.06,429.18,434.66,6831.0
2025-01-31 14:00:00+00:00,434.6,444.58,433.84,435.63,13770.0
2025-01-31 18:00:00+00:00,435.66,435.8,419.18,424.76,18772.0
2025-02-02 22:00:00+00:00,424.76,424.76,287.16,305.08,42605.0
2025-02-03 02:00:00+00:00,305.18,313.11,270.23,308.55,35255.0
2025-02-03 06:00:00+00:00,308.53,321.6,305.37,314.46,24734.0
2025-02-03 10:00:00+00:00,314.5,328.59,314.46,316.43,30689.0
2025-02-03 14:00:00+00:00,316.46,338.78,307.64,335.79,56991.0
2025-02-03 18:00:00+00:00,335.82,350.72,333.46,350.65,32493.0
2025-02-03 22:00:00+00:00,350.52,356.82,349.93,352.57,29051.0
2025-02-04 02:00:00+00:00,352.62,353.54,325.3,326.66,34227.0
2025-02-04 06:00:00+00:00,326.71,333.32,323.5,327.11,31675.0
2025-02-04 10:00:00+00:00,327.06,338.96,326.84,335.0,28978.0
2025-02-04 14:00:00+00:00,335.04,341.01,330.37,336.02,42539.0
2025-02-04 18:00:00+00:00,336.02,346.22,321.79,322.31,45369.0
2025-02-04 22:00:00+00:00,322.34,334.98,322.34,330.17,30210.0
2025-02-05 02:00:00+00:00,330.16,336.48,328.78,336.14,21000.0
2025-02-05 06:00:00+00:00,336.13,336.16,327.95,329.93,18554.0
2025-02-05 10:00:00+00:00,329.92,338.62,329.62,336.78,19456.0
2025-02-05 14:00:00+00:00,336.76,338.34,324.66,326.12,34517.0
2025-02-05 18:00:00+00:00,326.15,331.98,323.39,328.47,24656.0
2025-02-05 22:00:00+00:00,327.25,330.46,324.08,327.62,12646.0
2025-02-06 02:00:00+00:00,327.62,332.6,326.97,331.91,8780.0
2025-02-06 06:00:00+00:00,331.88,335.44,330.04,333.06,6310.0
2025-02-06 10:00:00+00:00,333.07,333.24,325.7,329.57,10989.0
2025-02-06 14:00:00+00:00,329.6,330.25,314.18,318.6,25165.0
2025-02-06 18:00:00+00:00,318.62,321.86,314.54,318.62,13741.0
2025-02-06 22:00:00+00:00,317.82,324.37,313.93,322.56,9282.0
2025-02-07 02:00:00+00:00,322.54,324.15,320.06,322.32,7715.0
2025-02-07 06:00:00+00:00,322.34,326.84,315.98,326.66,10101.0
2025-02-07 10:00:00+00:00,326.64,331.55,324.34,331.12,11422.0
2025-02-07 14:00:00+00:00,331.13,335.6,322.61,324.66,23360.0
2025-02-07 18:00:00+00:00,324.66,329.15,312.78,313.38,11307.0
2025-02-09 22:00:00+00:00,313.78,330.21,312.92,318.61,7016.0
2025-02-10 02:00:00+00:00,318.62,329.96,315.43,327.71,8046.0
2025-02-10 06:00:00+00:00,327.74,334.68,326.14,332.5,5834.0
2025-02-10 10:00:00+00:00,332.56,334.44,329.06,333.34,3673.0
2025-02-10 14:00:00+00:00,333.38,334.06,328.4,331.0,4726.0
2025-02-10 18:00:00+00:00,330.96,332.54,327.88,328.36,2010.0
2025-02-10 22:00:00+00:00,327.87,334.59,327.56,333.59,3055.0
2025-02-11 02:00:00+00:00,333.54,342.08,331.15,341.54,3938.0
2025-02-11 06:00:00+00:00,341.45,344.62,338.31,338.82,2398.0
2025-02-11 10:00:00+00:00,338.78,341.72,333.68,334.7,4647.0
2025-02-11 14:00:00+00:00,334.68,340.04,331.18,332.03,5777.0
2025-02-11 18:00:00+00:00,331.97,334.94,325.64,333.02,5231.0
2025-02-11 22:00:00+00:00,333.4,336.15,329.2,334.01,3442.0
2025-02-12 02:00:00+00:00,333.91,334.05,326.72,330.3,4746.0
2025-02-12 06:00:00+00:00,330.36,333.42,327.76,330.64,2912.0
2025-02-12 10:00:00+00:00,330.6,336.12,322.08,326.78,7905.0
2025-02-12 14:00:00+00:00,326.74,337.84,321.38,337.32,11443.0
2025-02-12 18:00:00+00:00,337.36,341.5,334.29,339.96,4350.0
2025-02-12 22:00:00+00:00,340.14,346.76,340.14,344.8,5359.0
2025-02-13 02:00:00+00:00,344.73,344.84,337.16,338.36,3182.0
2025-02-13 06:00:00+00:00,338.34,338.86,331.28,334.14,4119.0
2025-02-13 10:00:00+00:00,334.1,334.86,330.31,332.08,6707.0
2025-02-13 14:00:00+00:00,331.98,334.31,327.62,330.46,15665.0
2025-02-13 18:00:00+00:00,330.48,337.92,328.48,336.82,5731.0
2025-02-13 22:00:00+00:00,336.4,338.3,334.44,337.12,3887.0
2025-02-14 02:00:00+00:00,337.08,340.3,336.48,337.32,3043.0
2025-02-14 06:00:00+00:00,337.37,343.37,336.68,343.34,6281.0
2025-02-14 10:00:00+00:00,343.35,345.14,340.84,343.72,5234.0
2025-02-14 14:00:00+00:00,343.8,349.5,340.92,348.43,7193.0
2025-02-14 18:00:00+00:00,348.42,351.04,340.2,343.56,5371.0
2025-02-16 22:00:00+00:00,328.67,330.7,326.05,330.36,6702.0
2025-02-17 02:00:00+00:00,330.35,331.12,322.7,326.98,9153.0
2025-02-17 06:00:00+00:00,327.01,330.48,324.61,328.95,7717.0
2025-02-17 10:00:00+00:00,328.96,333.38,327.74,332.92,7887.0
2025-02-17 14:00:00+00:00,332.99,337.12,319.18,320.64,15772.0
2025-02-17 18:00:00+00:00,320.6,327.09,317.42,327.05,11872.0
2025-02-17 22:00:00+00:00,326.14,328.9,321.72,324.84,6012.0
2025-02-18 02:00:00+00:00,324.86,325.4,318.52,319.08,7048.0
2025-02-18 06:00:00+00:00,319.12,319.19,312.24,318.54,16925.0
2025-02-18 10:00:00+00:00,318.53,320.51,316.32,318.79,7834.0
2025-02-18 14:00:00+00:00,318.81,320.8,308.2,311.5,19549.0
2025-02-18 18:00:00+00:00,311.51,316.72,310.5,314.73,8375.0
2025-02-18 22:00:00+00:00,314.7,317.42,313.17,314.67,3506.0
2025-02-19 02:00:00+00:00,314.71,316.6,311.96,314.58,3298.0
2025-02-19 06:00:00+00:00,314.6,321.22,314.44,320.42,3548.0
2025-02-19 10:00:00+00:00,320.48,324.6,320.48,323.68,4288.0
2025-02-19 14:00:00+00:00,323.74,324.49,318.7,322.36,7367.0
2025-02-19 18:00:00+00:00,322.28,322.9,319.16,320.18,3599.0
2025-02-19 22:00:00+00:00,320.38,325.8,319.82,323.3,2791.0
2025-02-20 02:00:00+00:00,323.34,327.51,323.1,324.12,2526.0
2025-02-20 06:00:00+00:00,324.07,324.4,321.68,322.18,1779.0
2025-02-20 10:00:00+00:00,322.23,323.68,321.54,322.98,5592.0
2025-02-20 14:00:00+00:00,323.01,325.84,320.41,324.06,10792.0
2025-02-20 18:00:00+00:00,324.04,326.62,323.54,323.9,7554.0
2025-02-20 22:00:00+00:00,324.34,330.03,324.34,325.64,5854.0
2025-02-21 02:00:00+00:00,325.63,327.12,324.68,326.49,5229.0
2025-02-21 06:00:00+00:00,326.54,334.16,326.54,331.22,5052.0
2025-02-21 10:00:00+00:00,331.24,333.64,328.28,332.82,4586.0
2025-02-21 14:00:00+00:00,332.8,332.97,319.41,320.14,15222.0
2025-02-21 18:00:00+00:00,320.12,320.45,309.94,312.59,11319.0
2025-02-23 22:00:00+00:00,324.98,330.42,323.4,324.32,2977.0
2025-02-24 02:00:00+00:00,324.22,324.88,315.27,319.26,5337.0
2025-02-24 06:00:00+00:00,319.26,319.76,312.95,314.98,6181.0
2025-02-24 10:00:00+00:00,314.98,315.42,310.44,313.72,6592.0
2025-02-24 14:00:00+00:00,313.73,314.77,303.01,310.28,13438.0
2025-02-24 18:00:00+00:00,310.28,311.54,302.06,303.68,6965.0
2025-02-24 22:00:00+00:00,296.08,300.45,285.98,292.16,14259.0
2025-02-25 02:00:00+00:00,292.1,296.94,288.3,294.32,13805.0
2025-02-25 06:00:00+00:00,294.34,295.02,275.44,280.68,14816.0
2025-02-25 10:00:00+00:00,280.6,288.73,275.96,284.06,11468.0
2025-02-25 14:00:00+00:00,284.02,287.19,276.82,284.95,15623.0
2025-02-25 18:00:00+00:00,284.97,294.78,283.1,293.68,10074.0
2025-02-25 22:00:00+00:00,295.0,296.06,289.18,292.44,6722.0
2025-02-26 02:00:00+00:00,292.38,298.12,291.5,294.6,5457.0
2025-02-26 06:00:00+00:00,294.68,298.38,292.71,297.17,2589.0
2025-02-26 10:00:00+00:00,297.16,297.44,290.91,291.84,3129.0
2025-02-26 14:00:00+00:00,291.9,298.62,287.9,290.98,11503.0
2025-02-26 18:00:00+00:00,291.02,299.9,284.14,297.71,23194.0
2025-02-26 22:00:00+00:00,300.5,301.06,290.85,294.08,13472.0
2025-02-27 02:00:00+00:00,294.04,297.76,293.2,297.37,8621.0
2025-02-27 06:00:00+00:00,297.32,301.78,297.04,299.4,5540.0
2025-02-27 10:00:00+00:00,299.4,303.26,299.24,301.36,7707.0
2025-02-27 14:00:00+00:00,301.4,303.21,295.09,298.54,11156.0
2025-02-27 18:00:00+00:00,298.6,299.98,289.7,295.18,10913.0
2025-02-27 22:00:00+00:00,294.36,297.53,285.02,286.14,10242.0
2025-02-28 02:00:00+00:00,286.1,289.72,271.0,274.08,19290.0
2025-02-28 06:00:00+00:00,274.13,285.91,269.58,283.9,12892.0
2025-02-28 10:00:00+00:00,283.86,291.34,279.06,289.48,8543.0
2025-02-28 14:00:00+00:00,289.42,313.52,289.34,310.19,12812.0
2025-02-28 18:00:00+00:00,310.17,319.97,308.79,317.18,7930.0
2025-03-02 22:00:00+00:00,331.64,336.06,328.78,328.84,10045.0
2025-03-03 02:00:00+00:00,328.9,329.18,324.77,327.06,5143.0
2025-03-03 06:00:00+00:00,327.1,327.24,311.16,318.33,9000.0
2025-03-03 10:00:00+00:00,318.28,356.64,316.45,355.72,10679.0
2025-03-03 14:00:00+00:00,355.53,355.62,330.78,342.1,37234.0
2025-03-03 18:00:00+00:00,342.04,344.38,317.66,318.08,45256.0
2025-03-03 22:00:00+00:00,321.62,329.8,306.42,307.86,29046.0
2025-03-04 02:00:00+00:00,307.93,311.37,300.52,310.5,22400.0
2025-03-04 06:00:00+00:00,310.56,314.12,304.67,308.48,15484.0
2025-03-04 10:00:00+00:00,308.5,308.66,295.4,296.96,14579.0
2025-03-04 14:00:00+00:00,296.9,319.21,291.04,310.19,27826.0
2025-03-04 18:00:00+00:00,310.17,319.74,308.97,318.26,13320.0
2025-03-04 22:00:00+00:00,318.26,342.58,317.85,335.96,15788.0
2025-03-05 02:00:00+00:00,335.98,355.36,331.53,343.0,25220.0
2025-03-05 06:00:00+00:00,343.02,381.6,339.67,371.72,28135.0
2025-03-05 10:00:00+00:00,371.79,387.5,371.16,379.96,36539.0
2025-03-05 14:00:00+00:00,379.94,395.62,374.24,391.31,47867.0
2025-03-05 18:00:00+00:00,391.24,396.2,386.1,392.71,26143.0
2025-03-05 22:00:00+00:00,392.33,404.15,384.38,394.48,23800.0
2025-03-06 02:00:00+00:00,394.44,419.63,392.24,406.78,24537.0
2025-03-06 06:00:00+00:00,406.76,407.34,391.1,394.38,22269.0
2025-03-06 10:00:00+00:00,394.52,402.54,389.38,390.31,19973.0
2025-03-06 14:00:00+00:00,390.26,396.5,383.97,387.7,29443.0
2025-03-06 18:00:00+00:00,387.68,398.7,386.34,397.42,13621.0
2025-03-06 22:00:00+00:00,400.4,409.45,383.02,405.62,28219.0
2025-03-07 02:00:00+00:00,405.58,410.03,387.72,397.38,29967.0
2025-03-07 06:00:00+00:00,397.39,408.72,394.82,399.52,21908.0
2025-03-07 10:00:00+00:00,399.52,404.34,391.28,392.16,18801.0
2025-03-07 14:00:00+00:00,392.15,398.74,383.26,390.4,30995.0
2025-03-07 18:00:00+00:00,390.41,400.45,387.29,389.02,27110.0
2025-03-09 21:00:00+00:00,389.02,389.02,353.2,366.66,14918.0
2025-03-10 01:00:00+00:00,366.62,372.02,357.7,360.99,17957.0
2025-03-10 05:00:00+00:00,360.94,362.34,350.85,356.04,12008.0
2025-03-10 09:00:00+00:00,356.0,370.8,355.78,369.38,24747.0
2025-03-10 13:00:00+00:00,369.3,370.04,347.42,349.1,34181.0
2025-03-10 17:00:00+00:00,349.13,350.86,336.15,341.14,34249.0
2025-03-10 21:00:00+00:00,339.73,342.82,316.14,322.8,26703.0
2025-03-11 01:00:00+00:00,322.76,337.62,317.48,331.63,26579.0
2025-03-11 05:00:00+00:00,331.58,342.6,331.1,340.71,16244.0
2025-03-11 09:00:00+00:00,340.66,343.02,332.27,333.44,15154.0
2025-03-11 13:00:00+00:00,333.44,342.22,325.54,338.86,32970.0
2025-03-11 17:00:00+00:00,338.88,350.29,333.02,344.61,19057.0
2025-03-11 21:00:00+00:00,345.1,345.67,335.32,336.76,13221.0
2025-03-12 01:00:00+00:00,336.81,345.73,330.4,332.37,16585.0
2025-03-12 05:00:00+00:00,332.34,339.39,331.88,337.58,15550.0
2025-03-12 09:00:00+00:00,337.61,343.6,331.54,343.6,17029.0
2025-03-12 13:00:00+00:00,344.14,354.78,332.94,353.62,29668.0
2025-03-12 17:00:00+00:00,353.6,358.4,350.82,356.5,15264.0
2025-03-12 21:00:00+00:00,356.42,360.68,350.44,353.98,8600.0
2025-03-13 01:00:00+00:00,354.0,355.72,341.52,341.82,8852.0
2025-03-13 05:00:00+00:00,341.81,342.61,331.44,333.32,6943.0
2025-03-13 09:00:00+00:00,333.38,338.22,332.24,333.08,9052.0
2025-03-13 13:00:00+00:00,333.14,335.46,328.56,329.32,12259.0
2025-03-13 17:00:00+00:00,329.28,329.82,324.8,326.41,6240.0
2025-03-13 21:00:00+00:00,325.58,331.06,323.98,329.85,5798.0
2025-03-14 01:00:00+00:00,329.88,330.2,326.24,326.72,5786.0
2025-03-14 05:00:00+00:00,326.72,331.0,325.76,329.8,7122.0
2025-03-14 09:00:00+00:00,329.84,335.34,328.75,329.89,6005.0
2025-03-14 13:00:00+00:00,330.02,335.08,326.96,330.9,13564.0
2025-03-14 17:00:00+00:00,330.88,331.6,325.62,326.46,4930.0
2025-03-16 21:00:00+00:00,335.84,338.12,332.41,337.68,6166.0
2025-03-17 01:00:00+00:00,337.69,340.08,335.6,337.5,6721.0
2025-03-17 05:00:00+00:00,337.46,337.46,330.95,334.96,3795.0
2025-03-17 09:00:00+00:00,334.94,340.08,333.89,336.41,4731.0
2025-03-17 13:00:00+00:00,336.34,342.23,334.82,336.96,5684.0
2025-03-17 17:00:00+00:00,336.94,342.35,335.88,337.49,3873.0
2025-03-17 21:00:00+00:00,338.11,339.22,334.58,335.02,2310.0
2025-03-18 01:00:00+00:00,335.06,335.6,332.16,332.78,3871.0
2025-03-18 05:00:00+00:00,332.82,339.36,329.34,339.25,4384.0
2025-03-18 09:00:00+00:00,339.2,343.6,336.58,336.92,6368.0
2025-03-18 13:00:00+00:00,336.96,337.36,330.21,331.96,7237.0
2025-03-18 17:00:00+00:00,331.9,335.44,330.2,335.14,4164.0
2025-03-18 21:00:00+00:00,334.46,337.12,332.53,335.58,3911.0
2025-03-19 01:00:00+00:00,335.53,336.62,332.34,333.28,4602.0
2025-03-19 05:00:00+00:00,333.22,337.76,332.42,335.75,3127.0
2025-03-19 09:00:00+00:00,335.76,341.3,332.52,338.73,6899.0
2025-03-19 13:00:00+00:00,338.68,344.1,336.42,340.0,10292.0
2025-03-19 17:00:00+00:00,340.06,343.44,335.68,342.24,9442.0
2025-03-19 21:00:00+00:00,342.94,347.44,342.94,344.33,6279.0
2025-03-20 01:00:00+00:00,344.34,350.07,343.32,347.49,4462.0
2025-03-20 05:00:00+00:00,347.55,347.67,342.38,347.02,2228.0
2025-03-20 09:00:00+00:00,347.08,348.04,340.54,344.95,4543.0
2025-03-20 13:00:00+00:00,345.0,345.02,330.02,330.45,8182.0
2025-03-20 17:00:00+00:00,330.4,335.64,330.32,335.55,2925.0
2025-03-20 21:00:00+00:00,335.45,336.2,332.46,332.84,2817.0
2025-03-21 01:00:00+00:00,332.78,334.24,330.48,333.63,2389.0
2025-03-21 05:00:00+00:00,333.62,334.03,331.14,332.68,3961.0
2025-03-21 09:00:00+00:00,332.7,335.62,331.75,332.18,3697.0
2025-03-21 13:00:00+00:00,332.2,332.7,326.56,330.69,10785.0
2025-03-21 17:00:00+00:00,330.67,330.67,326.9,327.96,4415.0
2025-03-23 21:00:00+00:00,322.74,328.22,322.45,325.54,2998.0
2025-03-24 01:00:00+00:00,325.54,332.46,321.51,327.53,5363.0
2025-03-24 05:00:00+00:00,327.59,331.84,326.83,331.48,3129.0
2025-03-24 09:00:00+00:00,331.5,331.77,328.76,330.06,2618.0
2025-03-24 13:00:00+00:00,330.08,334.56,327.04,334.12,6341.0
2025-03-24 17:00:00+00:00,334.16,336.81,332.32,334.16,3686.0
2025-03-24 21:00:00+00:00,334.04,335.23,330.33,333.75,2799.0
2025-03-25 01:00:00+00:00,333.73,333.74,326.45,327.78,5652.0
2025-03-25 05:00:00+00:00,327.74,329.48,327.54,329.02,2171.0
2025-03-25 09:00:00+00:00,329.06,330.82,326.54,328.7,3103.0
2025-03-25 13:00:00+00:00,328.66,339.74,328.26,335.88,5712.0
2025-03-25 17:00:00+00:00,335.92,338.94,330.9,335.2,3920.0
2025-03-25 21:00:00+00:00,336.24,338.1,332.78,337.58,2757.0
2025-03-26 01:00:00+00:00,337.64,341.99,329.95,331.24,10880.0
2025-03-26 05:00:00+00:00,331.22,339.45,330.96,337.94,1674.0
2025-03-26 09:00:00+00:00,337.98,339.6,336.25,336.99,1580.0
2025-03-26 13:00:00+00:00,336.94,337.74,328.5,335.33,6458.0
2025-03-26 17:00:00+00:00,335.26,337.89,330.2,337.36,7999.0
2025-03-26 21:00:00+00:00,337.92,338.62,331.65,337.3,8878.0
2025-03-27 01:00:00+00:00,337.35,339.91,334.9,339.1,7837.0
2025-03-27 05:00:00+00:00,339.09,339.52,334.94,335.5,2328.0
2025-03-27 09:00:00+00:00,335.44,335.86,329.52,330.0,2803.0
2025-03-27 13:00:00+00:00,329.96,330.68,323.07,323.17,7219.0
2025-03-27 17:00:00+00:00,323.14,325.26,321.2,322.83,3975.0
2025-03-27 21:00:00+00:00,322.46,326.91,321.62,324.87,3354.0
2025-03-28 01:00:00+00:00,324.93,328.18,315.12,317.48,7848.0
2025-03-28 05:00:00+00:00,317.44,317.44,312.18,313.18,13948.0
2025-03-28 09:00:00+00:00,313.14,314.1,309.1,310.32,5896.0
2025-03-28 13:00:00+00:00,310.34,312.0,304.98,305.26,5010.0
2025-03-28 17:00:00+00:00,305.22,307.98,304.88,305.66,3532.0
2025-03-30 21:00:00+00:00,300.78,303.16,293.7,296.04,7830.0
2025-03-31 01:00:00+00:00,296.08,303.0,295.48,298.05,7776.0
2025-03-31 05:00:00+00:00,298.04,300.81,294.04,295.24,5388.0
2025-03-31 09:00:00+00:00,295.28,303.51,289.92,301.4,7069.0
2025-03-31 13:00:00+00:00,301.44,305.99,296.56,303.37,6490.0
2025-03-31 17:00:00+00:00,303.33,305.66,300.94,303.54,3111.0
2025-03-31 21:00:00+00:00,304.26,305.02,301.64,304.14,3085.0
2025-04-01 01:00:00+00:00,304.11,307.49,302.26,307.49,2719.0
2025-04-01 05:00:00+00:00,307.48,313.82,306.76,313.78,3121.0
2025-04-01 09:00:00+00:00,313.82,314.92,310.94,310.99,2545.0
2025-04-01 13:00:00+00:00,310.95,318.32,306.34,312.44,6943.0
2025-04-01 17:00:00+00:00,312.4,313.24,307.54,309.85,3970.0
2025-04-01 21:00:00+00:00,309.26,312.76,305.77,306.28,6996.0
2025-04-02 01:00:00+00:00,306.28,307.03,303.88,305.18,6235.0
2025-04-02 05:00:00+00:00,305.2,314.42,302.36,304.56,8704.0
2025-04-02 09:00:00+00:00,304.54,307.9,303.96,306.4,7711.0
2025-04-02 13:00:00+00:00,306.41,314.38,303.22,311.92,14479.0
2025-04-02 17:00:00+00:00,311.91,317.1,303.14,305.44,12093.0
2025-04-02 21:00:00+00:00,304.86,304.94,290.13,298.37,8962.0
2025-04-03 01:00:00+00:00,298.45,305.86,297.97,305.61,5444.0
2025-04-03 05:00:00+00:00,305.66,307.8,302.59,306.82,4763.0
2025-04-03 09:00:00+00:00,306.84,307.26,296.12,297.36,5060.0
2025-04-03 13:00:00+00:00,297.28,302.15,292.68,295.18,7428.0
2025-04-03 17:00:00+00:00,295.2,296.82,292.86,296.31,5248.0
2025-04-03 21:00:00+00:00,297.16,302.16,297.07,300.63,4144.0
2025-04-04 01:00:00+00:00,300.67,304.28,298.74,303.85,3870.0
2025-04-04 05:00:00+00:00,303.83,310.07,303.22,309.12,3240.0
2025-04-04 09:00:00+00:00,309.18,309.44,294.36,300.74,8696.0
2025-04-04 13:00:00+00:00,300.79,303.35,295.92,297.42,11598.0
2025-04-04 17:00:00+00:00,297.56,304.43,296.3,300.14,5840.0
2025-04-06 21:00:00+00:00,272.32,275.21,264.99,269.95,10299.0
2025-04-07 01:00:00+00:00,270.0,276.74,262.1,267.92,9120.0
2025-04-07 05:00:00+00:00,268.0,269.06,249.26,259.33,15420.0
2025-04-07 09:00:00+00:00,259.29,266.16,256.1,265.38,7487.0
2025-04-07 13:00:00+00:00,265.34,281.99,260.48,267.64,18428.0
2025-04-07 17:00:00+00:00,267.63,280.14,267.63,277.66,7462.0
2025-04-07 21:00:00+00:00,277.92,278.3,274.6,274.9,3662.0
2025-04-08 01:00:00+00:00,274.84,282.96,274.14,281.05,4788.0
2025-04-08 05:00:00+00:00,281.04,281.2,275.48,278.58,4191.0
2025-04-08 09:00:00+00:00,278.53,283.25,277.94,282.7,3387.0
2025-04-08 13:00:00+00:00,282.66,284.86,273.34,274.12,10923.0
2025-04-08 17:00:00+00:00,274.06,276.01,267.82,271.6,13610.0
2025-04-08 21:00:00+00:00,271.77,271.84,266.26,266.76,11193.0
2025-04-09 01:00:00+00:00,266.78,272.36,258.86,270.52,14179.0
2025-04-09 05:00:00+00:00,270.54,276.79,270.44,273.02,6576.0
2025-04-09 09:00:00+00:00,273.08,274.36,267.21,270.2,7652.0
2025-04-09 13:00:00+00:00,270.16,276.6,270.04,276.3,10909.0
2025-04-09 17:00:00+00:00,276.32,311.38,274.96,307.26,17864.0
2025-04-09 21:00:00+00:00,307.36,309.06,300.4,303.7,4598.0
2025-04-10 01:00:00+00:00,303.58,303.62,294.4,296.0,2277.0
2025-04-10 05:00:00+00:00,295.96,300.98,295.52,296.88,2491.0
2025-04-10 09:00:00+00:00,296.93,298.54,292.5,294.82,3360.0
2025-04-10 13:00:00+00:00,294.89,295.92,282.28,286.38,7619.0
2025-04-10 17:00:00+00:00,286.19,294.4,283.87,292.4,4996.0
2025-04-10 21:00:00+00:00,291.9,293.74,289.52,290.84,3641.0
2025-04-11 01:00:00+00:00,290.9,297.91,290.72,296.32,4459.0
2025-04-11 05:00:00+00:00,296.35,300.76,295.91,300.32,3266.0
2025-04-11 09:00:00+00:00,300.3,304.92,299.9,301.89,3783.0
2025-04-11 13:00:00+00:00,301.94,312.16,300.52,311.45,5434.0
2025-04-11 17:00:00+00:00,311.56,315.87,310.74,311.82,3004.0
2025-04-13 21:00:00+00:00,340.22,351.68,339.87,350.72,6445.0
2025-04-14 01:00:00+00:00,350.72,373.87,347.0,350.08,9847.0
2025-04-14 05:00:00+00:00,349.86,349.86,337.3,340.5,6679.0
2025-04-14 09:00:00+00:00,340.44,342.17,335.02,338.33,7337.0
2025-04-14 13:00:00+00:00,338.34,340.9,323.57,326.58,7858.0
2025-04-14 17:00:00+00:00,326.46,328.66,323.8,324.6,4389.0
2025-04-14 21:00:00+00:00,324.15,327.3,323.04,323.96,4213.0
2025-04-15 01:00:00+00:00,323.93,334.98,321.25,331.25,4283.0
2025-04-15 05:00:00+00:00,331.22,337.46,329.51,333.7,3888.0
2025-04-15 09:00:00+00:00,333.68,335.97,328.26,330.12,3372.0
2025-04-15 13:00:00+00:00,330.13,332.35,321.82,323.12,5018.0
2025-04-15 17:00:00+00:00,323.12,327.33,321.5,323.73,3721.0
2025-04-15 21:00:00+00:00,323.56,325.94,317.0,319.4,5067.0
2025-04-16 01:00:00+00:00,319.32,321.16,318.34,319.88,3880.0
2025-04-16 05:00:00+00:00,319.86,323.39,318.14,320.6,3993.0
2025-04-16 09:00:00+00:00,320.6,321.66,316.16,317.28,2769.0
2025-04-16 13:00:00+00:00,317.24,323.8,316.4,323.53,6142.0
2025-04-16 17:00:00+00:00,323.5,324.68,314.2,320.0,7549.0
2025-04-16 21:00:00+00:00,321.5,325.83,318.84,322.5,4877.0
2025-04-17 01:00:00+00:00,322.46,332.79,321.6,327.1,5933.0
2025-04-17 05:00:00+00:00,327.14,338.96,327.14,330.38,3447.0
2025-04-17 09:00:00+00:00,330.36,334.84,329.3,332.53,2562.0
2025-04-17 13:00:00+00:00,332.53,337.28,326.59,335.64,4005.0
2025-04-17 17:00:00+00:00,335.56,340.34,331.6,337.78,3973.0
2025-04-17 21:00:00+00:00,339.02,339.08,330.72,331.05,2614.0
2025-04-18 01:00:00+00:00,331.04,333.54,327.24,329.68,2613.0
2025-04-18 05:00:00+00:00,329.68,331.36,327.32,329.84,2821.0
2025-04-18 09:00:00+00:00,329.86,340.9,329.26,339.74,3080.0
2025-04-18 13:00:00+00:00,339.74,343.88,337.48,340.96,6496.0
2025-04-18 17:00:00+00:00,340.96,343.21,340.18,342.61,3483.0
2025-04-20 21:00:00+00:00,335.65,341.22,335.04,340.04,2762.0
2025-04-21 01:00:00+00:00,340.06,341.46,335.84,339.4,3639.0
2025-04-21 05:00:00+00:00,339.4,343.48,337.88,342.47,4876.0
2025-04-21 09:00:00+00:00,342.48,343.29,338.47,338.5,2154.0
2025-04-21 13:00:00+00:00,338.49,346.23,335.73,343.02,4475.0
2025-04-21 17:00:00+00:00,343.12,348.0,341.18,343.9,5599.0
2025-04-21 21:00:00+00:00,343.83,345.38,337.32,340.7,5841.0
2025-04-22 01:00:00+00:00,340.69,346.56,340.18,343.46,4792.0
2025-04-22 05:00:00+00:00,343.47,350.28,336.9,348.28,5475.0
2025-04-22 09:00:00+00:00,348.34,348.97,344.88,347.54,3175.0
2025-04-22 13:00:00+00:00,347.59,362.63,346.73,357.82,7561.0
2025-04-22 17:00:00+00:00,357.88,358.62,354.4,355.0,2573.0
2025-04-22 21:00:00+00:00,355.22,364.68,352.88,359.78,5713.0
2025-04-23 01:00:00+00:00,359.82,363.36,354.22,362.59,5273.0
2025-04-23 05:00:00+00:00,362.55,362.84,358.8,360.94,4194.0
2025-04-23 09:00:00+00:00,360.98,362.2,356.61,359.86,4060.0
2025-04-23 13:00:00+00:00,359.82,361.97,353.61,361.11,8626.0
2025-04-23 17:00:00+00:00,361.08,363.92,356.18,359.21,3288.0
2025-04-23 21:00:00+00:00,360.0,360.92,356.83,359.94,3887.0
2025-04-24 01:00:00+00:00,359.88,367.12,357.2,363.96,8060.0
2025-04-24 05:00:00+00:00,364.05,366.12,353.9,356.65,5040.0
2025-04-24 09:00:00+00:00,356.71,360.55,343.56,348.24,5489.0
2025-04-24 13:00:00+00:00,348.24,356.04,345.9,352.81,7421.0
2025-04-24 17:00:00+00:00,352.76,354.4,348.32,350.33,5648.0
2025-04-24 21:00:00+00:00,350.28,359.2,348.33,355.31,4004.0
2025-04-25 01:00:00+00:00,355.38,361.62,348.16,360.62,6524.0
2025-04-25 05:00:00+00:00,360.56,366.08,357.84,365.64,4748.0
2025-04-25 09:00:00+00:00,365.62,384.66,362.52,371.16,8358.0
2025-04-25 13:00:00+00:00,371.21,380.33,365.84,378.8,10437.0
2025-04-25 17:00:00+00:00,378.76,380.34,373.68,377.98,5327.0
2025-04-27 21:00:00+00:00,347.24,351.22,342.96,344.76,2632.0
2025-04-28 01:00:00+00:00,344.66,351.57,341.57,351.54,3146.0
2025-04-28 05:00:00+00:00,351.52,356.52,350.94,352.09,4341.0
2025-04-28 09:00:00+00:00,352.12,355.94,349.84,352.44,5317.0
2025-04-28 13:00:00+00:00,352.42,352.97,344.68,346.34,4496.0
2025-04-28 17:00:00+00:00,346.36,352.12,346.06,351.76,1920.0
2025-04-28 21:00:00+00:00,351.4,376.4,350.92,372.82,4149.0
2025-04-29 01:00:00+00:00,372.9,377.59,364.26,369.2,5657.0
2025-04-29 05:00:00+00:00,369.19,375.79,367.1,374.24,3493.0
2025-04-29 09:00:00+00:00,374.24,375.06,370.43,371.58,3453.0
2025-04-29 13:00:00+00:00,371.5,377.26,368.65,374.35,5370.0
2025-04-29 17:00:00+00:00,374.3,375.72,368.24,368.49,4409.0
2025-04-29 21:00:00+00:00,368.95,369.05,361.72,362.38,6355.0
2025-04-30 01:00:00+00:00,362.35,369.2,359.36,367.46,4559.0
2025-04-30 05:00:00+00:00,367.56,368.57,362.23,366.16,2891.0
2025-04-30 09:00:00+00:00,366.11,369.61,363.4,364.4,2643.0
2025-04-30 13:00:00+00:00,364.34,365.18,355.09,364.07,6683.0
2025-04-30 17:00:00+00:00,364.08,367.79,362.26,365.94,5928.0
2025-04-30 21:00:00+00:00,365.74,370.1,363.88,369.38,3799.0
2025-05-01 01:00:00+00:00,369.5,371.32,367.07,367.98,2930.0
2025-05-01 05:00:00+00:00,368.0,369.3,363.92,365.94,3353.0
2025-05-01 09:00:00+00:00,365.92,374.39,365.24,371.78,3724.0
2025-05-01 13:00:00+00:00,371.76,373.51,365.1,365.72,4229.0
2025-05-01 17:00:00+00:00,365.62,367.11,361.15,362.66,2439.0
2025-05-01 21:00:00+00:00,363.1,364.13,359.19,362.2,3408.0
2025-05-02 01:00:00+00:00,362.2,370.8,359.95,367.76,4489.0
2025-05-02 05:00:00+00:00,367.66,374.78,367.38,370.54,5325.0
2025-05-02 09:00:00+00:00,370.36,371.62,368.2,370.57,3849.0
2025-05-02 13:00:00+00:00,370.57,386.13,369.63,381.74,5886.0
2025-05-02 17:00:00+00:00,381.74,382.28,376.76,379.04,3415.0
2025-05-04 21:00:00+00:00,357.8,359.47,355.11,358.14,2913.0
2025-05-05 01:00:00+00:00,358.06,358.86,350.54,358.4,3274.0
2025-05-05 05:00:00+00:00,358.44,361.28,358.15,359.05,2186.0
2025-05-05 09:00:00+00:00,359.08,359.39,352.42,353.52,2288.0
2025-05-05 13:00:00+00:00,353.44,354.94,349.48,352.84,4720.0
2025-05-05 17:00:00+00:00,352.8,356.94,349.28,351.41,3153.0
2025-05-05 21:00:00+00:00,352.19,354.85,351.72,352.29,2593.0
2025-05-06 01:00:00+00:00,352.28,359.6,350.38,358.24,4005.0
2025-05-06 05:00:00+00:00,358.25,361.86,357.2,360.36,4391.0
2025-05-06 09:00:00+00:00,360.52,360.96,350.72,355.28,5026.0
2025-05-06 13:00:00+00:00,355.32,358.7,350.84,353.58,7426.0
2025-05-06 17:00:00+00:00,353.56,362.84,352.98,357.64,6108.0
2025-05-06 21:00:00+00:00,358.74,380.0,353.37,378.06,9228.0
2025-05-07 01:00:00+00:00,378.03,381.34,373.83,376.6,6685.0
2025-05-07 05:00:00+00:00,376.63,377.1,368.06,374.08,5505.0
2025-05-07 09:00:00+00:00,374.1,375.59,363.92,365.66,4611.0
2025-05-07 13:00:00+00:00,365.6,368.08,359.4,360.9,4145.0
2025-05-07 17:00:00+00:00,360.86,360.9,355.21,358.11,7231.0
2025-05-07 21:00:00+00:00,358.22,390.93,357.34,384.69,8312.0
2025-05-08 01:00:00+00:00,384.74,441.15,384.74,414.11,14975.0
2025-05-08 05:00:00+00:00,414.17,422.47,413.78,418.7,7791.0
2025-05-08 09:00:00+00:00,418.7,418.85,409.36,411.32,7660.0
2025-05-08 13:00:00+00:00,411.26,424.79,411.22,421.12,9945.0
2025-05-08 17:00:00+00:00,421.04,423.71,416.64,421.12,5871.0
2025-05-08 21:00:00+00:00,420.02,425.77,415.94,417.9,9482.0
2025-05-09 01:00:00+00:00,417.86,421.17,414.46,416.94,5874.0
2025-05-09 05:00:00+00:00,416.82,429.58,415.7,422.36,9680.0
2025-05-09 09:00:00+00:00,422.38,425.14,405.54,414.96,12261.0
2025-05-09 13:00:00+00:00,415.06,417.29,403.5,404.65,13163.0
2025-05-09 17:00:00+00:00,404.66,410.61,404.52,408.3,7237.0
2025-05-11 21:00:00+00:00,408.62,412.1,406.06,410.52,6613.0
2025-05-12 01:00:00+00:00,410.58,413.44,402.81,410.14,9482.0
2025-05-12 05:00:00+00:00,410.18,419.8,405.78,414.99,10976.0
2025-05-12 09:00:00+00:00,415.0,417.64,410.62,415.98,8276.0
2025-05-12 13:00:00+00:00,416.02,418.87,405.04,413.23,11697.0
2025-05-12 17:00:00+00:00,413.22,414.84,396.22,412.72,10653.0
2025-05-12 21:00:00+00:00,411.43,412.34,404.66,404.86,6084.0
2025-05-13 01:00:00+00:00,404.82,406.66,391.63,398.75,10579.0
2025-05-13 05:00:00+00:00,398.72,400.78,395.17,397.22,4087.0
2025-05-13 09:00:00+00:00,397.28,404.6,397.22,402.82,8287.0
2025-05-13 13:00:00+00:00,402.88,408.14,399.34,406.27,10655.0
2025-05-13 17:00:00+00:00,406.31,416.04,406.14,413.64,9758.0
2025-05-13 21:00:00+00:00,412.51,414.42,408.52,410.82,6124.0
2025-05-14 01:00:00+00:00,410.8,413.46,405.54,409.16,8051.0
2025-05-14 05:00:00+00:00,409.18,410.66,401.18,401.24,7499.0
2025-05-14 09:00:00+00:00,401.2,409.26,399.61,406.72,4819.0
2025-05-14 13:00:00+00:00,406.64,409.1,400.4,403.81,8252.0
2025-05-14 17:00:00+00:00,403.86,406.03,398.88,405.24,3651.0
2025-05-14 21:00:00+00:00,404.26,405.56,400.47,404.44,4032.0
2025-05-15 01:00:00+00:00,404.28,404.9,396.83,399.16,4868.0
2025-05-15 05:00:00+00:00,399.08,399.48,388.84,395.58,5214.0
2025-05-15 09:00:00+00:00,395.59,395.59,387.96,392.01,6510.0
2025-05-15 13:00:00+00:00,392.02,396.74,382.99,396.6,7836.0
2025-05-15 17:00:00+00:00,396.5,398.44,389.38,395.22,5440.0
2025-05-15 21:00:00+00:00,394.3,401.19,389.35,397.52,7568.0
2025-05-16 01:00:00+00:00,397.54,403.87,395.28,399.3,7393.0
2025-05-16 05:00:00+00:00,399.32,402.4,394.86,396.24,6956.0
2025-05-16 09:00:00+00:00,396.25,401.28,396.14,398.52,5507.0
2025-05-16 13:00:00+00:00,398.52,401.87,395.42,400.69,7671.0
2025-05-16 17:00:00+00:00,400.67,402.2,395.96,397.44,4109.0
2025-05-18 21:00:00+00:00,397.18,408.88,394.67,400.42,9556.0
2025-05-19 01:00:00+00:00,400.35,401.36,384.58,385.44,9680.0
2025-05-19 05:00:00+00:00,385.42,386.0,375.8,382.32,10261.0
2025-05-19 09:00:00+00:00,382.28,385.0,378.64,380.27,6643.0
2025-05-19 13:00:00+00:00,380.24,389.9,379.92,389.54,8415.0
2025-05-19 17:00:00+00:00,389.56,393.18,387.23,392.33,6439.0
2025-05-19 21:00:00+00:00,392.25,395.42,389.82,393.24,5240.0
2025-05-20 01:00:00+00:00,393.22,398.7,392.94,395.96,6947.0
2025-05-20 05:00:00+00:00,396.06,396.94,388.56,389.72,5910.0
2025-05-20 09:00:00+00:00,389.71,390.81,385.12,386.46,6275.0
2025-05-20 13:00:00+00:00,386.54,388.26,384.21,385.46,8768.0
2025-05-20 17:00:00+00:00,385.52,393.58,384.95,392.1,7613.0
2025-05-20 21:00:00+00:00,393.98,396.24,391.25,393.14,6873.0
2025-05-21 01:00:00+00:00,393.12,397.97,390.48,396.66,8236.0
2025-05-21 05:00:00+00:00,396.57,402.15,396.45,397.3,7581.0
2025-05-21 09:00:00+00:00,397.38,398.8,394.56,398.01,6673.0
2025-05-21 13:00:00+00:00,398.01,412.18,397.49,409.32,9456.0
2025-05-21 17:00:00+00:00,409.36,410.7,395.72,404.48,7669.0
2025-05-21 21:00:00+00:00,404.8,415.26,402.12,413.94,7106.0
2025-05-22 01:00:00+00:00,413.98,425.39,412.44,417.8,8804.0
2025-05-22 05:00:00+00:00,417.75,421.18,413.64,417.64,5869.0
2025-05-22 09:00:00+00:00,417.69,440.03,417.44,432.48,10721.0
2025-05-22 13:00:00+00:00,432.5,437.96,425.84,435.44,9477.0
2025-05-22 17:00:00+00:00,435.48,438.6,434.36,436.44,5496.0
2025-05-22 21:00:00+00:00,435.53,449.18,434.21,445.98,7089.0
2025-05-23 01:00:00+00:00,445.97,458.72,442.52,449.86,10098.0
2025-05-23 05:00:00+00:00,450.0,451.51,434.18,436.88,7703.0
2025-05-23 09:00:00+00:00,436.9,443.25,423.86,432.46,10176.0
2025-05-23 13:00:00+00:00,432.5,445.84,431.32,444.38,10343.0
2025-05-23 17:00:00+00:00,444.33,445.42,433.17,433.4,5938.0
2025-05-25 21:00:00+00:00,412.96,426.38,410.28,426.31,6087.0
2025-05-26 01:00:00+00:00,426.3,428.5,422.68,424.8,5806.0
2025-05-26 05:00:00+00:00,424.76,427.72,421.59,421.94,6438.0
2025-05-26 09:00:00+00:00,421.94,423.08,417.52,421.1,5389.0
2025-05-26 13:00:00+00:00,421.1,421.92,413.91,416.46,6187.0
2025-05-26 17:00:00+00:00,416.45,417.71,412.94,416.94,3623.0
2025-05-26 21:00:00+00:00,416.6,418.46,413.6,414.31,3930.0
2025-05-27 01:00:00+00:00,414.33,416.64,408.31,414.74,4875.0
2025-05-27 05:00:00+00:00,414.79,420.62,412.61,419.52,3305.0
2025-05-27 09:00:00+00:00,419.57,421.52,418.49,420.2,1976.0
2025-05-27 13:00:00+00:00,420.2,424.37,416.04,420.08,4604.0
2025-05-27 17:00:00+00:00,420.06,421.72,417.26,417.48,2146.0
2025-05-27 21:00:00+00:00,417.53,419.08,412.34,415.84,3513.0
2025-05-28 01:00:00+00:00,415.9,418.14,412.84,417.83,6648.0
2025-05-28 05:00:00+00:00,417.82,420.96,414.42,419.56,7552.0
2025-05-28 09:00:00+00:00,419.54,420.26,414.93,418.38,4150.0
2025-05-28 13:00:00+00:00,418.4,418.44,404.56,408.9,8232.0
2025-05-28 17:00:00+00:00,408.92,410.76,404.84,409.39,7819.0
2025-05-28 21:00:00+00:00,408.2,426.88,408.06,422.77,5898.0
2025-05-29 01:00:00+00:00,422.78,428.11,418.63,422.02,6405.0
2025-05-29 05:00:00+00:00,422.04,423.96,420.16,423.87,3179.0
2025-05-29 09:00:00+00:00,423.83,424.11,416.14,416.58,3101.0
2025-05-29 13:00:00+00:00,416.56,417.56,408.78,411.36,6540.0
2025-05-29 17:00:00+00:00,411.3,412.18,405.48,409.69,4928.0
2025-05-29 21:00:00+00:00,409.75,412.86,397.0,400.69,4961.0
2025-05-30 01:00:00+00:00,400.84,414.56,400.04,411.11,7436.0
2025-05-30 05:00:00+00:00,411.18,411.85,402.94,404.66,9475.0
2025-05-30 09:00:00+00:00,404.74,413.78,400.9,410.78,10953.0
2025-05-30 13:00:00+00:00,410.78,411.4,394.73,397.34,10499.0
2025-05-30 17:00:00+00:00,397.36,409.4,396.16,407.04,9569.0
2025-06-01 21:00:00+00:00,404.64,406.16,401.63,401.98,5330.0
2025-06-02 01:00:00+00:00,402.0,403.66,397.98,400.74,4084.0
2025-06-02 05:00:00+00:00,400.78,407.29,400.61,406.09,5235.0
2025-06-02 09:00:00+00:00,406.08,406.15,399.94,402.36,3154.0
2025-06-02 13:00:00+00:00,402.39,402.72,397.84,400.06,7808.0
2025-06-02 17:00:00+00:00,400.08,402.88,397.32,399.5,6032.0
2025-06-02 21:00:00+00:00,400.32,405.8,399.72,403.37,8402.0
2025-06-03 01:00:00+00:00,403.46,407.51,402.34,403.7,7665.0
2025-06-03 05:00:00+00:00,403.74,405.94,399.88,401.42,3927.0
2025-06-03 09:00:00+00:00,401.43,405.0,400.32,404.17,3537.0
2025-06-03 13:00:00+00:00,404.17,409.27,402.91,406.55,9455.0
2025-06-03 17:00:00+00:00,406.53,407.44,400.84,403.43,6415.0
2025-06-03 21:00:00+00:00,403.29,404.89,400.47,403.7,4349.0
2025-06-04 01:00:00+00:00,403.71,405.14,403.0,404.47,3730.0
2025-06-04 05:00:00+00:00,404.46,406.48,402.94,405.8,4084.0
2025-06-04 09:00:00+00:00,405.76,410.99,403.83,403.88,6286.0
2025-06-04 13:00:00+00:00,403.85,407.63,401.12,407.54,6572.0
2025-06-04 17:00:00+00:00,407.51,409.66,400.76,400.86,6039.0
2025-06-04 21:00:00+00:00,399.75,402.98,397.12,402.35,6361.0
2025-06-05 01:00:00+00:00,402.34,405.12,398.48,404.42,5244.0
2025-06-05 05:00:00+00:00,404.44,405.02,399.17,399.79,5673.0
2025-06-05 09:00:00+00:00,399.85,404.74,396.72,403.92,5873.0
2025-06-05 13:00:00+00:00,403.96,404.9,396.34,398.4,9232.0
2025-06-05 17:00:00+00:00,398.42,400.9,378.44,378.52,8957.0
2025-06-05 21:00:00+00:00,381.42,387.64,377.77,384.16,6662.0
2025-06-06 01:00:00+00:00,384.14,386.46,380.76,385.32,6378.0
2025-06-06 05:00:00+00:00,385.36,388.55,385.06,387.09,3346.0
2025-06-06 09:00:00+00:00,387.03,389.9,383.83,387.14,4009.0
2025-06-06 13:00:00+00:00,387.15,395.99,386.88,392.77,8159.0
2025-06-06 17:00:00+00:00,392.78,399.8,392.24,398.42,6642.0
2025-06-08 21:00:00+00:00,415.12,415.22,410.68,412.06,3728.0
2025-06-09 01:00:00+00:00,412.0,417.42,411.22,414.25,2892.0
2025-06-09 05:00:00+00:00,414.25,419.73,412.3,417.6,3937.0
2025-06-09 09:00:00+00:00,417.58,425.17,416.92,420.34,5418.0
2025-06-09 13:00:00+00:00,420.32,421.24,416.62,420.72,4507.0
2025-06-09 17:00:00+00:00,420.7,426.32,420.69,421.75,3452.0
2025-06-09 21:00:00+00:00,422.91,429.9,421.58,426.64,5097.0
2025-06-10 01:00:00+00:00,426.64,428.07,423.2,424.02,4420.0
2025-06-10 05:00:00+00:00,424.04,424.44,418.11,422.67,2946.0
2025-06-10 09:00:00+00:00,422.69,433.92,421.08,433.71,6171.0
2025-06-10 13:00:00+00:00,433.67,434.93,425.86,429.3,5630.0
2025-06-10 17:00:00+00:00,429.36,437.99,429.36,437.18,4975.0
2025-06-10 21:00:00+00:00,436.18,443.1,434.63,442.1,7866.0
2025-06-11 01:00:00+00:00,442.08,445.58,437.41,442.5,5715.0
2025-06-11 05:00:00+00:00,442.48,445.3,440.46,443.3,6550.0
2025-06-11 09:00:00+00:00,443.32,446.61,436.96,443.76,6952.0
2025-06-11 13:00:00+00:00,443.66,445.8,440.49,444.96,6191.0
2025-06-11 17:00:00+00:00,445.03,445.38,426.02,426.98,6112.0
2025-06-11 21:00:00+00:00,426.6,429.93,421.94,428.0,4975.0
2025-06-12 01:00:00+00:00,427.95,431.58,425.48,429.24,4254.0
2025-06-12 05:00:00+00:00,429.16,432.8,428.29,431.48,4002.0
2025-06-12 09:00:00+00:00,431.58,436.24,425.98,429.87,5134.0
2025-06-12 13:00:00+00:00,429.86,438.64,429.86,438.6,6434.0
2025-06-12 17:00:00+00:00,438.94,441.57,423.42,425.08,6145.0
2025-06-12 21:00:00+00:00,427.04,431.81,404.75,408.3,9071.0
2025-06-13 01:00:00+00:00,408.22,408.22,398.06,403.76,12896.0
2025-06-13 05:00:00+00:00,403.8,423.32,402.82,414.86,8992.0
2025-06-13 09:00:00+00:00,414.84,422.03,413.58,418.55,5635.0
2025-06-13 13:00:00+00:00,418.47,436.44,416.82,434.2,7989.0
2025-06-13 17:00:00+00:00,434.16,439.44,428.11,439.43,10667.0
2025-06-15 21:00:00+00:00,461.0,465.66,457.98,459.64,10390.0
2025-06-16 01:00:00+00:00,459.62,461.83,452.06,453.6,9590.0
2025-06-16 05:00:00+00:00,453.59,458.15,453.54,455.84,6561.0
2025-06-16 09:00:00+00:00,455.84,455.86,451.6,451.78,6560.0
2025-06-16 13:00:00+00:00,451.72,473.53,451.44,464.77,11821.0
2025-06-16 17:00:00+00:00,464.76,476.06,464.2,469.98,8252.0
2025-06-16 21:00:00+00:00,469.06,473.74,461.08,470.6,10457.0
2025-06-17 01:00:00+00:00,470.6,482.47,467.46,478.67,8125.0
2025-06-17 05:00:00+00:00,478.65,478.87,471.36,472.34,6374.0
2025-06-17 09:00:00+00:00,472.44,473.18,462.28,462.28,4866.0
2025-06-17 13:00:00+00:00,462.22,474.37,457.14,457.64,8750.0
2025-06-17 17:00:00+00:00,457.62,474.5,456.63,470.56,7084.0
2025-06-17 21:00:00+00:00,472.05,472.98,462.34,464.07,5619.0
2025-06-18 01:00:00+00:00,464.15,481.87,463.48,476.64,8885.0
2025-06-18 05:00:00+00:00,476.65,477.79,467.7,468.17,7301.0
2025-06-18 09:00:00+00:00,468.28,471.8,463.65,464.13,5127.0
2025-06-18 13:00:00+00:00,464.16,467.98,457.62,460.38,6850.0
2025-06-18 17:00:00+00:00,460.36,464.04,456.59,462.78,7496.0
2025-06-18 21:00:00+00:00,460.94,469.12,453.24,458.18,5126.0
2025-06-19 01:00:00+00:00,458.04,462.0,454.57,462.0,3560.0
2025-06-19 05:00:00+00:00,461.96,464.58,458.25,459.68,4260.0
2025-06-19 09:00:00+00:00,459.6,473.28,459.6,470.8,4868.0
2025-06-19 13:00:00+00:00,470.84,489.02,468.98,482.54,8813.0
2025-06-19 17:00:00+00:00,482.58,497.0,482.28,494.22,7025.0
2025-06-19 21:00:00+00:00,493.92,501.6,489.6,496.88,6284.0
2025-06-20 01:00:00+00:00,496.9,500.58,489.7,490.2,4663.0
2025-06-20 05:00:00+00:00,490.22,493.86,487.26,492.94,4974.0
2025-06-20 09:00:00+00:00,493.08,495.69,484.44,487.3,4608.0
2025-06-20 13:00:00+00:00,487.34,487.72,481.24,485.66,4948.0
2025-06-20 17:00:00+00:00,485.66,486.64,475.2,479.82,5734.0
2025-06-22 21:00:00+00:00,444.08,459.18,443.52,451.52,7052.0
2025-06-23 01:00:00+00:00,451.47,453.7,445.91,451.08,5553.0
2025-06-23 05:00:00+00:00,451.12,457.7,451.1,453.89,7420.0
2025-06-23 09:00:00+00:00,453.86,458.18,450.44,455.47,6445.0
2025-06-23 13:00:00+00:00,455.5,457.58,437.6,440.64,13097.0
2025-06-23 17:00:00+00:00,440.6,459.12,440.01,454.28,12719.0
2025-06-23 21:00:00+00:00,454.86,469.46,453.32,461.79,10716.0
2025-06-24 01:00:00+00:00,461.8,461.86,455.9,458.72,5968.0
2025-06-24 05:00:00+00:00,458.89,462.42,453.66,459.36,7771.0
2025-06-24 09:00:00+00:00,459.38,467.18,458.3,462.94,6888.0
2025-06-24 13:00:00+00:00,462.93,463.26,448.79,454.2,10043.0
2025-06-24 17:00:00+00:00,454.24,456.86,448.88,455.61,6706.0
2025-06-24 21:00:00+00:00,454.8,465.21,451.58,464.58,5138.0
2025-06-25 01:00:00+00:00,464.63,493.07,464.26,472.94,11333.0
2025-06-25 05:00:00+00:00,472.97,483.44,468.94,479.34,9285.0
2025-06-25 09:00:00+00:00,479.32,481.78,475.96,477.65,8909.0
2025-06-25 13:00:00+00:00,477.64,484.9,474.98,483.0,10049.0
2025-06-25 17:00:00+00:00,483.0,489.2,479.88,488.0,6875.0
2025-06-25 21:00:00+00:00,492.33,494.58,480.72,483.68,8832.0
2025-06-26 01:00:00+00:00,483.64,495.94,481.74,494.83,9664.0
2025-06-26 05:00:00+00:00,494.86,506.01,493.38,502.2,10340.0
2025-06-26 09:00:00+00:00,502.19,502.4,492.99,495.05,8793.0
2025-06-26 13:00:00+00:00,495.18,495.96,488.3,491.7,11067.0
2025-06-26 17:00:00+00:00,491.84,494.64,490.2,493.82,7589.0
2025-06-26 21:00:00+00:00,494.48,494.9,485.01,485.24,5979.0
2025-06-27 01:00:00+00:00,485.3,498.34,484.32,494.82,4601.0
2025-06-27 05:00:00+00:00,494.63,505.06,491.78,497.84,7083.0
2025-06-27 09:00:00+00:00,497.96,498.6,490.18,490.94,5778.0
2025-06-27 13:00:00+00:00,490.95,509.3,489.46,507.18,7325.0
2025-06-27 17:00:00+00:00,507.17,507.73,500.6,505.84,6530.0
2025-06-29 21:00:00+00:00,494.18,508.32,492.54,498.97,5847.0
2025-06-30 01:00:00+00:00,498.98,503.56,498.29,500.66,3928.0
2025-06-30 05:00:00+00:00,500.74,501.16,494.52,494.52,2837.0
2025-06-30 09:00:00+00:00,494.54,495.02,488.18,491.1,3465.0
2025-06-30 13:00:00+00:00,491.04,521.68,490.4,517.14,10364.0
2025-06-30 17:00:00+00:00,517.14,520.53,514.08,514.18,7233.0
2025-06-30 21:00:00+00:00,513.88,514.46,502.48,507.44,7677.0
2025-07-01 01:00:00+00:00,507.45,527.58,507.04,521.71,7483.0
2025-07-01 05:00:00+00:00,521.74,526.88,520.47,521.87,5283.0
2025-07-01 09:00:00+00:00,521.9,523.92,514.37,516.9,7600.0
2025-07-01 13:00:00+00:00,516.92,520.6,513.24,517.96,7862.0
2025-07-01 17:00:00+00:00,517.95,520.12,510.24,511.62,5937.0
2025-07-01 21:00:00+00:00,511.43,513.22,498.22,499.86,6678.0
2025-07-02 01:00:00+00:00,499.83,507.06,499.37,506.95,4418.0
2025-07-02 05:00:00+00:00,507.01,510.9,504.08,506.39,4030.0
2025-07-02 09:00:00+00:00,506.44,508.38,498.93,499.46,5088.0
2025-07-02 13:00:00+00:00,499.42,511.2,499.24,509.67,4760.0
2025-07-02 17:00:00+00:00,509.75,512.1,503.16,505.98,2759.0
2025-07-02 21:00:00+00:00,506.11,515.05,505.88,509.52,3682.0
2025-07-03 01:00:00+00:00,509.5,511.86,500.67,502.14,2790.0
2025-07-03 05:00:00+00:00,502.18,511.73,501.14,506.02,3128.0
2025-07-03 09:00:00+00:00,505.96,506.66,497.71,499.86,6757.0
2025-07-03 13:00:00+00:00,499.74,504.77,491.0,494.22,6468.0
2025-07-03 17:00:00+00:00,494.2,499.7,493.97,499.42,2765.0
2025-07-03 21:00:00+00:00,499.76,499.94,493.26,494.74,1181.0
2025-07-04 01:00:00+00:00,494.56,496.0,485.81,489.6,6183.0
2025-07-04 05:00:00+00:00,489.6,492.18,468.9,475.74,7357.0
2025-07-04 09:00:00+00:00,475.76,484.04,475.74,482.57,4036.0
2025-07-04 13:00:00+00:00,482.6,486.42,477.88,483.4,6209.0
2025-07-04 17:00:00+00:00,483.34,489.34,483.26,487.68,4480.0
2025-07-06 21:00:00+00:00,496.78,500.1,487.34,495.1,6633.0
2025-07-07 01:00:00+00:00,495.14,499.71,494.22,497.13,4802.0
2025-07-07 05:00:00+00:00,497.11,498.81,493.26,494.62,4427.0
2025-07-07 09:00:00+00:00,494.58,496.94,493.86,496.26,4123.0
2025-07-07 13:00:00+00:00,496.26,498.58,490.7,491.72,8369.0
2025-07-07 17:00:00+00:00,491.72,493.51,489.39,493.32,6808.0
2025-07-07 21:00:00+00:00,493.93,499.73,492.0,498.54,4672.0
2025-07-08 01:00:00+00:00,498.54,498.54,493.88,497.28,5644.0
2025-07-08 05:00:00+00:00,497.28,499.39,495.97,497.5,4074.0
2025-07-08 09:00:00+00:00,497.47,507.78,497.0,502.67,6959.0
2025-07-08 13:00:00+00:00,502.7,505.22,500.18,502.86,8208.0
2025-07-08 17:00:00+00:00,502.9,504.84,498.21,498.28,4640.0
2025-07-08 21:00:00+00:00,498.13,501.96,497.46,501.66,3507.0
2025-07-09 01:00:00+00:00,501.61,516.61,500.92,508.04,6413.0
2025-07-09 05:00:00+00:00,508.0,510.8,504.64,505.08,5068.0
2025-07-09 09:00:00+00:00,505.1,510.66,504.26,508.06,7308.0
2025-07-09 13:00:00+00:00,508.12,510.15,504.85,506.62,7013.0
2025-07-09 17:00:00+00:00,506.51,511.42,502.16,506.74,7987.0
2025-07-09 21:00:00+00:00,508.28,516.28,507.68,512.03,6597.0
2025-07-10 01:00:00+00:00,512.02,514.02,508.82,510.52,5760.0
2025-07-10 05:00:00+00:00,510.54,519.22,509.4,516.76,5768.0
2025-07-10 09:00:00+00:00,516.74,517.84,514.28,515.12,5367.0
2025-07-10 13:00:00+00:00,515.12,516.07,501.38,508.87,6080.0
2025-07-10 17:00:00+00:00,508.85,512.48,507.77,510.44,5519.0
2025-07-10 21:00:00+00:00,511.05,520.52,510.46,515.06,7910.0
2025-07-11 01:00:00+00:00,515.03,521.74,514.7,521.33,7633.0
2025-07-11 05:00:00+00:00,521.32,527.96,517.5,523.66,9629.0
2025-07-11 09:00:00+00:00,523.72,527.44,520.36,523.1,8361.0
2025-07-11 13:00:00+00:00,523.1,538.3,522.15,529.7,14228.0
2025-07-11 17:00:00+00:00,529.72,537.67,529.01,533.67,9104.0
2025-07-13 21:00:00+00:00,509.22,510.36,503.73,508.16,8800.0
2025-07-14 01:00:00+00:00,508.22,517.98,504.47,516.96,4119.0
2025-07-14 05:00:00+00:00,516.91,526.4,508.98,518.38,7159.0
2025-07-14 09:00:00+00:00,518.38,518.92,510.46,512.79,4990.0
2025-07-14 13:00:00+00:00,512.82,513.31,501.68,506.83,7350.0
2025-07-14 17:00:00+00:00,506.92,507.32,498.67,504.02,5613.0
2025-07-14 21:00:00+00:00,502.8,506.24,501.34,501.84,3554.0
2025-07-15 01:00:00+00:00,501.84,503.14,487.74,492.31,5191.0
2025-07-15 05:00:00+00:00,492.35,493.72,485.3,486.28,2753.0
2025-07-15 09:00:00+00:00,486.2,491.28,484.7,490.05,3300.0
2025-07-15 13:00:00+00:00,489.91,493.04,482.26,489.46,4794.0
2025-07-15 17:00:00+00:00,489.54,496.9,486.53,489.22,4919.0
2025-07-15 21:00:00+00:00,489.15,503.02,489.15,502.72,3333.0
2025-07-16 01:00:00+00:00,502.54,506.39,495.49,496.53,6803.0
2025-07-16 05:00:00+00:00,496.47,500.7,495.12,500.36,3049.0
2025-07-16 09:00:00+00:00,500.4,503.26,497.84,498.08,3664.0
2025-07-16 13:00:00+00:00,498.12,501.16,491.92,500.24,6167.0
2025-07-16 17:00:00+00:00,500.18,506.92,498.3,503.81,7268.0
2025-07-16 21:00:00+00:00,503.41,509.2,497.2,498.94,5035.0
2025-07-17 01:00:00+00:00,498.88,500.13,488.88,493.71,6033.0
2025-07-17 05:00:00+00:00,493.62,498.69,491.78,496.32,5163.0
2025-07-17 09:00:00+00:00,496.38,504.74,493.67,498.58,7008.0
2025-07-17 13:00:00+00:00,498.5,499.05,490.34,494.1,5609.0
2025-07-17 17:00:00+00:00,494.06,499.42,487.64,492.03,4460.0
2025-07-17 21:00:00+00:00,494.14,509.59,492.54,509.4,7050.0
2025-07-18 01:00:00+00:00,509.54,529.41,507.19,523.87,6592.0
2025-07-18 05:00:00+00:00,523.8,541.41,522.08,528.98,5916.0
2025-07-18 09:00:00+00:00,529.01,535.84,525.79,533.01,5136.0
2025-07-18 13:00:00+00:00,532.96,533.0,507.74,516.28,4975.0
2025-07-18 17:00:00+00:00,516.31,519.14,505.86,511.6,5333.0
2025-07-20 21:00:00+00:00,546.27,550.45,538.86,542.4,5203.0
2025-07-21 01:00:00+00:00,542.5,542.62,526.58,526.78,5619.0
2025-07-21 05:00:00+00:00,526.76,536.54,525.38,528.86,5649.0
2025-07-21 09:00:00+00:00,528.86,537.1,524.93,530.86,10855.0
2025-07-21 13:00:00+00:00,530.9,535.8,520.8,525.4,8165.0
2025-07-21 17:00:00+00:00,525.36,529.68,518.6,519.23,8083.0
2025-07-21 21:00:00+00:00,518.91,525.09,518.91,521.16,2482.0
2025-07-22 01:00:00+00:00,521.26,525.5,512.08,512.1,6565.0
2025-07-22 05:00:00+00:00,511.93,524.96,511.88,518.93,5485.0
2025-07-22 09:00:00+00:00,518.92,522.98,514.8,518.49,6211.0
2025-07-22 13:00:00+00:00,518.6,523.01,511.92,518.79,7042.0
2025-07-22 17:00:00+00:00,518.8,523.3,514.0,518.36,5354.0
2025-07-22 21:00:00+00:00,517.54,537.29,516.15,523.64,4005.0
2025-07-23 01:00:00+00:00,523.58,530.41,521.27,529.04,3923.0
2025-07-23 05:00:00+00:00,529.13,529.78,523.81,527.55,4036.0
2025-07-23 09:00:00+00:00,527.56,529.18,514.03,516.67,4667.0
2025-07-23 13:00:00+00:00,516.8,520.52,504.62,506.86,10017.0
2025-07-23 17:00:00+00:00,506.92,515.21,500.84,507.37,10659.0
2025-07-23 21:00:00+00:00,509.08,519.68,498.66,518.88,5620.0
2025-07-24 01:00:00+00:00,518.86,523.98,505.13,506.68,5675.0
2025-07-24 05:00:00+00:00,506.68,507.17,491.01,506.42,11654.0
2025-07-24 09:00:00+00:00,506.52,531.12,506.15,520.32,14464.0
2025-07-24 13:00:00+00:00,520.28,526.98,514.41,515.94,12811.0
2025-07-24 17:00:00+00:00,515.96,524.07,515.14,518.03,10627.0
2025-07-24 21:00:00+00:00,519.43,519.43,508.86,513.16,6373.0
2025-07-25 01:00:00+00:00,513.11,530.3,509.08,526.08,7046.0
2025-07-25 05:00:00+00:00,526.11,532.08,520.45,526.08,9438.0
2025-07-25 09:00:00+00:00,526.07,562.63,525.99,549.25,8358.0
2025-07-25 13:00:00+00:00,549.36,550.5,530.94,539.69,8763.0
2025-07-25 17:00:00+00:00,539.68,549.68,536.7,548.6,4595.0
2025-07-27 21:00:00+00:00,597.42,600.04,588.35,589.64,4315.0
2025-07-28 01:00:00+00:00,589.66,594.64,589.38,590.58,1891.0
2025-07-28 05:00:00+00:00,590.58,604.6,576.78,577.52,5796.0
2025-07-28 09:00:00+00:00,577.65,589.34,577.12,588.34,3796.0
2025-07-28 13:00:00+00:00,588.32,590.64,578.5,583.19,5971.0
2025-07-28 17:00:00+00:00,583.12,584.14,573.02,575.64,3315.0
2025-07-28 21:00:00+00:00,575.15,582.32,569.21,581.74,2981.0
2025-07-29 01:00:00+00:00,581.78,586.68,575.18,581.68,4587.0
2025-07-29 05:00:00+00:00,581.75,581.95,570.66,571.0,4082.0
2025-07-29 09:00:00+00:00,571.12,573.34,564.91,569.61,3333.0
2025-07-29 13:00:00+00:00,569.57,574.32,560.44,566.5,5705.0
2025-07-29 17:00:00+00:00,566.54,569.02,560.27,562.03,2872.0
2025-07-29 21:00:00+00:00,561.21,567.08,561.21,565.82,1824.0
2025-07-30 01:00:00+00:00,565.9,572.42,563.74,564.58,3279.0
2025-07-30 05:00:00+00:00,564.6,570.1,563.14,567.48,7891.0
2025-07-30 09:00:00+00:00,567.5,568.6,559.36,564.71,10235.0
2025-07-30 13:00:00+00:00,564.69,571.47,563.08,568.06,8052.0
2025-07-30 17:00:00+00:00,568.06,572.07,551.33,567.65,6833.0
2025-07-30 21:00:00+00:00,567.05,596.48,564.82,590.8,4103.0
2025-07-31 01:00:00+00:00,590.79,590.8,581.33,583.98,4965.0
2025-07-31 05:00:00+00:00,584.08,588.14,580.48,585.4,5098.0
2025-07-31 09:00:00+00:00,585.06,586.82,579.06,580.41,2798.0
2025-07-31 13:00:00+00:00,580.31,580.31,571.28,574.93,11846.0
2025-07-31 17:00:00+00:00,574.87,574.87,561.34,563.7,8759.0
2025-07-31 21:00:00+00:00,564.68,575.88,553.13,562.49,4897.0
2025-08-01 01:00:00+00:00,562.62,573.84,556.53,567.2,3970.0
2025-08-01 05:00:00+00:00,567.18,569.64,552.52,553.67,6609.0
2025-08-01 09:00:00+00:00,553.66,561.18,550.06,557.82,4281.0
2025-08-01 13:00:00+00:00,557.74,559.56,547.02,549.14,7089.0
2025-08-01 17:00:00+00:00,549.12,551.29,531.82,536.02,9826.0
2025-08-03 21:00:00+00:00,543.82,552.54,542.33,551.74,1396.0
2025-08-04 01:00:00+00:00,551.74,553.62,548.19,553.19,2123.0
2025-08-04 05:00:00+00:00,553.04,555.1,548.07,552.5,1756.0
2025-08-04 09:00:00+00:00,552.58,557.2,551.64,556.82,2726.0
2025-08-04 13:00:00+00:00,556.81,579.14,551.87,572.92,5549.0
2025-08-04 17:00:00+00:00,573.08,575.13,559.38,559.8,3024.0
2025-08-04 21:00:00+00:00,560.32,581.1,556.96,573.0,4071.0
2025-08-05 01:00:00+00:00,572.98,577.66,564.06,565.19,3471.0
2025-08-05 05:00:00+00:00,565.19,566.66,557.14,559.1,4031.0
2025-08-05 09:00:00+00:00,559.08,583.72,559.0,571.86,4848.0
2025-08-05 13:00:00+00:00,571.86,573.08,560.76,560.9,4811.0
2025-08-05 17:00:00+00:00,560.74,561.7,540.84,543.67,4043.0
2025-08-05 21:00:00+00:00,545.43,552.35,543.98,549.28,3122.0
2025-08-06 01:00:00+00:00,549.26,557.72,548.64,555.48,4088.0
2025-08-06 05:00:00+00:00,555.45,565.06,555.24,560.2,4642.0
2025-08-06 09:00:00+00:00,560.17,563.04,556.77,557.98,3506.0
2025-08-06 13:00:00+00:00,558.02,573.26,556.88,569.17,6758.0
2025-08-06 17:00:00+00:00,569.18,573.04,566.48,567.56,2806.0
2025-08-06 21:00:00+00:00,568.66,573.06,568.05,570.68,1431.0
2025-08-07 01:00:00+00:00,570.7,572.01,568.39,570.66,2202.0
2025-08-07 05:00:00+00:00,570.66,580.14,568.12,569.18,7583.0
2025-08-07 09:00:00+00:00,569.53,585.13,566.12,574.14,11918.0
2025-08-07 13:00:00+00:00,574.16,581.98,570.48,575.76,6224.0
2025-08-07 17:00:00+00:00,575.74,580.48,575.01,579.76,2550.0
2025-08-07 21:00:00+00:00,580.9,586.4,576.83,581.58,3286.0
2025-08-08 01:00:00+00:00,581.6,583.14,574.0,574.98,3660.0
2025-08-08 05:00:00+00:00,574.99,581.66,573.16,579.78,2952.0
2025-08-08 09:00:00+00:00,579.72,582.65,578.5,579.12,2136.0
2025-08-08 13:00:00+00:00,579.14,584.05,577.04,581.34,3798.0
2025-08-08 17:00:00+00:00,581.36,588.92,581.36,587.26,3387.0
2025-08-10 21:00:00+00:00,568.12,573.5,567.55,571.7,1130.0
2025-08-11 01:00:00+00:00,571.69,578.19,570.39,574.88,1973.0
2025-08-11 05:00:00+00:00,574.68,579.1,571.38,575.12,2132.0
2025-08-11 09:00:00+00:00,575.14,597.8,573.12,583.22,6115.0
2025-08-11 13:00:00+00:00,583.2,598.62,579.96,590.4,4582.0
2025-08-11 17:00:00+00:00,590.3,593.34,580.74,583.28,3289.0
2025-08-11 21:00:00+00:00,583.8,594.07,574.86,590.78,2666.0
2025-08-12 01:00:00+00:00,590.76,601.4,588.88,595.7,3453.0
2025-08-12 05:00:00+00:00,595.74,595.76,588.76,589.92,2514.0
2025-08-12 09:00:00+00:00,589.92,595.89,586.34,594.16,3431.0
2025-08-12 13:00:00+00:00,594.23,607.96,588.06,607.25,4576.0
2025-08-12 17:00:00+00:00,607.17,625.56,605.3,624.8,4749.0
2025-08-12 21:00:00+00:00,624.64,624.64,616.14,620.05,2756.0
2025-08-13 01:00:00+00:00,620.04,620.04,610.1,611.7,3691.0
2025-08-13 05:00:00+00:00,611.72,612.96,601.23,606.56,3694.0
2025-08-13 09:00:00+00:00,606.64,611.66,606.64,607.94,2927.0
2025-08-13 13:00:00+00:00,607.92,631.96,607.58,617.44,4392.0
2025-08-13 17:00:00+00:00,617.42,618.28,608.94,611.04,1808.0
2025-08-13 21:00:00+00:00,610.94,620.65,610.83,620.16,2369.0
2025-08-14 01:00:00+00:00,620.18,626.36,618.84,624.98,5198.0
2025-08-14 05:00:00+00:00,624.99,626.73,603.64,606.74,3896.0
2025-08-14 09:00:00+00:00,606.76,611.5,579.49,590.7,5190.0
2025-08-14 13:00:00+00:00,590.68,598.22,582.88,587.4,8095.0
2025-08-14 17:00:00+00:00,587.14,593.02,584.23,588.12,5392.0
2025-08-14 21:00:00+00:00,586.84,595.76,582.41,593.1,3582.0
2025-08-15 01:00:00+00:00,593.08,597.96,591.81,595.6,2801.0
2025-08-15 05:00:00+00:00,595.6,602.0,593.84,595.36,3352.0
2025-08-15 09:00:00+00:00,595.38,597.9,592.33,594.12,2605.0
2025-08-15 13:00:00+00:00,594.12,594.54,580.34,587.53,6305.0
2025-08-15 17:00:00+00:00,587.42,592.0,584.86,589.82,2347.0
2025-08-17 21:00:00+00:00,584.16,586.18,580.46,582.33,1482.0
2025-08-18 01:00:00+00:00,582.34,582.44,564.06,570.82,2708.0
2025-08-18 05:00:00+00:00,570.74,572.45,564.42,564.43,2451.0
2025-08-18 09:00:00+00:00,564.44,567.18,561.2,566.1,2560.0
2025-08-18 13:00:00+00:00,566.1,567.52,560.95,564.38,2971.0
2025-08-18 17:00:00+00:00,564.22,571.2,563.66,569.4,2485.0
2025-08-18 21:00:00+00:00,570.22,573.16,564.93,572.16,2016.0
2025-08-19 01:00:00+00:00,572.33,573.82,561.0,568.06,3456.0
2025-08-19 05:00:00+00:00,568.22,569.52,563.4,566.7,3736.0
2025-08-19 09:00:00+00:00,566.7,569.04,565.27,566.6,1599.0
2025-08-19 13:00:00+00:00,566.6,567.8,551.85,552.21,4519.0
2025-08-19 17:00:00+00:00,552.2,557.31,550.01,556.41,2225.0
2025-08-19 21:00:00+00:00,557.1,557.2,547.5,551.79,2266.0
2025-08-20 01:00:00+00:00,552.05,554.1,546.88,553.24,3219.0
2025-08-20 05:00:00+00:00,553.23,554.96,548.72,553.2,3152.0
2025-08-20 09:00:00+00:00,553.1,553.53,545.68,551.6,3830.0
2025-08-20 13:00:00+00:00,551.59,557.94,543.27,554.99,6806.0
2025-08-20 17:00:00+00:00,554.98,562.0,552.65,559.9,3679.0
2025-08-20 21:00:00+00:00,559.62,562.66,558.22,560.28,1481.0
2025-08-21 01:00:00+00:00,560.28,564.82,558.58,560.94,2257.0
2025-08-21 05:00:00+00:00,560.96,562.44,556.32,556.32,2607.0
2025-08-21 09:00:00+00:00,556.31,557.98,550.78,551.68,2805.0
2025-08-21 13:00:00+00:00,551.67,558.62,550.21,550.82,5355.0
2025-08-21 17:00:00+00:00,550.88,562.3,550.56,555.58,2632.0
2025-08-21 21:00:00+00:00,553.24,557.81,552.42,556.14,3285.0
2025-08-22 01:00:00+00:00,556.16,567.04,554.21,560.64,4985.0
2025-08-22 05:00:00+00:00,560.65,563.42,557.5,561.6,4815.0
2025-08-22 09:00:00+00:00,561.61,562.82,550.54,554.62,2104.0
2025-08-22 13:00:00+00:00,554.61,604.44,554.2,601.22,5765.0
2025-08-22 17:00:00+00:00,601.25,607.18,598.9,599.71,1725.0
2025-08-24 21:00:00+00:00,585.4,592.57,576.18,578.92,2900.0
2025-08-25 01:00:00+00:00,578.94,587.54,578.94,581.47,2151.0
2025-08-25 05:00:00+00:00,581.33,582.23,564.86,565.57,2725.0
2025-08-25 09:00:00+00:00,565.5,566.1,560.63,564.85,1777.0
2025-08-25 13:00:00+00:00,564.84,567.24,556.54,561.16,3236.0
2025-08-25 17:00:00+00:00,561.22,561.28,540.12,542.16,4350.0
2025-08-25 21:00:00+00:00,538.78,545.24,536.12,541.25,3216.0
2025-08-26 01:00:00+00:00,541.24,546.62,539.92,541.04,2439.0
2025-08-26 05:00:00+00:00,541.03,544.79,538.46,539.16,2802.0
2025-08-26 09:00:00+00:00,539.18,545.02,534.0,541.13,3171.0
2025-08-26 13:00:00+00:00,541.02,544.1,534.16,539.84,5386.0
2025-08-26 17:00:00+00:00,539.83,544.04,532.96,541.76,3006.0
2025-08-26 21:00:00+00:00,540.56,555.34,537.96,546.0,3078.0
2025-08-27 01:00:00+00:00,545.92,563.05,544.58,561.6,2906.0
2025-08-27 05:00:00+00:00,561.5,562.23,551.32,553.27,2168.0
2025-08-27 09:00:00+00:00,553.09,558.56,550.82,553.88,2157.0
2025-08-27 13:00:00+00:00,554.18,560.96,551.82,556.91,3719.0
2025-08-27 17:00:00+00:00,556.86,559.73,551.41,559.17,3356.0
2025-08-27 21:00:00+00:00,557.82,558.96,548.41,551.24,2684.0
2025-08-28 01:00:00+00:00,551.36,560.12,550.8,559.76,2193.0
2025-08-28 05:00:00+00:00,559.76,566.28,556.79,560.14,2128.0
2025-08-28 09:00:00+00:00,560.22,560.22,554.32,555.78,1613.0
2025-08-28 13:00:00+00:00,555.84,558.28,550.77,550.77,3122.0
2025-08-28 17:00:00+00:00,550.76,554.88,550.16,552.44,1433.0
2025-08-28 21:00:00+00:00,552.63,559.94,551.68,557.24,1291.0
2025-08-29 01:00:00+00:00,557.25,559.68,551.68,554.36,3414.0
2025-08-29 05:00:00+00:00,554.42,558.22,531.2,532.2,8353.0
2025-08-29 09:00:00+00:00,532.18,543.55,529.8,537.92,7692.0
2025-08-29 13:00:00+00:00,537.92,538.46,526.62,537.06,9042.0
2025-08-29 17:00:00+00:00,536.92,537.11,528.75,529.48,3568.0
2025-08-31 21:00:00+00:00,546.12,548.33,540.72,542.0,1260.0
2025-09-01 01:00:00+00:00,541.92,542.49,530.0,531.06,2524.0
2025-09-01 05:00:00+00:00,531.0,551.61,530.04,549.5,2875.0
2025-09-01 09:00:00+00:00,549.52,550.84,543.84,545.93,2520.0
2025-09-01 13:00:00+00:00,545.94,549.64,539.26,540.54,2798.0
2025-09-01 17:00:00+00:00,540.53,548.02,537.08,542.67,2612.0
2025-09-01 21:00:00+00:00,542.14,545.93,534.24,544.96,2591.0
2025-09-02 01:00:00+00:00,545.34,566.67,545.16,566.62,3029.0
2025-09-02 05:00:00+00:00,566.61,571.94,565.77,570.33,2165.0
2025-09-02 09:00:00+00:00,570.34,572.92,559.28,560.64,2351.0
2025-09-02 13:00:00+00:00,560.5,586.56,560.3,579.62,5533.0
2025-09-02 17:00:00+00:00,579.64,585.83,579.64,582.2,2435.0
2025-09-02 21:00:00+00:00,581.6,585.94,580.36,581.79,1228.0
2025-09-03 01:00:00+00:00,581.8,592.26,578.6,590.79,1666.0
2025-09-03 05:00:00+00:00,590.78,603.71,589.91,600.78,2992.0
2025-09-03 09:00:00+00:00,600.78,605.06,597.61,598.14,2458.0
2025-09-03 13:00:00+00:00,598.14,603.49,581.74,591.87,3860.0
2025-09-03 17:00:00+00:00,591.86,600.84,591.22,599.91,1875.0
2025-09-03 21:00:00+00:00,599.86,605.38,598.36,600.66,1070.0
2025-09-04 01:00:00+00:00,600.65,600.65,584.19,586.29,1889.0
2025-09-04 05:00:00+00:00,586.24,589.59,584.32,585.78,1130.0
2025-09-04 09:00:00+00:00,585.86,591.34,585.55,591.32,1245.0
2025-09-04 13:00:00+00:00,591.3,591.31,584.87,586.18,2227.0
2025-09-04 17:00:00+00:00,586.3,590.04,583.74,589.42,1368.0
2025-09-04 21:00:00+00:00,589.12,595.9,584.85,585.26,1418.0
2025-09-05 01:00:00+00:00,585.27,596.08,585.1,590.69,2990.0
2025-09-05 05:00:00+00:00,590.7,603.6,589.81,594.34,6319.0
2025-09-05 09:00:00+00:00,594.26,610.56,592.58,606.44,2637.0
2025-09-05 13:00:00+00:00,606.46,619.64,600.76,613.04,4593.0
2025-09-05 17:00:00+00:00,613.12,615.98,609.1,611.71,1544.0
2025-09-07 21:00:00+00:00,603.0,605.87,602.32,604.82,1010.0
2025-09-08 01:00:00+00:00,604.62,605.32,600.6,601.44,1314.0
2025-09-08 05:00:00+00:00,601.46,601.63,588.88,588.88,2966.0
2025-09-08 09:00:00+00:00,588.87,597.92,587.3,594.8,2203.0
2025-09-08 13:00:00+00:00,594.83,597.06,588.8,590.2,2172.0
2025-09-08 17:00:00+00:00,590.17,590.34,586.05,586.8,1442.0
2025-09-08 21:00:00+00:00,586.08,590.04,586.08,587.87,1176.0
2025-09-09 01:00:00+00:00,587.88,590.84,583.26,584.59,1751.0
2025-09-09 05:00:00+00:00,584.58,586.8,580.03,585.66,2609.0
2025-09-09 09:00:00+00:00,585.84,589.29,582.75,584.94,1819.0
2025-09-09 13:00:00+00:00,584.93,587.06,575.14,578.59,3133.0
2025-09-09 17:00:00+00:00,578.44,587.0,575.3,579.28,1429.0
2025-09-09 21:00:00+00:00,578.93,581.76,577.6,577.63,1003.0
2025-09-10 01:00:00+00:00,577.68,582.98,576.01,579.64,1991.0
2025-09-10 05:00:00+00:00,579.63,581.53,577.72,580.22,929.0
2025-09-10 09:00:00+00:00,580.23,588.29,579.12,585.16,1636.0
2025-09-10 13:00:00+00:00,585.19,590.93,579.47,582.85,2442.0
2025-09-10 17:00:00+00:00,582.86,583.24,577.56,580.79,1365.0
2025-09-10 21:00:00+00:00,580.94,581.96,579.36,580.48,733.0
2025-09-11 01:00:00+00:00,580.42,602.46,576.64,594.68,2312.0
2025-09-11 05:00:00+00:00,594.7,603.76,587.46,598.24,2557.0
2025-09-11 09:00:00+00:00,598.26,603.06,593.15,598.41,2541.0
2025-09-11 13:00:00+00:00,598.43,599.32,588.22,588.36,2364.0
2025-09-11 17:00:00+00:00,588.38,591.44,587.1,588.75,1249.0
2025-09-11 21:00:00+00:00,589.1,601.55,588.82,598.86,1242.0
2025-09-12 01:00:00+00:00,599.1,600.05,593.64,595.5,1231.0
2025-09-12 05:00:00+00:00,595.52,598.2,590.72,591.42,1192.0
2025-09-12 09:00:00+00:00,591.32,593.34,589.1,590.76,1416.0
2025-09-12 13:00:00+00:00,590.74,591.81,587.36,591.42,1717.0
2025-09-12 17:00:00+00:00,591.45,599.24,591.45,597.24,1736.0
2025-09-14 21:00:00+00:00,594.42,605.72,593.18,601.8,1750.0
2025-09-15 01:00:00+00:00,601.99,604.29,599.16,601.98,1573.0
2025-09-15 05:00:00+00:00,601.96,604.89,591.58,592.8,3064.0
2025-09-15 09:00:00+00:00,592.78,597.7,590.74,592.76,2316.0
2025-09-15 13:00:00+00:00,592.74,594.66,588.2,588.72,2583.0
2025-09-15 17:00:00+00:00,589.0,593.68,588.16,592.94,1653.0
2025-09-15 21:00:00+00:00,592.27,594.28,590.46,591.52,866.0
2025-09-16 01:00:00+00:00,591.54,594.46,589.13,591.95,1075.0
2025-09-16 05:00:00+00:00,591.94,597.19,591.46,596.35,1320.0
2025-09-16 09:00:00+00:00,596.28,596.37,590.46,591.01,1233.0
2025-09-16 13:00:00+00:00,591.02,598.1,589.97,597.34,2332.0
2025-09-16 17:00:00+00:00,597.4,601.8,597.4,600.37,1519.0
2025-09-16 21:00:00+00:00,600.56,601.37,597.06,597.22,718.0
2025-09-17 01:00:00+00:00,597.22,601.7,594.72,595.68,2377.0
2025-09-17 05:00:00+00:00,595.7,602.5,595.7,602.5,1187.0
2025-09-17 09:00:00+00:00,602.5,602.96,596.31,599.1,1060.0
2025-09-17 13:00:00+00:00,598.86,600.1,590.68,591.98,1464.0
2025-09-17 17:00:00+00:00,591.94,602.61,591.52,598.91,3306.0
2025-09-17 21:00:00+00:00,597.72,625.37,597.53,617.27,3458.0
2025-09-18 01:00:00+00:00,617.28,647.32,616.27,638.41,3429.0
2025-09-18 05:00:00+00:00,638.44,640.12,631.26,637.46,1879.0
2025-09-18 09:00:00+00:00,637.33,646.36,635.86,645.68,2309.0
2025-09-18 13:00:00+00:00,645.66,650.46,637.2,638.2,2791.0
2025-09-18 17:00:00+00:00,638.24,639.76,635.3,638.09,1388.0
2025-09-18 21:00:00+00:00,637.88,638.36,621.26,630.66,2184.0
2025-09-19 01:00:00+00:00,630.64,632.14,610.36,611.45,2761.0
2025-09-19 05:00:00+00:00,611.44,613.9,608.06,611.26,1814.0
2025-09-19 09:00:00+00:00,611.46,611.94,604.97,607.3,1832.0
2025-09-19 13:00:00+00:00,607.29,607.66,600.43,605.64,2314.0
2025-09-19 17:00:00+00:00,605.58,605.63,601.27,601.72,997.0
2025-09-21 21:00:00+00:00,595.44,597.41,583.88,585.89,1701.0
2025-09-22 01:00:00+00:00,585.88,590.78,584.8,587.06,1825.0
2025-09-22 05:00:00+00:00,586.98,586.99,553.92,569.57,3116.0
2025-09-22 09:00:00+00:00,569.49,573.45,567.78,571.46,2052.0
2025-09-22 13:00:00+00:00,571.46,573.8,566.6,567.28,2693.0
2025-09-22 17:00:00+00:00,567.31,567.5,561.63,565.54,2347.0
2025-09-22 21:00:00+00:00,565.12,570.4,563.45,567.39,1029.0
2025-09-23 01:00:00+00:00,567.52,568.48,556.45,562.06,2303.0
2025-09-23 05:00:00+00:00,562.08,566.3,560.78,564.92,2409.0
2025-09-23 09:00:00+00:00,564.91,565.98,559.74,562.04,2240.0
2025-09-23 13:00:00+00:00,561.98,562.52,557.78,561.51,3288.0
2025-09-23 17:00:00+00:00,561.5,561.5,554.24,556.94,2029.0
2025-09-23 21:00:00+00:00,556.7,559.92,555.72,558.42,1164.0
2025-09-24 01:00:00+00:00,558.44,561.14,549.26,557.29,2713.0
2025-09-24 05:00:00+00:00,557.15,562.1,557.06,558.86,1893.0
2025-09-24 09:00:00+00:00,558.85,561.58,556.7,560.01,1563.0
2025-09-24 13:00:00+00:00,560.02,564.04,557.5,558.3,3023.0
2025-09-24 17:00:00+00:00,558.32,560.83,555.86,558.12,1571.0
2025-09-24 21:00:00+00:00,557.63,557.88,554.62,554.75,1059.0
2025-09-25 01:00:00+00:00,554.76,555.88,546.67,548.6,1690.0
2025-09-25 05:00:00+00:00,548.54,552.05,546.02,547.32,1719.0
2025-09-25 09:00:00+00:00,547.12,551.44,540.86,547.88,2434.0
2025-09-25 13:00:00+00:00,547.86,554.61,546.38,548.68,3896.0
2025-09-25 17:00:00+00:00,548.67,548.68,535.58,539.38,4738.0
2025-09-25 21:00:00+00:00,540.17,543.18,533.89,541.46,1924.0
2025-09-26 01:00:00+00:00,541.48,543.6,537.51,538.98,2421.0
2025-09-26 05:00:00+00:00,538.98,551.29,536.4,545.46,3074.0
2025-09-26 09:00:00+00:00,545.48,547.88,538.46,543.2,1970.0
2025-09-26 13:00:00+00:00,543.21,547.11,539.26,544.69,3048.0
2025-09-26 17:00:00+00:00,544.66,549.2,544.13,547.79,2129.0
2025-09-28 21:00:00+00:00,554.44,558.3,551.26,555.32,2661.0
2025-09-29 01:00:00+00:00,555.28,558.81,552.9,558.24,1803.0
2025-09-29 05:00:00+00:00,558.26,560.06,553.48,553.82,1613.0
2025-09-29 09:00:00+00:00,553.83,554.68,550.3,551.37,1925.0
2025-09-29 13:00:00+00:00,551.34,562.42,550.88,558.59,2907.0
2025-09-29 17:00:00+00:00,558.64,562.9,557.3,562.79,1577.0
2025-09-29 21:00:00+00:00,562.94,563.59,560.56,561.05,1096.0
2025-09-30 01:00:00+00:00,561.02,563.22,558.94,560.28,1174.0
2025-09-30 05:00:00+00:00,560.3,561.55,556.13,556.29,1109.0
2025-09-30 09:00:00+00:00,556.2,557.5,549.31,551.36,2227.0
2025-09-30 13:00:00+00:00,551.34,554.96,549.46,552.13,2557.0
2025-09-30 17:00:00+00:00,552.12,561.5,551.56,560.79,1962.0
2025-09-30 21:00:00+00:00,561.96,561.97,556.44,560.94,1379.0
2025-10-01 01:00:00+00:00,561.02,565.52,559.8,563.18,2043.0
2025-10-01 05:00:00+00:00,563.24,582.43,559.34,582.19,1591.0
2025-10-01 09:00:00+00:00,582.16,599.89,580.77,585.98,2156.0
2025-10-01 13:00:00+00:00,585.98,587.34,582.44,583.38,1402.0
2025-10-01 17:00:00+00:00,583.52,589.37,580.22,587.42,1218.0
2025-10-01 21:00:00+00:00,588.04,598.78,586.4,592.9,749.0
2025-10-02 01:00:00+00:00,592.72,595.85,583.0,585.4,919.0
2025-10-02 05:00:00+00:00,585.38,587.19,583.78,585.41,744.0
2025-10-02 09:00:00+00:00,585.38,593.54,584.8,592.88,2011.0
2025-10-02 13:00:00+00:00,592.95,594.87,581.44,589.6,4139.0
2025-10-02 17:00:00+00:00,589.68,593.76,587.6,591.54,1953.0
2025-10-02 21:00:00+00:00,592.29,597.64,591.4,592.02,1564.0
2025-10-03 01:00:00+00:00,592.2,604.06,591.12,600.52,1279.0
2025-10-03 05:00:00+00:00,600.51,602.6,598.66,602.6,699.0
2025-10-03 09:00:00+00:00,602.6,602.6,598.02,598.56,700.0
2025-10-03 13:00:00+00:00,598.53,615.6,597.94,608.48,1465.0
2025-10-03 17:00:00+00:00,608.68,610.12,599.9,604.94,2385.0
2025-10-05 21:00:00+00:00,594.08,597.63,591.3,593.97,866.0
2025-10-06 01:00:00+00:00,593.96,602.47,593.08,596.94,986.0
2025-10-06 05:00:00+00:00,596.82,601.95,596.1,598.04,936.0
2025-10-06 09:00:00+00:00,598.06,601.54,597.23,600.32,761.0
2025-10-06 13:00:00+00:00,600.51,603.18,598.2,599.46,1406.0
2025-10-06 17:00:00+00:00,599.47,606.56,599.1,604.29,1047.0
2025-10-06 21:00:00+00:00,604.71,604.96,596.62,597.14,595.0
2025-10-07 01:00:00+00:00,597.16,598.52,594.02,597.41,564.0
2025-10-07 05:00:00+00:00,597.5,598.06,592.74,594.58,1007.0
2025-10-07 09:00:00+00:00,594.52,596.51,591.1,595.87,1087.0
2025-10-07 13:00:00+00:00,595.96,596.1,575.67,576.86,2870.0
2025-10-07 17:00:00+00:00,576.8,580.2,574.61,578.74,836.0
2025-10-07 21:00:00+00:00,579.12,582.28,575.84,580.77,1179.0
2025-10-08 01:00:00+00:00,580.5,582.3,576.41,579.05,1585.0
2025-10-08 05:00:00+00:00,578.93,580.92,573.48,578.9,1499.0
2025-10-08 09:00:00+00:00,578.95,580.8,576.26,578.86,1082.0
2025-10-08 13:00:00+00:00,578.86,583.88,576.47,581.4,2000.0
2025-10-08 17:00:00+00:00,581.57,588.16,581.36,583.96,1904.0
2025-10-08 21:00:00+00:00,583.56,584.78,581.58,582.46,845.0
2025-10-09 01:00:00+00:00,582.54,582.78,575.94,581.02,1168.0
2025-10-09 05:00:00+00:00,580.96,580.98,570.23,570.52,1302.0
2025-10-09 09:00:00+00:00,570.47,581.0,570.4,579.88,1255.0
2025-10-09 13:00:00+00:00,579.9,579.94,568.22,568.99,1557.0
2025-10-09 17:00:00+00:00,568.98,578.38,568.87,575.3,794.0
2025-10-09 21:00:00+00:00,576.78,594.02,575.08,583.16,1510.0
2025-10-10 01:00:00+00:00,583.15,601.1,583.15,590.26,1711.0
2025-10-10 05:00:00+00:00,590.34,592.56,585.22,591.52,1831.0
2025-10-10 09:00:00+00:00,591.68,597.29,588.52,594.12,3694.0
2025-10-10 13:00:00+00:00,594.22,597.2,573.42,575.03,4892.0
2025-10-10 17:00:00+00:00,575.04,575.46,541.7,544.62,3931.0
2025-10-12 21:00:00+00:00,542.18,546.12,534.31,543.66,20209.0
2025-10-13 01:00:00+00:00,543.62,548.14,537.46,540.28,19608.0
2025-10-13 05:00:00+00:00,540.34,546.34,538.46,543.92,19609.0
2025-10-13 09:00:00+00:00,543.98,546.28,532.52,539.39,20140.0
2025-10-13 13:00:00+00:00,539.36,545.74,535.92,543.0,21798.0
2025-10-13 17:00:00+00:00,543.0,549.87,542.66,547.39,19831.0
2025-10-13 21:00:00+00:00,546.78,549.55,544.72,545.82,18819.0
2025-10-14 01:00:00+00:00,545.84,545.84,531.88,534.44,19791.0
2025-10-14 05:00:00+00:00,534.47,538.01,508.84,524.16,21305.0
2025-10-14 09:00:00+00:00,524.1,527.65,508.51,516.72,21041.0
2025-10-14 13:00:00+00:00,516.78,538.47,512.8,532.32,21557.0
2025-10-14 17:00:00+00:00,532.32,538.22,528.18,535.96,20283.0
2025-10-14 21:00:00+00:00,535.79,541.09,532.82,538.46,19033.0
2025-10-15 01:00:00+00:00,538.41,541.26,532.38,535.13,21337.0
2025-10-15 05:00:00+00:00,535.04,546.1,533.16,542.66,20307.0
2025-10-15 09:00:00+00:00,542.72,542.78,528.1,531.28,20353.0
2025-10-15 13:00:00+00:00,531.3,534.36,521.32,524.2,21199.0
2025-10-15 17:00:00+00:00,524.2,528.04,517.72,522.37,20672.0
2025-10-15 21:00:00+00:00,521.24,524.98,519.3,521.93,19647.0
2025-10-16 01:00:00+00:00,521.78,527.42,521.02,521.74,20761.0
2025-10-16 05:00:00+00:00,521.79,525.63,518.97,520.04,19851.0
2025-10-16 09:00:00+00:00,520.02,529.81,512.32,524.96,20570.0
2025-10-16 13:00:00+00:00,524.85,525.56,508.91,517.05,21634.0
2025-10-16 17:00:00+00:00,516.98,517.31,502.94,504.85,21864.0
2025-10-16 21:00:00+00:00,505.12,507.32,501.46,506.02,19709.0
2025-10-17 01:00:00+00:00,506.07,510.57,504.82,505.92,20049.0
2025-10-17 05:00:00+00:00,505.91,506.14,443.73,454.96,21684.0
2025-10-17 09:00:00+00:00,454.9,472.16,454.06,459.11,22022.0
2025-10-17 13:00:00+00:00,459.08,474.4,455.97,466.03,22184.0
2025-10-17 17:00:00+00:00,466.06,472.34,462.19,471.88,21264.0
2025-10-19 21:00:00+00:00,474.55,476.42,467.3,471.38,17462.0
2025-10-20 01:00:00+00:00,471.37,479.55,467.96,478.84,20261.0
2025-10-20 05:00:00+00:00,478.93,485.3,477.22,480.92,20045.0
2025-10-20 09:00:00+00:00,480.82,484.12,479.7,481.63,21140.0
2025-10-20 13:00:00+00:00,481.7,486.17,475.24,479.86,21099.0
2025-10-20 17:00:00+00:00,479.87,486.5,477.64,484.08,20251.0
2025-10-20 21:00:00+00:00,484.59,484.86,477.54,479.36,17821.0
2025-10-21 01:00:00+00:00,479.3,479.58,466.24,466.7,20926.0
2025-10-21 05:00:00+00:00,466.7,470.36,464.1,465.52,19716.0
2025-10-21 09:00:00+00:00,465.6,478.9,464.57,474.15,19620.0
2025-10-21 13:00:00+00:00,474.16,515.26,471.92,500.15,22035.0
2025-10-21 17:00:00+00:00,500.27,503.3,489.52,491.84,20684.0
2025-10-21 21:00:00+00:00,492.46,493.54,477.43,478.06,19346.0
2025-10-22 01:00:00+00:00,478.07,484.81,478.07,483.2,20198.0
2025-10-22 05:00:00+00:00,483.26,483.32,475.43,476.54,19507.0
2025-10-22 09:00:00+00:00,476.47,477.24,468.16,472.98,20580.0
2025-10-22 13:00:00+00:00,472.99,477.66,468.74,473.06,21731.0
2025-10-22 17:00:00+00:00,473.04,475.68,468.9,469.57,20644.0
2025-10-22 21:00:00+00:00,468.22,475.35,463.56,474.34,19862.0
2025-10-23 01:00:00+00:00,474.32,489.45,474.23,482.32,20366.0
2025-10-23 05:00:00+00:00,482.25,491.74,480.5,489.05,20847.0
2025-10-23 09:00:00+00:00,489.14,489.52,481.75,486.0,20577.0
2025-10-23 13:00:00+00:00,486.03,488.35,482.37,486.72,21023.0
2025-10-23 17:00:00+00:00,486.76,487.82,478.43,478.77,18344.0
2025-10-23 21:00:00+00:00,480.55,482.65,478.46,481.78,17899.0
2025-10-24 01:00:00+00:00,481.72,488.17,479.68,487.25,19430.0
2025-10-24 05:00:00+00:00,487.32,495.13,486.16,493.16,19044.0
2025-10-24 09:00:00+00:00,493.12,507.58,489.78,505.79,18551.0
2025-10-24 13:00:00+00:00,505.78,507.26,495.35,503.72,20785.0
2025-10-24 17:00:00+00:00,503.69,505.8,498.34,502.32,17976.0
2025-10-26 21:00:00+00:00,502.32,565.2,502.32,558.27,19200.0
2025-10-27 01:00:00+00:00,558.22,563.85,555.4,558.94,19764.0
2025-10-27 05:00:00+00:00,559.07,564.29,555.52,560.98,19849.0
2025-10-27 09:00:00+00:00,561.01,566.16,555.98,562.12,19970.0
2025-10-27 13:00:00+00:00,562.07,572.18,558.12,561.32,21011.0
2025-10-27 17:00:00+00:00,561.3,561.97,554.76,556.34,19741.0
2025-10-27 21:00:00+00:00,558.14,558.71,553.12,555.66,17927.0
2025-10-28 01:00:00+00:00,555.6,562.78,553.16,562.2,20348.0
2025-10-28 05:00:00+00:00,562.18,563.62,550.32,555.55,19570.0
2025-10-28 09:00:00+00:00,555.6,560.75,553.8,559.9,9437.0
2025-10-28 13:00:00+00:00,559.94,570.9,559.4,563.4,12477.0
2025-10-28 17:00:00+00:00,563.35,565.3,553.0,555.45,13119.0
2025-10-28 21:00:00+00:00,553.76,564.85,550.3,562.95,13317.0
2025-10-29 01:00:00+00:00,563.0,564.8,560.6,563.55,11696.0
2025-10-29 05:00:00+00:00,563.6,566.6,556.1,557.1,11644.0
2025-10-29 09:00:00+00:00,557.05,558.15,548.75,555.5,14032.0
2025-10-29 13:00:00+00:00,555.45,561.85,551.95,560.35,15106.0
2025-10-29 17:00:00+00:00,560.3,562.45,548.2,559.4,13881.0
2025-10-29 21:00:00+00:00,560.2,562.2,554.7,562.05,12845.0
2025-10-30 01:00:00+00:00,562.0,562.98,548.45,559.5,13965.0
2025-10-30 05:00:00+00:00,559.55,575.65,558.65,569.86,13976.0
2025-10-30 09:00:00+00:00,569.9,570.75,540.86,545.55,13339.0
2025-10-30 13:00:00+00:00,545.5,547.5,531.4,535.35,14244.0
2025-10-30 17:00:00+00:00,535.3,538.0,527.15,536.85,13768.0
2025-10-30 21:00:00+00:00,535.36,549.7,533.55,548.2,12987.0
2025-10-31 01:00:00+00:00,548.3,567.41,545.75,553.55,14556.0
2025-10-31 05:00:00+00:00,553.65,558.5,545.65,553.8,14210.0
2025-10-31 09:00:00+00:00,553.7,557.6,550.84,554.65,13746.0
2025-10-31 13:00:00+00:00,554.6,558.4,546.3,546.7,13939.0
2025-10-31 17:00:00+00:00,546.7,549.32,539.64,543.2,12919.0
2025-11-02 22:00:00+00:00,533.24,537.6,531.18,532.65,13534.0
2025-11-03 02:00:00+00:00,532.6,534.55,524.38,528.95,14661.0
2025-11-03 06:00:00+00:00,528.8,530.34,519.28,520.45,14298.0
2025-11-03 10:00:00+00:00,520.4,527.6,517.7,520.55,13697.0
2025-11-03 14:00:00+00:00,520.65,524.55,493.09,521.6,14401.0
2025-11-03 18:00:00+00:00,521.7,521.7,502.45,508.35,13935.0
2025-11-03 22:00:00+00:00,505.63,511.8,500.4,508.75,13054.0
2025-11-04 02:00:00+00:00,508.85,512.4,490.8,491.1,13990.0
2025-11-04 06:00:00+00:00,490.95,504.4,488.75,494.25,14348.0
2025-11-04 10:00:00+00:00,494.4,502.5,493.5,494.75,14145.0
2025-11-04 14:00:00+00:00,494.85,507.45,478.2,486.9,14899.0
2025-11-04 18:00:00+00:00,486.85,486.85,460.8,473.5,15036.0
2025-11-04 22:00:00+00:00,476.42,486.53,460.45,473.65,14180.0
2025-11-05 02:00:00+00:00,473.75,489.8,473.75,486.5,14218.0
2025-11-05 06:00:00+00:00,486.45,487.95,477.85,484.15,13656.0
2025-11-05 10:00:00+00:00,484.05,491.03,479.2,489.15,13815.0
2025-11-05 14:00:00+00:00,489.1,494.5,484.5,491.9,14131.0
2025-11-05 18:00:00+00:00,491.86,493.65,486.35,488.4,13257.0
2025-11-05 22:00:00+00:00,489.24,491.75,482.3,486.85,12882.0
2025-11-06 02:00:00+00:00,486.95,489.75,479.3,480.15,13608.0
2025-11-06 06:00:00+00:00,480.2,482.35,477.1,479.5,14055.0
2025-11-06 10:00:00+00:00,479.54,483.35,476.25,481.05,5596.0
2025-11-06 14:00:00+00:00,481.1,482.25,464.1,471.95,8223.0
2025-11-06 18:00:00+00:00,472.0,474.15,467.35,472.05,6011.0
2025-11-06 22:00:00+00:00,473.26,479.25,468.3,479.25,6033.0
2025-11-07 02:00:00+00:00,479.2,488.2,473.76,488.2,8134.0
2025-11-07 06:00:00+00:00,488.25,489.3,481.45,485.25,8321.0
2025-11-07 10:00:00+00:00,485.2,487.75,471.85,477.15,8601.0
2025-11-07 14:00:00+00:00,477.1,508.39,470.25,506.75,11494.0
2025-11-07 18:00:00+00:00,506.8,522.3,505.3,518.3,7677.0
2025-11-09 22:00:00+00:00,502.52,510.15,500.7,504.45,5128.0
2025-11-10 02:00:00+00:00,504.4,508.14,502.05,503.7,4372.0
2025-11-10 06:00:00+00:00,503.75,519.45,501.5,515.65,4993.0
2025-11-10 10:00:00+00:00,515.7,524.3,515.7,522.8,4609.0
2025-11-10 14:00:00+00:00,522.85,522.85,506.77,512.15,6690.0
2025-11-10 18:00:00+00:00,512.2,513.1,501.55,504.05,4102.0
2025-11-10 22:00:00+00:00,505.48,531.8,502.5,519.45,6346.0
2025-11-11 02:00:00+00:00,519.5,527.95,516.55,521.15,5844.0
2025-11-11 06:00:00+00:00,521.1,525.95,511.0,512.25,6172.0
2025-11-11 10:00:00+00:00,512.3,520.44,511.7,511.95,3924.0
2025-11-11 14:00:00+00:00,511.9,518.25,509.15,510.1,6042.0
2025-11-11 18:00:00+00:00,510.05,512.15,504.85,505.8,5448.0
2025-11-11 22:00:00+00:00,504.54,510.6,504.1,507.85,4885.0
2025-11-12 02:00:00+00:00,507.8,511.9,503.85,510.05,3893.0
2025-11-12 06:00:00+00:00,510.0,526.55,507.25,519.35,3716.0
2025-11-12 10:00:00+00:00,519.4,532.35,517.35,529.35,3851.0
2025-11-12 14:00:00+00:00,529.3,531.4,503.75,507.9,9250.0
2025-11-12 18:00:00+00:00,507.95,510.15,498.34,508.35,5226.0
2025-11-12 22:00:00+00:00,506.94,520.3,503.72,515.25,4081.0
2025-11-13 02:00:00+00:00,515.2,528.55,512.05,528.16,5097.0
2025-11-13 06:00:00+00:00,528.2,529.55,523.95,524.35,3964.0
2025-11-13 10:00:00+00:00,524.4,531.1,520.3,521.8,4790.0
2025-11-13 14:00:00+00:00,521.85,528.4,510.7,513.25,8512.0
2025-11-13 18:00:00+00:00,513.2,514.78,493.85,495.35,8041.0
2025-11-13 22:00:00+00:00,496.09,517.3,495.65,510.35,5761.0
2025-11-14 02:00:00+00:00,510.3,515.65,497.06,502.25,6638.0
2025-11-14 06:00:00+00:00,502.2,504.1,486.55,487.35,7068.0
2025-11-14 10:00:00+00:00,487.3,493.85,476.55,481.25,7480.0
2025-11-14 14:00:00+00:00,481.3,501.6,478.95,492.25,9931.0
2025-11-14 18:00:00+00:00,492.2,497.5,480.7,485.15,6836.0
2025-11-16 22:00:00+00:00,475.52,489.76,474.5,485.85,6911.0
2025-11-17 02:00:00+00:00,485.9,491.75,484.85,487.65,3740.0
2025-11-17 06:00:00+00:00,487.7,497.2,486.3,492.95,3613.0
2025-11-17 10:00:00+00:00,492.9,502.15,492.8,496.75,5176.0
2025-11-17 14:00:00+00:00,496.8,514.78,494.4,504.45,11571.0
2025-11-17 18:00:00+00:00,504.5,509.24,484.8,490.45,9715.0
2025-11-17 22:00:00+00:00,489.82,494.4,480.2,486.75,6779.0
2025-11-18 02:00:00+00:00,486.7,491.35,479.1,487.05,9527.0
2025-11-18 06:00:00+00:00,487.1,490.75,475.35,490.05,6974.0
2025-11-18 10:00:00+00:00,490.1,490.65,482.05,486.45,4734.0
2025-11-18 14:00:00+00:00,486.4,524.3,484.65,519.45,10904.0
2025-11-18 18:00:00+00:00,519.5,534.2,519.15,522.8,6963.0
2025-11-18 22:00:00+00:00,524.3,537.0,505.45,507.7,7990.0
2025-11-19 02:00:00+00:00,507.75,510.55,489.45,494.35,6487.0
2025-11-19 06:00:00+00:00,494.3,502.65,493.9,495.25,5260.0
2025-11-19 10:00:00+00:00,495.2,497.85,489.85,490.25,3813.0
2025-11-19 14:00:00+00:00,490.3,493.34,477.45,478.75,9551.0
2025-11-19 18:00:00+00:00,478.7,489.06,470.35,486.95,7859.0
2025-11-19 22:00:00+00:00,484.48,492.95,482.44,490.95,4057.0
2025-11-20 02:00:00+00:00,490.9,512.24,484.75,504.75,5347.0
2025-11-20 06:00:00+00:00,504.8,505.45,494.65,498.35,5108.0
2025-11-20 10:00:00+00:00,498.29,506.1,497.2,499.15,5051.0
2025-11-20 14:00:00+00:00,499.2,502.3,474.25,482.15,10739.0
2025-11-20 18:00:00+00:00,482.1,484.35,473.55,480.75,8035.0
2025-11-20 22:00:00+00:00,481.19,486.35,479.55,485.15,5376.0
2025-11-21 02:00:00+00:00,485.1,485.55,475.85,480.75,7810.0
2025-11-21 06:00:00+00:00,480.7,481.45,454.29,464.0,9752.0
2025-11-21 10:00:00+00:00,463.95,469.4,446.32,468.4,10995.0
2025-11-21 14:00:00+00:00,468.45,514.55,466.8,508.8,13514.0
2025-11-21 18:00:00+00:00,508.75,547.92,498.74,538.65,11651.0
2025-11-23 22:00:00+00:00,553.07,553.65,536.56,551.75,8472.0
2025-11-24 02:00:00+00:00,551.9,563.15,543.7,548.0,8371.0
2025-11-24 06:00:00+00:00,547.95,551.94,542.15,542.8,6308.0
2025-11-24 10:00:00+00:00,542.85,548.75,538.1,545.95,5466.0
2025-11-24 14:00:00+00:00,545.9,558.0,543.4,557.3,8085.0
2025-11-24 18:00:00+00:00,557.35,560.55,550.6,551.0,5613.0
2025-11-24 22:00:00+00:00,551.06,555.3,541.7,544.3,4870.0
2025-11-25 02:00:00+00:00,544.35,545.34,533.1,534.8,5020.0
2025-11-25 06:00:00+00:00,534.75,537.24,518.55,520.4,5703.0
2025-11-25 10:00:00+00:00,520.35,524.4,516.5,521.55,5142.0
2025-11-25 14:00:00+00:00,521.5,527.4,518.45,520.95,6112.0
2025-11-25 18:00:00+00:00,520.9,524.1,517.04,521.2,4845.0
2025-11-25 22:00:00+00:00,519.64,532.65,518.8,529.4,4072.0
2025-11-26 02:00:00+00:00,529.45,532.55,526.34,530.7,3830.0
2025-11-26 06:00:00+00:00,530.65,537.85,530.4,535.05,4770.0
2025-11-26 10:00:00+00:00,535.0,538.65,529.5,538.2,5948.0
2025-11-26 14:00:00+00:00,538.15,546.8,527.55,545.8,9444.0
2025-11-26 18:00:00+00:00,545.85,548.75,541.6,543.8,5840.0
2025-11-26 22:00:00+00:00,544.32,547.6,542.7,545.0,4097.0
2025-11-27 02:00:00+00:00,544.95,546.1,537.55,543.8,4502.0
2025-11-27 06:00:00+00:00,543.85,550.5,542.7,542.9,4123.0
2025-11-27 10:00:00+00:00,542.85,544.15,535.36,536.2,3502.0
2025-11-27 14:00:00+00:00,536.25,537.45,532.45,532.8,3924.0
2025-11-27 18:00:00+00:00,532.75,536.55,531.5,535.45,3137.0
2025-11-27 22:00:00+00:00,536.0,538.0,531.65,535.55,3258.0
2025-11-28 02:00:00+00:00,535.6,544.4,530.65,533.6,3671.0
2025-11-28 06:00:00+00:00,533.65,542.1,532.7,538.2,3064.0
2025-11-28 10:00:00+00:00,538.15,539.8,532.25,536.5,3322.0
2025-11-28 14:00:00+00:00,536.45,543.27,535.9,540.05,5491.0
2025-11-28 18:00:00+00:00,540.4,554.6,539.08,547.6,4423.0
2025-11-30 22:00:00+00:00,550.53,552.83,530.54,531.4,7963.0
2025-12-01 02:00:00+00:00,531.45,532.65,515.95,518.9,7735.0
2025-12-01 06:00:00+00:00,518.95,525.05,518.25,522.2,4292.0
2025-12-01 10:00:00+00:00,522.15,527.2,518.8,524.55,4704.0
2025-12-01 14:00:00+00:00,524.6,528.2,510.15,513.05,7776.0
2025-12-01 18:00:00+00:00,513.1,523.5,508.85,521.0,5340.0
2025-12-01 22:00:00+00:00,521.53,534.37,519.25,531.75,4638.0
2025-12-02 02:00:00+00:00,531.8,534.5,521.85,522.75,4728.0
2025-12-02 06:00:00+00:00,522.7,527.25,520.4,524.85,3078.0
2025-12-02 10:00:00+00:00,524.9,532.3,524.9,530.3,3873.0
2025-12-02 14:00:00+00:00,530.35,548.45,526.43,547.1,8067.0
2025-12-02 18:00:00+00:00,547.15,558.3,547.15,551.65,4546.0
2025-12-02 22:00:00+00:00,551.56,554.75,543.7,551.25,3724.0
2025-12-03 02:00:00+00:00,551.2,598.2,551.1,587.8,8728.0
2025-12-03 06:00:00+00:00,587.85,590.75,573.6,579.3,6398.0
2025-12-03 10:00:00+00:00,579.35,593.26,577.75,587.1,5661.0
2025-12-03 14:00:00+00:00,587.0,600.75,575.72,596.05,9276.0
2025-12-03 18:00:00+00:00,596.0,607.09,594.9,604.2,5669.0
2025-12-03 22:00:00+00:00,604.3,604.45,587.5,589.4,5877.0
2025-12-04 02:00:00+00:00,589.5,598.4,588.8,592.3,4845.0
2025-12-04 06:00:00+00:00,592.35,594.3,581.9,582.15,4652.0
2025-12-04 10:00:00+00:00,582.2,583.05,574.5,578.8,4919.0
2025-12-04 14:00:00+00:00,578.85,586.95,571.8,575.6,6424.0
2025-12-04 18:00:00+00:00,575.65,577.2,566.6,576.1,4600.0
2025-12-04 22:00:00+00:00,577.17,584.24,573.5,578.5,3156.0
2025-12-05 02:00:00+00:00,578.55,580.5,570.0,573.0,3651.0
2025-12-05 06:00:00+00:00,573.05,578.25,566.6,567.5,3359.0
2025-12-05 10:00:00+00:00,567.45,582.95,565.65,574.0,5316.0
2025-12-05 14:00:00+00:00,573.9,583.0,560.35,566.6,10708.0
2025-12-05 18:00:00+00:00,566.5,573.1,560.6,562.7,6135.0
2025-12-07 22:00:00+00:00,586.68,604.65,581.46,599.9,7541.0
2025-12-08 02:00:00+00:00,599.95,605.0,597.4,602.2,4754.0
2025-12-08 06:00:00+00:00,602.25,605.0,595.05,595.5,4513.0
2025-12-08 10:00:00+00:00,595.6,598.95,589.75,594.6,4207.0
2025-12-08 14:00:00+00:00,594.7,595.25,579.3,582.45,7948.0
2025-12-08 18:00:00+00:00,582.5,584.96,576.2,581.8,5506.0
2025-12-08 22:00:00+00:00,581.54,583.66,574.74,575.45,3801.0
2025-12-09 02:00:00+00:00,575.5,579.5,570.19,571.3,4551.0
2025-12-09 06:00:00+00:00,571.25,575.7,570.55,572.3,4496.0
2025-12-09 10:00:00+00:00,572.35,588.25,571.1,582.0,4376.0
2025-12-09 14:00:00+00:00,581.95,591.24,579.55,581.8,8288.0
2025-12-09 18:00:00+00:00,581.75,584.6,574.46,578.2,4012.0
2025-12-09 22:00:00+00:00,577.64,588.75,575.04,577.45,4876.0
2025-12-10 02:00:00+00:00,577.4,578.9,558.95,566.55,3876.0
2025-12-10 06:00:00+00:00,566.5,569.85,562.1,569.7,4760.0
2025-12-10 10:00:00+00:00,569.8,572.9,566.7,570.2,4549.0
2025-12-10 14:00:00+00:00,570.25,571.9,562.37,571.0,6604.0
2025-12-10 18:00:00+00:00,570.95,583.2,568.86,575.29,9275.0
2025-12-10 22:00:00+00:00,577.63,578.9,553.0,557.0,5891.0
2025-12-11 02:00:00+00:00,557.05,563.7,552.0,563.3,5802.0
2025-12-11 06:00:00+00:00,563.25,563.6,558.2,560.2,2983.0
2025-12-11 10:00:00+00:00,560.3,565.94,558.2,564.05,4023.0
2025-12-11 14:00:00+00:00,564.0,564.85,557.5,558.2,5514.0
2025-12-11 18:00:00+00:00,558.3,574.4,558.2,571.75,5306.0
2025-12-11 22:00:00+00:00,573.38,579.3,568.2,574.45,5214.0
2025-12-12 02:00:00+00:00,574.35,584.7,572.36,579.95,4999.0
2025-12-12 06:00:00+00:00,579.9,587.82,573.68,578.5,3935.0
2025-12-12 10:00:00+00:00,578.45,585.8,578.2,583.05,3545.0
2025-12-12 14:00:00+00:00,583.0,585.45,573.55,575.95,8145.0
2025-12-12 18:00:00+00:00,576.0,582.4,575.4,578.8,3994.0
2025-12-14 22:00:00+00:00,558.46,569.4,554.69,567.3,5971.0
2025-12-15 02:00:00+00:00,567.35,572.83,564.7,565.95,3930.0
2025-12-15 06:00:00+00:00,565.85,569.2,564.85,568.1,3105.0
2025-12-15 10:00:00+00:00,568.15,570.06,561.05,561.34,3749.0
2025-12-15 14:00:00+00:00,561.33,564.85,524.75,525.85,11642.0
2025-12-15 18:00:00+00:00,525.75,532.95,518.73,532.55,7987.0
2025-12-15 22:00:00+00:00,531.68,539.8,529.05,536.6,4992.0
2025-12-16 02:00:00+00:00,536.65,537.0,527.88,531.5,5823.0
2025-12-16 06:00:00+00:00,531.65,536.85,528.24,531.65,3656.0
2025-12-16 10:00:00+00:00,531.7,547.7,530.95,538.8,7539.0
2025-12-16 14:00:00+00:00,538.85,556.88,537.14,545.9,9196.0
2025-12-16 18:00:00+00:00,546.05,552.65,545.8,548.8,4979.0
2025-12-16 22:00:00+00:00,548.88,549.45,544.8,546.4,3873.0
2025-12-17 02:00:00+00:00,546.45,550.05,543.14,546.1,4926.0
2025-12-17 06:00:00+00:00,546.05,549.75,541.71,545.8,4983.0
2025-12-17 10:00:00+00:00,545.85,553.67,544.75,553.48,5295.0
2025-12-17 14:00:00+00:00,553.58,568.3,543.65,549.66,12809.0
2025-12-17 18:00:00+00:00,549.68,553.05,541.42,545.65,7797.0
2025-12-17 22:00:00+00:00,544.96,551.88,543.55,546.0,3967.0
2025-12-18 02:00:00+00:00,546.05,554.4,538.52,538.65,5046.0
2025-12-18 06:00:00+00:00,538.6,542.2,528.01,539.64,7420.0
2025-12-18 10:00:00+00:00,539.7,570.81,534.35,570.68,6666.0
2025-12-18 14:00:00+00:00,570.18,578.85,556.8,563.1,12056.0
2025-12-18 18:00:00+00:00,563.05,575.78,556.45,570.28,11379.0
2025-12-18 22:00:00+00:00,573.14,573.32,561.46,564.05,6417.0
2025-12-19 02:00:00+00:00,564.0,595.2,556.94,586.05,10411.0
2025-12-19 06:00:00+00:00,586.15,592.16,584.4,591.35,8197.0
2025-12-19 10:00:00+00:00,591.3,599.5,584.25,586.3,8852.0
2025-12-19 14:00:00+00:00,586.35,612.25,584.0,606.96,11481.0
2025-12-19 18:00:00+00:00,606.86,628.2,606.86,622.75,9685.0
2025-12-21 22:00:00+00:00,585.3,598.5,585.2,587.45,5837.0
2025-12-22 02:00:00+00:00,587.4,587.9,574.3,582.44,4943.0
2025-12-22 06:00:00+00:00,580.7,580.96,576.5,580.25,4151.0
2025-12-22 10:00:00+00:00,580.3,595.4,578.5,589.65,6736.0
2025-12-22 14:00:00+00:00,589.7,596.5,587.1,593.4,8805.0
2025-12-22 18:00:00+00:00,593.3,593.5,584.17,589.4,6789.0
2025-12-22 22:00:00+00:00,588.92,591.74,587.65,590.45,3605.0
2025-12-23 02:00:00+00:00,590.5,593.4,578.21,579.8,4807.0
2025-12-23 06:00:00+00:00,579.75,587.5,577.7,584.4,3650.0
2025-12-23 10:00:00+00:00,584.3,584.3,576.6,576.6,3892.0
2025-12-23 14:00:00+00:00,576.55,580.95,570.65,570.8,6928.0
2025-12-23 18:00:00+00:00,570.75,578.4,570.75,576.9,4259.0
2025-12-23 22:00:00+00:00,576.15,577.4,571.0,576.35,3852.0
2025-12-24 02:00:00+00:00,576.4,577.0,568.2,572.9,4463.0
2025-12-24 06:00:00+00:00,572.85,575.1,568.85,570.9,4088.0
2025-12-24 10:00:00+00:00,570.95,579.66,570.7,575.3,3357.0
2025-12-24 14:00:00+00:00,575.35,576.7,564.2,565.25,7610.0
2025-12-24 18:00:00+00:00,565.2,567.45,562.95,565.0,3787.0
2025-12-25 22:00:00+00:00,593.18,596.25,586.26,592.0,6691.0
2025-12-26 02:00:00+00:00,591.95,613.19,590.65,606.15,7895.0
2025-12-26 06:00:00+00:00,606.1,609.95,597.48,604.67,5655.0
2025-12-26 10:00:00+00:00,604.62,607.55,603.2,605.65,3683.0
2025-12-26 14:00:00+00:00,605.7,607.35,595.6,597.15,8854.0
2025-12-26 18:00:00+00:00,597.2,601.05,594.18,594.3,3477.0
2025-12-28 22:00:00+00:00,619.44,624.1,616.1,622.05,4655.0
2025-12-29 02:00:00+00:00,621.95,626.4,610.88,617.9,6071.0
2025-12-29 06:00:00+00:00,617.85,618.95,605.1,607.0,5779.0
2025-12-29 10:00:00+00:00,606.85,606.95,598.2,601.25,8118.0
2025-12-29 14:00:00+00:00,601.2,605.88,593.55,593.83,7718.0
2025-12-29 18:00:00+00:00,593.82,597.55,592.25,595.8,4877.0
2025-12-29 22:00:00+00:00,595.29,600.7,594.5,599.0,3068.0
2025-12-30 02:00:00+00:00,598.95,607.34,596.2,602.0,4467.0
2025-12-30 06:00:00+00:00,601.95,603.5,594.6,596.2,6523.0
2025-12-30 10:00:00+00:00,596.15,605.34,595.2,604.5,5538.0
2025-12-30 14:00:00+00:00,604.35,604.45,594.8,595.15,7878.0
2025-12-30 18:00:00+00:00,595.2,597.3,591.3,592.7,4219.0
2025-12-30 22:00:00+00:00,594.36,597.4,593.36,595.65,3855.0
2025-12-31 02:00:00+00:00,595.5,599.3,594.5,599.1,3645.0
2025-12-31 06:00:00+00:00,599.05,600.95,594.06,599.15,3097.0
2025-12-31 10:00:00+00:00,599.1,602.05,594.08,595.7,3798.0
2025-12-31 14:00:00+00:00,595.65,599.5,592.29,597.05,5523.0
2025-12-31 18:00:00+00:00,597.15,601.2,594.55,600.1,3567.0
2026-01-01 22:00:00+00:00,592.62,594.0,587.45,588.8,4708.0
2026-01-02 02:00:00+00:00,588.8,592.7,585.04,592.1,5902.0
2026-01-02 06:00:00+00:00,592.0,599.35,592.0,598.8,4161.0
2026-01-02 10:00:00+00:00,598.85,600.42,592.05,593.53,3975.0
2026-01-02 14:00:00+00:00,593.48,617.56,587.5,611.95,10364.0
2026-01-02 18:00:00+00:00,612.05,615.3,604.25,606.55,5531.0
2026-01-04 22:00:00+00:00,641.11,654.7,637.92,649.95,6346.0
2026-01-05 02:00:00+00:00,650.0,657.4,646.78,654.65,7128.0
2026-01-05 06:00:00+00:00,654.6,666.0,654.4,662.3,9809.0
2026-01-05 10:00:00+00:00,662.35,668.65,648.75,651.05,8364.0
2026-01-05 14:00:00+00:00,651.15,653.4,643.13,648.3,9572.0
2026-01-05 18:00:00+00:00,648.25,654.2,645.36,646.8,7716.0
2026-01-05 22:00:00+00:00,646.4,656.21,639.4,648.85,5288.0
2026-01-06 02:00:00+00:00,648.8,650.05,644.05,647.65,4258.0
2026-01-06 06:00:00+00:00,647.7,648.35,637.7,638.65,6223.0
2026-01-06 10:00:00+00:00,638.7,641.85,625.45,633.3,6167.0
2026-01-06 14:00:00+00:00,633.25,640.75,626.2,627.5,10281.0
2026-01-06 18:00:00+00:00,627.55,640.3,626.51,634.95,5504.0
2026-01-06 22:00:00+00:00,635.78,640.0,628.65,629.65,4415.0
2026-01-07 02:00:00+00:00,629.7,636.45,629.15,631.65,3898.0
2026-01-07 06:00:00+00:00,631.6,635.9,625.49,628.45,4516.0
2026-01-07 10:00:00+00:00,628.4,633.4,627.65,631.75,4724.0
2026-01-07 14:00:00+00:00,631.82,634.4,626.35,629.05,7689.0
2026-01-07 18:00:00+00:00,629.0,629.92,622.05,629.6,5990.0
2026-01-07 22:00:00+00:00,629.02,650.78,627.3,649.55,4234.0
2026-01-08 02:00:00+00:00,649.6,652.57,635.71,639.95,7787.0
2026-01-08 06:00:00+00:00,640.05,640.8,627.66,627.85,8097.0
2026-01-08 10:00:00+00:00,627.65,629.35,619.58,622.8,8011.0
2026-01-08 14:00:00+00:00,622.75,642.25,621.2,627.85,9633.0
2026-01-08 18:00:00+00:00,627.91,634.65,625.39,630.6,4904.0
2026-01-08 22:00:00+00:00,631.02,638.05,628.7,637.05,3812.0
2026-01-09 02:00:00+00:00,637.0,641.65,634.18,635.0,6120.0
2026-01-09 06:00:00+00:00,634.95,638.75,624.78,630.0,6040.0
2026-01-09 10:00:00+00:00,629.85,633.4,628.15,630.15,3198.0
2026-01-09 14:00:00+00:00,630.1,638.32,627.0,634.59,7348.0
2026-01-09 18:00:00+00:00,634.5,635.5,627.57,632.05,4419.0
2026-01-11 22:00:00+00:00,651.21,659.94,641.2,646.25,6668.0
2026-01-12 02:00:00+00:00,646.2,650.55,640.5,642.0,6060.0
2026-01-12 06:00:00+00:00,641.94,642.8,617.06,626.1,9720.0
2026-01-12 10:00:00+00:00,626.05,627.05,621.8,624.35,3482.0
2026-01-12 14:00:00+00:00,624.3,624.3,613.1,617.25,8146.0
2026-01-12 18:00:00+00:00,617.2,621.85,616.7,620.05,3859.0
2026-01-12 22:00:00+00:00,620.48,625.45,618.3,624.05,3328.0
2026-01-13 02:00:00+00:00,624.0,625.25,608.06,608.55,8397.0
2026-01-13 06:00:00+00:00,608.6,613.3,604.95,611.4,6002.0
2026-01-13 10:00:00+00:00,611.5,613.55,608.4,610.25,3797.0
2026-01-13 14:00:00+00:00,610.2,618.4,605.15,610.3,8584.0
2026-01-13 18:00:00+00:00,610.35,615.35,610.15,614.15,4538.0
2026-01-13 22:00:00+00:00,614.27,624.25,610.49,617.65,7215.0
2026-01-14 02:00:00+00:00,617.7,619.0,612.8,614.65,5251.0
2026-01-14 06:00:00+00:00,614.6,616.1,597.14,603.02,6761.0
2026-01-14 10:00:00+00:00,602.97,605.25,595.7,600.0,7250.0
2026-01-14 14:00:00+00:00,600.05,612.4,599.5,602.95,8071.0
2026-01-14 18:00:00+00:00,602.9,607.46,601.55,602.0,5465.0
2026-01-14 22:00:00+00:00,600.69,601.3,587.08,600.1,6110.0
2026-01-15 02:00:00+00:00,600.15,623.05,597.8,614.15,7153.0
2026-01-15 06:00:00+00:00,614.2,628.69,609.04,624.35,5146.0
2026-01-15 10:00:00+00:00,624.35,628.7,610.7,612.05,7401.0
2026-01-15 14:00:00+00:00,612.1,612.95,582.66,588.0,11542.0
2026-01-15 18:00:00+00:00,587.95,589.2,574.9,585.0,8079.0
2026-01-15 22:00:00+00:00,585.6,593.95,583.6,590.7,2693.0
2026-01-16 02:00:00+00:00,590.8,601.98,589.54,599.35,5080.0
2026-01-16 06:00:00+00:00,599.3,601.9,596.75,599.8,4508.0
2026-01-16 10:00:00+00:00,599.85,601.3,598.0,599.3,3264.0
2026-01-16 14:00:00+00:00,599.35,606.69,594.78,602.8,6450.0
2026-01-16 18:00:00+00:00,602.85,604.3,597.65,599.2,3260.0
2026-01-18 22:00:00+00:00,593.5,601.4,568.99,583.9,8708.0
2026-01-19 02:00:00+00:00,583.95,591.65,583.9,589.4,3564.0
2026-01-19 06:00:00+00:00,589.35,592.14,588.6,589.2,2853.0
2026-01-19 10:00:00+00:00,589.05,590.6,588.75,589.65,1687.0
2026-01-19 14:00:00+00:00,589.7,594.4,588.7,589.45,3063.0
2026-01-19 18:00:00+00:00,589.4,590.85,588.9,589.3,1541.0
2026-01-19 22:00:00+00:00,589.26,589.5,580.15,585.65,3668.0
2026-01-20 02:00:00+00:00,585.6,585.65,577.74,579.0,3601.0
2026-01-20 06:00:00+00:00,579.06,581.0,572.1,572.53,5124.0
2026-01-20 10:00:00+00:00,572.62,579.06,568.2,569.3,3300.0
2026-01-20 14:00:00+00:00,569.25,573.22,568.06,569.1,6441.0
2026-01-20 18:00:00+00:00,569.05,570.9,567.55,569.05,3491.0
2026-01-20 22:00:00+00:00,568.8,585.88,564.52,579.5,4573.0
2026-01-21 02:00:00+00:00,579.6,596.94,579.55,595.4,4662.0
2026-01-21 06:00:00+00:00,595.45,596.02,586.5,594.4,4120.0
2026-01-21 10:00:00+00:00,594.45,597.08,581.68,584.9,4746.0
2026-01-21 14:00:00+00:00,584.85,593.04,569.8,577.4,8192.0
2026-01-21 18:00:00+00:00,577.3,592.4,576.2,591.8,6073.0
2026-01-21 22:00:00+00:00,591.3,592.95,583.7,591.75,3442.0
2026-01-22 02:00:00+00:00,591.6,596.25,589.75,590.7,3863.0
2026-01-22 06:00:00+00:00,590.8,599.4,590.7,598.2,3527.0
2026-01-22 10:00:00+00:00,598.05,599.15,592.94,593.85,3228.0
2026-01-22 14:00:00+00:00,593.8,600.8,589.56,600.5,5038.0
2026-01-22 18:00:00+00:00,600.46,603.1,596.1,596.25,3904.0
2026-01-22 22:00:00+00:00,596.1,600.75,594.7,598.8,3233.0
2026-01-23 02:00:00+00:00,598.75,599.15,594.05,595.0,2646.0
2026-01-23 06:00:00+00:00,594.95,596.38,591.36,593.55,3145.0
2026-01-23 10:00:00+00:00,593.45,598.3,591.45,596.4,2626.0
2026-01-23 14:00:00+00:00,596.3,598.89,589.78,595.5,5966.0
2026-01-23 18:00:00+00:00,595.6,597.8,585.8,589.81,4421.0
2026-01-25 22:00:00+00:00,569.06,582.22,565.36,580.4,4656.0
2026-01-26 02:00:00+00:00,580.45,580.55,573.0,578.45,3688.0
2026-01-26 06:00:00+00:00,578.51,582.54,574.7,574.9,3337.0
2026-01-26 10:00:00+00:00,574.95,578.2,574.81,577.3,2426.0
2026-01-26 14:00:00+00:00,577.35,582.45,573.25,576.4,5619.0
2026-01-26 18:00:00+00:00,576.3,582.24,574.6,578.65,3064.0
2026-01-26 22:00:00+00:00,579.04,581.0,577.0,580.1,2366.0
2026-01-27 02:00:00+00:00,580.15,597.48,579.5,589.6,4185.0
2026-01-27 06:00:00+00:00,589.5,592.1,586.7,590.8,2816.0
2026-01-27 10:00:00+00:00,590.75,593.3,586.55,586.85,2935.0
2026-01-27 14:00:00+00:00,586.9,594.0,585.3,589.1,6411.0
2026-01-27 18:00:00+00:00,589.15,599.66,588.4,597.9,3692.0
2026-01-27 22:00:00+00:00,598.26,602.85,597.2,598.5,3833.0
2026-01-28 02:00:00+00:00,598.6,598.8,590.45,593.7,3267.0
2026-01-28 06:00:00+00:00,593.6,595.4,590.9,594.8,2813.0
2026-01-28 10:00:00+00:00,594.85,598.5,592.8,596.9,3352.0
2026-01-28 14:00:00+00:00,596.8,597.3,588.8,592.9,4495.0
2026-01-28 18:00:00+00:00,592.8,593.74,588.7,590.2,4983.0
2026-01-28 22:00:00+00:00,590.12,591.6,587.0,587.27,3169.0
2026-01-29 02:00:00+00:00,587.28,588.0,577.9,578.7,5288.0
2026-01-29 06:00:00+00:00,578.65,582.8,577.95,578.0,2886.0
2026-01-29 10:00:00+00:00,578.05,579.8,573.2,575.0,2901.0
2026-01-29 14:00:00+00:00,575.05,576.0,547.58,555.4,9337.0
2026-01-29 18:00:00+00:00,555.45,557.9,549.4,556.86,5367.0
2026-01-29 22:00:00+00:00,557.66,557.9,535.54,541.45,4467.0
2026-01-30 02:00:00+00:00,541.5,549.1,532.54,546.06,6838.0
2026-01-30 06:00:00+00:00,546.1,549.8,538.3,544.75,6210.0
2026-01-30 10:00:00+00:00,544.85,552.45,542.4,550.25,5555.0
2026-01-30 14:00:00+00:00,550.3,556.0,547.4,550.45,9165.0
2026-01-30 18:00:00+00:00,550.5,558.9,543.38,553.42,8138.0
2026-02-01 22:00:00+00:00,518.38,526.15,509.0,520.95,11717.0
2026-02-02 02:00:00+00:00,520.9,520.95,496.85,504.05,12572.0
2026-02-02 06:00:00+00:00,503.95,519.6,497.38,517.2,11728.0
2026-02-02 10:00:00+00:00,517.25,534.75,516.25,532.7,5560.0
2026-02-02 14:00:00+00:00,532.65,543.79,526.6,537.55,8663.0
2026-02-02 18:00:00+00:00,537.5,538.15,533.6,536.5,4831.0
2026-02-02 22:00:00+00:00,538.51,540.85,532.3,533.25,4401.0
2026-02-03 02:00:00+00:00,533.2,535.1,525.55,525.75,4843.0
2026-02-03 06:00:00+00:00,525.7,532.1,524.34,526.95,4756.0
2026-02-03 10:00:00+00:00,527.0,529.15,524.7,527.7,4249.0
2026-02-03 14:00:00+00:00,527.6,532.6,518.45,518.53,11221.0
2026-02-03 18:00:00+00:00,518.59,541.24,509.15,530.25,10998.0
2026-02-03 22:00:00+00:00,530.03,537.1,522.45,533.25,6673.0
2026-02-04 02:00:00+00:00,533.3,535.1,527.85,529.1,4643.0
2026-02-04 06:00:00+00:00,529.15,531.4,526.3,526.4,3647.0
2026-02-04 10:00:00+00:00,526.45,529.8,521.15,521.94,5377.0
2026-02-04 14:00:00+00:00,521.9,524.98,514.1,519.05,13083.0
2026-02-04 18:00:00+00:00,519.0,538.55,516.35,529.12,9782.0
2026-02-04 22:00:00+00:00,526.54,541.1,523.4,534.0,7732.0
2026-02-05 02:00:00+00:00,534.1,538.4,518.5,520.5,9795.0
2026-02-05 06:00:00+00:00,520.55,532.14,514.45,521.55,10027.0
2026-02-05 10:00:00+00:00,521.5,526.14,499.08,501.7,12025.0
2026-02-05 14:00:00+00:00,501.8,510.98,479.95,480.1,16632.0
2026-02-05 18:00:00+00:00,480.15,483.1,460.15,461.95,17137.0
2026-02-05 22:00:00+00:00,463.13,470.3,423.45,459.25,16122.0
2026-02-06 02:00:00+00:00,459.4,473.5,443.6,470.15,13745.0
2026-02-06 06:00:00+00:00,470.2,474.5,460.3,471.0,10555.0
2026-02-06 10:00:00+00:00,471.05,490.3,468.75,485.65,9584.0
2026-02-06 14:00:00+00:00,485.7,504.1,483.25,498.45,13228.0
2026-02-06 18:00:00+00:00,498.4,506.05,496.0,503.8,8982.0
2026-02-08 22:00:00+00:00,526.95,535.45,521.55,524.45,8390.0
2026-02-09 02:00:00+00:00,524.4,531.1,523.15,527.15,6876.0
2026-02-09 06:00:00+00:00,527.1,527.2,514.1,515.85,6806.0
2026-02-09 10:00:00+00:00,515.8,519.45,510.65,513.6,6682.0
2026-02-09 14:00:00+00:00,513.65,534.8,513.6,534.09,9756.0
2026-02-09 18:00:00+00:00,534.3,537.8,528.7,533.45,6673.0
2026-02-09 22:00:00+00:00,532.46,535.85,526.65,531.7,5120.0
2026-02-10 02:00:00+00:00,531.65,532.0,519.8,523.0,5564.0
2026-02-10 06:00:00+00:00,522.95,525.25,518.0,521.95,5108.0
2026-02-10 10:00:00+00:00,522.0,531.95,520.1,522.15,7109.0
2026-02-10 14:00:00+00:00,522.2,522.35,511.4,521.25,8985.0
2026-02-10 18:00:00+00:00,521.2,523.3,513.0,521.95,5936.0
2026-02-10 22:00:00+00:00,522.42,527.65,522.15,523.35,3935.0
2026-02-11 02:00:00+00:00,523.3,527.45,516.85,518.05,5019.0
2026-02-11 06:00:00+00:00,518.15,520.05,512.8,513.3,6399.0
2026-02-11 10:00:00+00:00,513.35,520.25,507.95,518.65,6487.0
2026-02-11 14:00:00+00:00,518.7,522.48,507.45,515.35,11044.0
2026-02-11 18:00:00+00:00,515.45,524.0,513.1,520.35,6418.0
2026-02-11 22:00:00+00:00,520.7,521.45,511.95,517.9,5059.0
2026-02-12 02:00:00+00:00,518.0,518.0,504.95,509.8,5876.0
2026-02-12 06:00:00+00:00,509.74,512.35,506.8,510.35,6213.0
2026-02-12 10:00:00+00:00,510.3,517.45,509.45,517.45,6572.0
2026-02-12 14:00:00+00:00,517.4,517.7,495.05,496.3,12181.0
2026-02-12 18:00:00+00:00,496.35,505.05,493.64,500.25,7430.0
2026-02-12 22:00:00+00:00,499.92,508.4,497.05,506.94,5126.0
2026-02-13 02:00:00+00:00,507.04,513.45,506.35,509.1,6659.0
2026-02-13 06:00:00+00:00,509.05,521.65,507.35,518.9,5235.0
2026-02-13 10:00:00+00:00,518.95,531.19,517.45,528.6,7231.0
2026-02-13 14:00:00+00:00,528.65,549.65,525.47,549.55,11289.0
2026-02-13 18:00:00+00:00,549.6,564.15,548.4,562.9,6923.0
2026-02-15 22:00:00+00:00,554.11,557.9,551.5,557.5,5250.0
2026-02-16 02:00:00+00:00,557.6,569.4,555.6,559.45,6769.0
2026-02-16 06:00:00+00:00,559.4,561.5,555.15,557.8,5097.0
2026-02-16 10:00:00+00:00,557.75,570.05,554.1,559.15,6992.0
2026-02-16 14:00:00+00:00,559.05,561.8,551.3,559.9,8926.0
2026-02-16 18:00:00+00:00,559.95,581.0,559.95,574.6,7571.0
2026-02-16 22:00:00+00:00,575.46,577.5,567.9,573.7,4879.0
2026-02-17 02:00:00+00:00,573.8,576.45,559.8,561.8,6083.0
2026-02-17 06:00:00+00:00,561.85,563.2,556.7,559.6,5558.0
2026-02-17 10:00:00+00:00,559.55,566.4,556.05,562.2,6553.0
2026-02-17 14:00:00+00:00,562.3,567.7,551.08,562.0,9785.0
2026-02-17 18:00:00+00:00,561.95,570.52,560.3,567.9,6022.0
2026-02-17 22:00:00+00:00,567.64,568.2,556.74,558.1,3504.0
2026-02-18 02:00:00+00:00,558.05,569.8,557.6,564.1,4271.0
2026-02-18 06:00:00+00:00,564.2,569.3,562.9,563.5,3602.0
2026-02-18 10:00:00+00:00,563.45,563.5,555.4,556.5,4760.0
2026-02-18 14:00:00+00:00,556.45,564.65,551.15,563.1,7576.0
2026-02-18 18:00:00+00:00,563.15,563.81,550.5,552.3,7117.0
2026-02-18 22:00:00+00:00,551.93,560.7,550.74,558.6,4576.0
2026-02-19 02:00:00+00:00,558.65,559.7,554.35,556.7,4144.0
2026-02-19 06:00:00+00:00,556.65,564.7,544.68,548.0,6031.0
2026-02-19 10:00:00+00:00,547.96,550.9,538.84,539.9,5949.0
2026-02-19 14:00:00+00:00,539.8,557.89,539.7,552.5,8115.0
2026-02-19 18:00:00+00:00,552.45,563.1,552.05,560.3,5767.0
2026-02-19 22:00:00+00:00,559.84,563.45,559.0,560.1,3682.0
2026-02-20 02:00:00+00:00,560.25,563.1,554.5,561.9,3449.0
2026-02-20 06:00:00+00:00,561.95,564.17,552.85,555.8,4848.0
2026-02-20 10:00:00+00:00,555.75,556.5,542.13,543.95,5687.0
2026-02-20 14:00:00+00:00,543.9,569.49,541.1,562.85,10384.0
2026-02-20 18:00:00+00:00,563.0,565.9,558.5,558.9,5750.0
2026-02-22 22:00:00+00:00,569.87,573.2,538.85,541.1,6809.0
2026-02-23 02:00:00+00:00,541.05,544.3,538.25,539.85,6121.0
2026-02-23 06:00:00+00:00,539.8,545.3,537.88,545.25,7176.0
2026-02-23 10:00:00+00:00,545.3,546.3,535.5,535.7,6683.0
2026-02-23 14:00:00+00:00,535.75,538.5,525.65,528.5,9396.0
2026-02-23 18:00:00+00:00,528.45,529.75,487.3,500.65,7890.0
2026-02-23 22:00:00+00:00,502.42,505.1,488.35,488.85,7590.0
2026-02-24 02:00:00+00:00,488.75,492.25,482.55,483.8,7265.0
2026-02-24 06:00:00+00:00,483.75,486.15,480.05,485.0,4927.0
2026-02-24 10:00:00+00:00,484.95,485.05,473.82,480.05,6834.0
2026-02-24 14:00:00+00:00,479.95,481.45,470.84,476.45,8898.0
2026-02-24 18:00:00+00:00,476.4,494.2,474.15,485.05,7349.0
2026-02-24 22:00:00+00:00,485.64,506.25,482.45,499.7,6408.0
2026-02-25 02:00:00+00:00,499.55,501.55,494.25,495.5,5606.0
2026-02-25 06:00:00+00:00,495.45,495.65,487.57,492.35,5548.0
2026-02-25 10:00:00+00:00,492.45,514.94,485.74,507.7,7475.0
2026-02-25 14:00:00+00:00,507.8,519.6,507.0,514.65,10555.0
2026-02-25 18:00:00+00:00,514.55,519.96,509.25,511.6,7390.0
2026-02-25 22:00:00+00:00,512.8,513.1,490.75,494.75,8257.0
2026-02-26 02:00:00+00:00,494.85,503.45,491.75,502.2,8105.0
2026-02-26 06:00:00+00:00,502.25,505.75,497.44,502.5,4950.0
2026-02-26 10:00:00+00:00,502.55,502.75,496.65,497.45,3747.0
2026-02-26 14:00:00+00:00,497.5,497.65,479.5,481.36,9887.0
2026-02-26 18:00:00+00:00,481.4,484.05,479.33,479.85,5585.0
2026-02-26 22:00:00+00:00,479.86,480.9,475.4,479.95,4646.0
2026-02-27 02:00:00+00:00,480.0,490.45,478.15,485.15,4277.0
2026-02-27 06:00:00+00:00,485.1,486.05,478.85,482.15,4673.0
2026-02-27 10:00:00+00:00,482.1,482.85,461.98,466.35,6580.0
2026-02-27 14:00:00+00:00,466.3,469.95,460.92,467.75,6697.0
2026-02-27 18:00:00+00:00,467.8,468.35,459.7,460.7,3209.0
2026-03-01 22:00:00+00:00,440.46,454.25,436.3,450.05,8077.0
2026-03-02 02:00:00+00:00,450.15,453.55,446.65,451.85,5591.0
2026-03-02 06:00:00+00:00,451.9,452.2,436.4,437.7,7069.0
2026-03-02 10:00:00+00:00,437.65,444.35,436.2,440.5,5608.0
2026-03-02 14:00:00+00:00,440.45,453.65,437.2,445.95,12228.0
2026-03-02 18:00:00+00:00,446.0,449.0,440.6,446.75,7524.0
2026-03-02 22:00:00+00:00,447.73,450.85,442.95,443.8,4564.0
2026-03-03 02:00:00+00:00,443.7,445.2,439.75,441.45,6547.0
2026-03-03 06:00:00+00:00,441.4,448.05,434.75,436.3,5482.0
2026-03-03 10:00:00+00:00,436.25,441.35,432.55,434.4,5465.0
2026-03-03 14:00:00+00:00,434.3,445.3,432.25,441.35,9965.0
2026-03-03 18:00:00+00:00,441.4,444.7,438.2,441.8,5490.0
2026-03-03 22:00:00+00:00,443.56,450.0,441.3,443.35,4213.0
2026-03-04 02:00:00+00:00,443.4,444.1,439.1,441.55,4621.0
2026-03-04 06:00:00+00:00,441.5,462.5,439.55,459.95,6584.0
2026-03-04 10:00:00+00:00,460.0,461.9,453.15,459.95,5781.0
2026-03-04 14:00:00+00:00,459.9,473.25,455.15,467.35,9457.0
2026-03-04 18:00:00+00:00,467.4,476.85,465.8,470.7,4237.0
2026-03-04 22:00:00+00:00,471.26,471.26,457.2,459.75,4663.0
2026-03-05 02:00:00+00:00,459.7,464.6,458.55,460.35,3728.0
2026-03-05 06:00:00+00:00,460.45,464.1,456.8,463.8,6279.0
2026-03-05 10:00:00+00:00,463.85,467.85,458.95,461.85,5483.0
2026-03-05 14:00:00+00:00,461.9,465.05,454.75,457.1,7736.0
2026-03-05 18:00:00+00:00,457.15,461.0,455.1,459.85,3902.0
2026-03-05 22:00:00+00:00,460.48,464.25,457.95,462.55,2883.0
2026-03-06 02:00:00+00:00,462.5,463.15,456.0,458.15,3488.0
2026-03-06 06:00:00+00:00,458.1,460.35,455.7,457.05,3142.0
2026-03-06 10:00:00+00:00,457.0,458.35,445.35,445.5,4242.0
2026-03-06 14:00:00+00:00,445.45,452.2,442.25,446.5,7273.0
2026-03-06 18:00:00+00:00,446.7,453.05,446.7,450.05,3060.0
2026-03-08 21:00:00+00:00,448.18,448.4,440.65,444.65,5093.0
2026-03-09 01:00:00+00:00,444.7,454.35,443.0,449.05,4923.0
2026-03-09 05:00:00+00:00,449.1,452.65,444.6,448.35,4807.0
2026-03-09 09:00:00+00:00,448.3,452.0,446.05,450.9,3830.0
2026-03-09 13:00:00+00:00,450.95,456.7,445.65,450.2,6305.0
2026-03-09 17:00:00+00:00,450.25,453.75,448.55,450.8,4664.0
2026-03-09 21:00:00+00:00,451.12,451.45,443.8,445.9,2967.0
2026-03-10 01:00:00+00:00,445.95,454.15,445.45,448.7,3767.0
2026-03-10 05:00:00+00:00,448.75,449.6,443.1,448.75,3758.0
2026-03-10 09:00:00+00:00,448.85,451.7,445.6,449.1,3566.0
2026-03-10 13:00:00+00:00,449.15,452.85,442.7,451.25,6078.0
2026-03-10 17:00:00+00:00,451.3,452.2,444.2,446.95,4345.0
2026-03-10 21:00:00+00:00,447.3,447.75,444.05,446.7,2496.0
2026-03-11 01:00:00+00:00,446.75,451.45,446.5,451.1,2883.0
2026-03-11 05:00:00+00:00,451.15,453.35,447.3,450.5,2709.0
2026-03-11 09:00:00+00:00,450.45,452.4,446.95,450.55,3270.0
2026-03-11 13:00:00+00:00,450.5,460.95,450.35,457.2,7068.0
2026-03-11 17:00:00+00:00,457.1,459.0,455.75,457.35,3492.0
2026-03-11 21:00:00+00:00,457.6,460.55,454.75,458.35,2740.0
2026-03-12 01:00:00+00:00,458.3,458.35,451.85,453.65,2973.0
2026-03-12 05:00:00+00:00,453.6,456.25,452.75,456.25,2362.0
2026-03-12 09:00:00+00:00,456.2,460.45,454.25,458.5,2631.0
2026-03-12 13:00:00+00:00,458.6,461.2,452.45,457.1,5235.0
2026-03-12 17:00:00+00:00,457.0,457.45,453.75,454.15,3438.0
2026-03-12 21:00:00+00:00,454.5,474.65,453.5,465.05,3267.0
2026-03-13 01:00:00+00:00,465.1,472.15,461.75,467.55,4595.0
2026-03-13 05:00:00+00:00,467.5,469.7,464.3,468.4,2692.0
2026-03-13 09:00:00+00:00,468.35,471.25,466.25,469.75,3494.0
2026-03-13 13:00:00+00:00,469.8,474.15,462.15,464.65,6250.0
2026-03-13 17:00:00+00:00,464.75,465.85,461.8,463.95,3604.0
2026-03-15 21:00:00+00:00,462.21,470.55,461.65,467.8,3690.0
2026-03-16 01:00:00+00:00,467.85,475.15,465.35,470.8,4299.0
2026-03-16 05:00:00+00:00,470.75,474.2,469.15,470.35,3614.0
2026-03-16 09:00:00+00:00,470.55,477.15,470.5,475.25,4260.0
2026-03-16 13:00:00+00:00,475.3,480.15,473.95,479.15,5780.0
2026-03-16 17:00:00+00:00,479.05,482.26,477.45,481.25,3073.0
2026-03-16 21:00:00+00:00,482.24,483.75,476.95,478.55,3429.0
2026-03-17 01:00:00+00:00,478.5,481.25,471.35,473.45,4320.0
2026-03-17 05:00:00+00:00,473.35,475.85,472.45,473.05,2363.0
2026-03-17 09:00:00+00:00,473.1,476.35,472.2,473.35,2966.0
2026-03-17 13:00:00+00:00,473.3,477.94,471.12,474.55,4666.0
2026-03-17 17:00:00+00:00,474.6,477.15,473.45,474.35,1565.0
2026-03-17 21:00:00+00:00,474.48,476.35,469.85,471.85,1931.0
2026-03-18 01:00:00+00:00,471.9,472.65,469.85,470.8,2479.0
2026-03-18 05:00:00+00:00,470.85,472.8,469.18,469.35,1677.0
2026-03-18 09:00:00+00:00,469.3,469.75,456.1,456.7,4444.0
2026-03-18 13:00:00+00:00,456.65,457.3,445.5,448.45,6238.0
2026-03-18 17:00:00+00:00,448.5,455.65,447.6,455.1,3796.0
2026-03-18 21:00:00+00:00,455.85,458.3,454.75,455.25,2435.0
2026-03-19 01:00:00+00:00,455.35,460.35,453.95,457.38,3058.0
2026-03-19 05:00:00+00:00,457.54,458.65,449.85,456.35,4628.0
2026-03-19 09:00:00+00:00,456.4,460.3,452.7,453.05,4193.0
2026-03-19 13:00:00+00:00,453.0,459.35,452.05,453.35,6181.0
2026-03-19 17:00:00+00:00,453.4,458.55,451.85,457.15,3221.0
2026-03-19 21:00:00+00:00,457.02,458.9,453.54,458.2,2024.0
2026-03-20 01:00:00+00:00,458.15,465.55,457.05,464.65,3104.0
2026-03-20 05:00:00+00:00,464.6,470.75,460.55,470.05,4198.0
2026-03-20 09:00:00+00:00,470.0,470.15,458.7,467.15,3495.0
2026-03-20 13:00:00+00:00,467.2,472.1,464.1,468.05,6670.0
2026-03-20 17:00:00+00:00,468.1,469.2,464.45,467.65,4260.0
2026-03-22 21:00:00+00:00,465.01,471.0,460.95,466.05,5153.0
2026-03-23 01:00:00+00:00,466.0,472.7,465.6,467.85,4123.0
2026-03-23 05:00:00+00:00,467.8,469.15,462.8,466.15,4483.0
2026-03-23 09:00:00+00:00,466.25,485.0,464.25,482.05,6561.0
2026-03-23 13:00:00+00:00,482.1,484.25,477.15,480.0,6867.0
2026-03-23 17:00:00+00:00,480.05,480.55,475.45,478.35,2971.0
2026-03-23 21:00:00+00:00,478.63,480.05,474.43,474.85,2806.0
2026-03-24 01:00:00+00:00,474.8,476.2,471.1,473.8,4041.0
2026-03-24 05:00:00+00:00,473.85,477.95,472.15,477.05,3293.0
2026-03-24 09:00:00+00:00,477.0,479.9,468.85,473.05,3678.0
2026-03-24 13:00:00+00:00,473.1,475.35,469.65,475.15,4562.0
2026-03-24 17:00:00+00:00,475.2,476.4,470.95,476.25,2632.0
2026-03-24 21:00:00+00:00,476.06,478.35,475.46,477.95,2071.0
2026-03-25 01:00:00+00:00,477.9,479.7,476.35,478.55,2265.0
2026-03-25 05:00:00+00:00,478.45,480.18,474.85,478.55,2820.0
2026-03-25 09:00:00+00:00,478.6,479.5,476.35,477.65,2714.0
2026-03-25 13:00:00+00:00,477.7,479.16,473.25,477.55,4166.0
2026-03-25 17:00:00+00:00,477.65,477.65,472.89,472.95,2665.0
2026-03-25 21:00:00+00:00,472.84,474.65,471.4,473.15,2726.0
2026-03-26 01:00:00+00:00,473.2,473.35,469.55,469.92,2285.0
2026-03-26 05:00:00+00:00,469.9,472.65,464.75,467.45,3222.0
2026-03-26 09:00:00+00:00,467.5,468.15,461.05,462.05,3906.0
2026-03-26 13:00:00+00:00,461.95,465.1,460.45,461.8,4215.0
2026-03-26 17:00:00+00:00,461.75,464.0,458.45,462.25,3001.0
2026-03-26 21:00:00+00:00,462.21,463.65,459.36,463.1,2036.0
2026-03-27 01:00:00+00:00,463.15,465.65,461.65,463.8,2028.0
2026-03-27 05:00:00+00:00,463.85,473.14,457.9,465.15,5072.0
2026-03-27 09:00:00+00:00,465.2,468.15,459.6,463.05,4667.0
2026-03-27 13:00:00+00:00,463.1,469.4,460.2,468.95,5176.0
2026-03-27 17:00:00+00:00,468.9,471.4,463.6,468.9,3996.0
2026-03-29 21:00:00+00:00,452.92,455.45,446.74,454.81,5126.0
2026-03-30 01:00:00+00:00,454.82,459.3,453.45,455.75,3678.0
2026-03-30 05:00:00+00:00,455.7,456.55,451.65,453.45,3059.0
2026-03-30 09:00:00+00:00,453.5,458.95,452.25,458.65,2524.0
2026-03-30 13:00:00+00:00,458.85,466.9,455.53,466.8,5077.0
2026-03-30 17:00:00+00:00,466.75,467.05,456.7,458.75,3457.0
2026-03-30 21:00:00+00:00,458.64,464.35,457.9,463.75,2378.0
2026-03-31 01:00:00+00:00,463.85,467.95,462.75,466.05,2615.0
2026-03-31 05:00:00+00:00,466.0,471.5,464.65,467.7,3251.0
2026-03-31 09:00:00+00:00,467.8,468.94,464.05,467.5,4033.0
2026-03-31 13:00:00+00:00,467.55,474.96,466.2,473.25,6732.0
2026-03-31 17:00:00+00:00,473.3,477.36,469.1,469.75,4094.0
2026-03-31 21:00:00+00:00,467.4,469.35,462.95,465.2,3610.0
